LD1,LD2,LD3
-5.867233939710824,1.6165681678282997,0.7853872295166905
2.7622765068099726,-1.9192882075737212,1.5138081626998179
3.3724685236986107,-1.9937073539648336,3.0389761712559284
2.420385831396772,-0.8143427955541211,2.2595268313879973
7.110000019652963,1.9065199219079834,-1.9238820641598027
-5.715531795260413,1.6522566755247494,0.8770493885123526
-1.4592003487229281,-1.9895736921337117,-2.995747877004297
0.3514074145944279,-4.01155207225489,-1.9464276025027372
-1.7675639420494744,-2.2179879611349453,-2.6959208372192696
-5.57144684364155,0.9795040696515924,1.2969529841336636
-5.642774171172946,1.6895328773633391,0.9447042077952299
-1.4363081095506505,-1.9746547469522686,-3.0800581996149288
4.276674225998621,2.9054586886332894,-1.697469869161476
-1.2828718968230086,-3.317562270101203,-2.8876670137336045
1.9846766577926507,-0.04154292008741446,0.8897706702237763
4.7749776847901515,3.25386540404376,-1.7415116359215066
-5.264529622548271,0.9967747448198496,1.417356286365009
-5.325619507907624,0.9691160097420735,1.3647686407219384
-5.3827072327498255,0.9708144156075926,1.3481758505458101
3.8205199162025916,3.202798854528887,-1.4474567466863046
-5.987215491225748,1.8276982125247905,0.9942065594599472
3.0168499092847263,-1.4003309556301455,2.59943686203438
-5.51055531919845,0.8545050732503987,1.1600132643329533
-2.3121748869517957,-0.7345106907799295,-0.15800446045474745
3.0193172201375784,-1.4194428640429968,2.6057031268559565
1.7979274301220831,0.008541117788906745,0.9035314324627571
-1.7493361997672934,-1.8974494665541575,-3.0747959401089937
-5.630195154078803,1.6822758219968907,0.9402978344592479
4.8210030642255,2.729044438543988,-1.4081183281948213
4.195314982944711,3.683410066086803,-1.5330830534285602
-3.9090103195510766,-1.382025337634102,0.07434006819333197
-6.182491823841521,1.253422212481472,1.4215716100017748
4.518541675066526,2.764424724725218,-1.2698854054662654
3.5207352448595253,0.4675090639477091,-0.30896561283675594
4.874073226075611,2.6551172027041785,-1.3757414898982017
-1.9847215041621493,-2.137311016015358,-3.041202897070003
4.732964624827422,2.683760091371417,-1.4268555584571145
-1.2141522040809696,-1.7430020390488603,-2.7137311548797114
-5.613668435831733,1.6880780026410447,0.9525333646303678
-1.4655924524526716,-3.4056972346126515,-3.4095812143165882
2.640663230138949,-1.5260708324950512,1.6061834084665012
-3.291130565145938,-1.3690233579117366,-1.4650459246500225
2.8008559065051073,-1.4489745162688386,3.1077114668060313
-5.466382276402714,0.928015985651153,1.270339162396648
-5.290315161612747,1.0095034244958345,1.4239967893883823
2.6911448122042962,-1.8595284960790708,1.4715837615503229
5.5049555418248906,-3.3887938857344486,1.781251574287915
-5.606287136962627,1.703136093294999,0.9726498282141167
2.7127275695122317,-1.514080671104521,1.6907091881921505
3.3340470712368253,-1.3938463073793763,2.4066006370193898
-5.33826805085902,0.9735701510457062,1.3659109110967043
-5.232018797131825,0.9986479039747449,1.4301622144650363
2.8484897400607405,-1.9915293734812507,1.5653077959872597
-1.1813613410803623,-3.327647652565798,-2.8365486093075982
-5.216918680812207,0.9981348118152269,1.4344758918039517
3.0043592175393723,-1.3174239680673927,2.5728295665455256
-5.233089694026213,1.0027430318047106,1.4346524089921904
3.6063292459557688,-2.029600260357537,2.73370363203871
-1.2837721966985416,-2.328333712087256,-3.591451465024083
-5.839237274293155,1.6473596067353995,0.8307513017591771
-0.16658447876065693,-1.0663192989400252,-1.6818632918474903
4.395002175278454,2.562770480776044,-1.8607937595448596
-5.2703406631086755,1.002705957603121,1.4224719193310726
2.5845486057315714,-1.8007597401104776,1.429817632000097
2.7679064429266287,-0.6584998843937286,3.1017644231390173
2.6654488989627203,-1.5164490415238394,1.695588479795402
4.642620838488778,3.171173329769448,-1.494303578172218
5.152111236725244,2.918208776976752,-1.944931780372106
1.7969662393353294,-0.01491182859948294,0.8983710291452683
2.9432831158136405,-1.35755329287147,2.6915949104560926
-1.2317854439308202,-3.39873352430898,-3.1017953692497033
4.12180415365034,-1.5580658091152344,1.8757081076813373
4.344742151272323,2.54487316218963,-1.0061296699990079
-5.579183112826587,1.6923576872989585,0.9688654151945573
-1.2305995229384632,-3.289779556123111,-2.8760244778621096
-5.3102751910072845,0.9890539635426565,1.3933283912056365
-1.6349615555361667,-2.0540303497235235,-2.768467467771256
2.891685971304594,-1.0848965196841558,2.4810690429344278
-5.617040780845234,1.6972549392139502,0.962213493926477
3.571365559169766,-1.720255776530076,2.483039945179821
3.4823728678707657,0.7283429090431879,-0.3885596959002273
3.994967614131345,3.1701544102467865,-1.0727874046482058
4.152761685382828,2.573938577970939,-1.5958052636682396
4.139984273279058,3.2382109881042536,-1.307887819084835
4.524588003941892,2.9385510190276496,-1.2170982685490181
-1.3960115166486047,-1.990546753484653,-2.9666977419197216
-1.1688801407568807,-3.3429757811167717,-2.815597856888362
-5.616525339761199,1.6867925896812208,0.9500863506836768
-5.920016421395535,0.788784166862226,0.9580117683882916
4.052919718094883,3.2501113069473346,-1.2607467751173536
-1.4439534717682452,-1.9750993954245906,-2.959123885643844
-1.5340150378588924,-1.987877968090071,-2.7821359249491118
3.597532251323924,4.410014869850611,-2.6155982572929726
-1.3448389340941274,-3.1432662041210624,-2.7734240776623005
2.6930547755819987,-1.5167539977244437,1.7266925164522429
2.934627860513643,-1.293485187016985,2.67071646598087
2.914714155056663,-1.46990794023063,1.9239579468676649
-1.9036357474859331,-1.3963750513608986,-3.16999016555267
3.4961020350217633,-1.714127362403977,2.5364532350307294
-5.82846661015624,1.622376653620952,0.8049192968050004
4.072441614986527,3.0139193791617616,-1.3473467735696512
2.4185295001979035,-0.789592577184183,2.1319419953603567
-5.41193729402558,0.9640531612546885,1.330662726550412
3.9724712578487362,3.1309276042838414,-1.6266344454535735
3.7763607158055708,3.0569883987898274,-1.626702916257492
4.816719501348019,3.2463227713464375,-1.26114705163891
2.2537103007274375,-0.11803186994027783,0.8763033550851603
4.371656876445112,2.408259235360749,-1.4386846530095083
5.445865964336599,-2.33647691738749,1.4034475424398498
-1.4863048894444144,-3.1928446265343084,-2.8945852062104795
-5.911016465307301,1.6647760276054262,0.827696595558436
-5.74253976698244,1.658787466514525,0.8758731874574669
2.506378703813115,-1.0501105256035776,2.367467346929533
4.11055882642118,2.67721877153282,-1.2331703238719447
-1.1500712317008726,-3.378310300047605,-2.795417681736771
3.5618087683334747,-1.826751401411299,2.674145350562363
-1.0622758194882254,-3.365906984067075,-2.8024594569480183
3.7239984045510854,3.087898161375013,-1.6232352558486536
1.7981714751860307,0.011954806870596786,0.9049496089709844
-5.244709847309166,0.9964931109476929,1.4234810072667063
-1.762878460461793,-2.4047463962614746,-4.791612046816481
3.2528506288765553,-0.8521730147242613,2.4238549297815037
-5.14930998706028,0.9456172265975251,1.385371124693116
4.076183353649034,1.4752112959469499,-0.7446888064276587
-0.6598301727230866,-3.7202244212002937,-3.3646167369118802
4.07459778934791,3.299029316069607,-1.3493314492689021
-5.872105214461672,1.6183928989845038,0.7859352923477004
4.283312559040188,2.9776126602679702,-0.9681059350618979
-5.425042697051375,0.9523672655141979,1.3125836286000885
-5.570161228813437,1.6903969780878354,0.9695181535063997
4.3933857221987775,1.4990138569678133,-0.9184761955966466
-5.241719938919828,1.0030712419821501,1.4322284221398764
-3.4721391093096843,-0.03954726280852451,-1.2459144957824557
3.4339966065036887,2.640013690242642,-1.456819144743306
-1.917632171867274,-1.9033667025803571,-0.35056332684112834
-0.5790672846346971,-3.74932731200612,-3.2706685880476694
3.6701975313646336,3.4856095296578045,-0.5988930352040085
-1.4490106826152,-1.9855908022235815,-2.9950756196827695
3.714952244392355,-1.4483739060337404,2.3299030913467864
-1.5241760169239071,-2.008528022683778,-2.7258927710238763
-5.634376866318694,1.6766096027057067,0.932268108381985
2.8902062248887703,-1.4866651472860357,1.8963314555843218
2.777186277039018,-1.501742710405589,1.764269564206815
-6.729845053378614,0.5488767589303714,0.41066498046688604
-2.6136480399231314,-0.4679187673948979,0.7175877361729465
2.9393866793852736,-1.3278005619356814,2.6818971223732677
-6.2921054546807555,1.5015269315238706,0.5109367959716381
-1.2095518070110296,-3.288521959120709,-2.860371856284479
-1.4623952162801712,-1.9863808089302393,-2.9985203855083777
2.6143592452405913,1.499415324871599,-0.9852022973361432
-5.669120304024465,1.7113536094735826,0.9617154139409101
1.6635064616195814,-2.045053283853352,-1.4066546184011608
3.9276081956865334,2.811463287326608,-0.7866141478085754
-6.118814070836968,0.7328514449208994,0.8271461810357249
4.8906275123293925,2.6557183256859145,-0.33191570527738656
-0.10062182510606218,-1.2327170769702103,-1.675933010976592
-6.076307095559916,1.5458307222236973,0.6337307647319136
4.145386333296289,3.4187919166891145,-1.242322978117144
1.9991634437424595,-1.466498217612113,3.2079487002529112
-0.9761814301480944,-5.853332246716633,-7.700749116589211
-5.931032351791004,0.7840330730425951,0.9488084274017323
-1.4148277184145377,-3.4855064408080323,-3.4688141867737703
2.073317254716871,-0.07027502450072244,0.8808620808605977
-1.1779962435984814,-3.3739684514572983,-2.8184907078875505
5.58933517800342,2.5426654212096182,-1.525795809211001
-5.721823144905701,1.6509479144894126,0.8734493138160141
3.585712891593071,-1.9084163108206327,2.694306879693569
4.99350744691837,2.660519034847549,-1.771489845619139
-2.3866186651881054,-1.6591863097147832,-2.2070108687260537
-6.049792165381553,0.8007868350972025,0.9299136238287238
3.8306283565473986,3.4213485471259926,-0.5420105797844432
3.897178574163422,2.750519107423931,-0.718750212516648
-4.658392247672404,-0.13883217648787974,-0.43191783819714913
-2.949000017493536,-1.7072368853420936,-1.6710004716398865
-4.325093191064593,-0.4185030801412206,0.19116690924589966
-0.22421417299563792,-1.6525074896294094,-1.80026275557414
-5.406370373614041,0.9627786667844118,1.3309703764240082
-1.4067756141653007,-2.0113886203727938,-3.026788874122625
-5.83027295030598,1.6193333918524688,0.8007506949805613
-1.4374189935102006,-2.0734186105286123,-3.175530049452457
4.676571204697867,2.6814466628322955,-1.3284521262933107
4.374928903725993,2.5877159831986303,-0.5240635924812832
-1.6971211977749143,-1.867450407894451,-3.0270991957349698
-1.8405958646282037,-1.9408777245903397,-3.1283365648392585
-5.271988071334895,0.9982958148135106,1.4167237050242723
3.2730754621827147,-1.8079490067923119,3.0156801400962756
-5.315563147716834,1.0157022210537177,1.4230961757206366
-1.4003454116501188,-2.002710744953611,-2.9736095882524647
-5.860593742111035,1.62113630079324,0.7929322600026246
3.642869517572173,3.757937359733392,-0.9055512155527095
2.935353919052924,2.823353316806434,-1.6496356429479742
2.811921378565829,-1.4974225308628681,3.1214608684295166
-2.782644092399557,1.146102083912683,-1.9815220976161994
2.946629020202277,-1.3835750116898464,2.700134152329699
3.145420843724273,-1.8250588671390369,3.093295099576789
2.945029004165983,-1.371055478168452,2.6960652639216174
4.129507488431551,3.0815732031646177,-1.4670523243811047
-5.626658823422182,1.6913353646603753,0.9521041909161687
-5.824897746643537,1.6255914630288402,0.8098671845950903
-5.868282334935109,1.6338844184179235,0.8053950903765589
2.836379165756492,-1.4951655137906215,1.8341439216828446
2.565740577271868,1.5041465685289426,-0.8706107554098204
3.5517686799981294,-1.678647190824615,2.523173313229828
-1.9028590421617388,-1.9673277476904834,-3.317327860051883
-1.454293966484909,-1.9908952973623575,-2.9896666732224335
2.7439131290200574,4.324476542851414,-2.746737479600871
-5.327874036346173,0.9711876443965517,1.3664820499332988
3.4923529350776055,0.8373786095442917,-0.5381435579391296
2.6627048423638144,-1.5158042635164204,1.691889162360667
-1.7709326841442017,-3.235493692478884,-2.444870371925501
-1.3648036562426002,-3.4404671984539346,-2.491553992666367
-1.4779383740799636,-2.0186131457738923,-3.079690192222579
-2.5297447161943993,-1.600465406982201,-0.02734064513236787
-1.1897536006290201,-3.2827507613609623,-2.826762975306609
2.1409955224109707,1.8536499354334683,-0.6651611457417095
2.3237454744768717,-1.4314652055814423,1.0495690284687935
3.884365580014749,2.6527416324713764,-1.2699054434807024
-6.690808127501646,0.6436067410419724,0.5353270672312992
3.9455619353054794,3.227965821223957,-1.1120085674996654
3.2951169219106773,0.9827289567484199,-1.08413886200025
3.5891799882349766,-1.928540032689512,2.7008407250672897
-1.4541376376788173,-1.9757787356594512,-2.9523596691268605
3.9927497037445816,2.9134611933309653,-1.330387451782447
3.732738142694152,2.854022061858193,-1.3168943736052343
-5.231600833776393,0.991030781261161,1.4212977643374327
3.244923682243132,-1.710071166247229,2.9929748197725594
4.390137858441207,1.407435969865893,-0.7642740159411846
-2.5966105354416786,0.8327923419599123,-1.946626750338935
-0.2963842105175807,-0.8581559637655163,-1.2865789201382716
3.615984635660191,-2.0869116731732977,2.7522825118306167
-5.597077512736154,1.6889923904137447,0.959045557496552
0.20254098836194745,-0.03179924079935893,-3.1435615634039404
-1.4298471623996012,-1.9526366162333688,-3.0281898934968816
2.439802783007518,-1.672408613971331,1.3437581758175574
-1.64527476288939,-0.7737808636260204,-1.2907527058051367
2.928237801854019,-1.4698193571189748,1.9416087821565986
2.4686459321081897,-0.7825221850006101,2.0585716721305913
3.8084332976205633,3.7243291397400697,-1.0496199595519786
-5.254752582039557,0.9997086338474022,1.4240086939026029
4.803460282466193,2.62573255855253,-0.1120079563791235
4.079046685877536,3.2884418934435193,-1.1331124804402815
-0.7911090480068992,-4.522811548998084,-2.2120415811912255
3.5797113770716167,-1.8742118635074108,2.683282266146572
-1.6435197466600253,-1.139565917805423,-3.2400830411467516
-5.71867185505102,1.6516001702456338,0.875248694131484
2.139677483768523,1.8553121711171894,-0.6652921547018786
-5.340605538649096,0.9834482692009621,1.3768223133411255
-1.450123408606088,-1.9878648995276875,-3.144225114425461
3.1197688420491967,3.9140723721980297,-1.4436196988096357
5.74537451361256,4.1206463437467375,-2.369457753473363
2.6152312031775815,1.4987295634324784,-0.9847555264503984
2.891011996404693,-2.027488960285156,1.5901464736977526
3.437612458276656,0.7762163742380217,-0.3831937422578273
4.20804638242155,-1.886150720942721,2.346031413093071
0.1757840959692996,0.09368888183010425,-2.1121457323285164
-5.485751323114115,0.9195549059738379,1.254030250353039
-0.01114878333082478,-2.3468073523957815,-1.1233545786690986
0.7707236878404249,-3.796976987949011,-2.7457290453305627
-1.412967986089994,-2.0232917720817567,-3.057360887277745
-1.7727872115746135,-1.8198274992674457,-2.228514907978177
-5.77408636987223,1.6352647942101033,0.8378888319507319
3.0729507759031924,-1.3851233824408429,2.602031797621369
2.9721976889694157,0.25867305962515275,5.566530950565373
-6.702505524075177,0.582810371866445,0.4596716807119926
1.934327997563426,-3.830940296123394,0.5384240529416707
-5.766047570253931,1.7440067550510143,0.9683267623546128
3.3292468345947177,-1.2598468801481124,2.2837848828140155
2.5153313157209523,-1.5147198735818102,1.526528871272522
4.5349187255125045,2.938489320550842,-1.1896506520171848
-5.889274737577497,1.6248527939944264,0.7879004631577938
2.650137140481195,-1.517293542443354,1.6797573213145771
-1.1346499749519003,-1.7005575922801,-2.6455033010329028
-2.25029095987732,-1.8245108354198805,-2.4693315686450563
-5.389266756766392,1.0279651211395056,1.4135748524430067
-1.3241400041177154,-3.1745549912845346,-2.9632140774215294
-5.471186451295407,0.9371691324282834,1.2795900257250965
4.005016735849077,3.323115717682683,-1.0366431486923828
3.8387063738455907,3.352871391141067,-1.8610981368729478
-5.800426811785079,1.635468318772018,0.8294951654430528
-5.643455377100774,1.6805109652117913,0.9338777615365415
1.7543927631105378,-1.1722117905282068,0.6238894153886602
0.19135614285250682,0.3603300914032994,-6.920383340938287
-1.1980204036882738,-3.3008907756266184,-2.8643667829695265
4.101462841494881,3.3430374240435747,-1.3647552892532968
-1.1895953882684702,-3.2894146099511086,-2.8390142587086005
-1.838241541250396,1.279337348521766,-2.800229898613171
2.904054366133791,-1.4868159613506338,1.9144877500771755
2.7349127800735746,-1.508598655185195,1.7144975684677464
-3.9406185370347577,-0.8170298607989901,-0.17243143815566128
4.042056967833417,-1.5357618481680508,1.9943748248160877
-6.945438625209946,1.2790718058284343,0.035370920296677676
-5.423818012526243,1.0589799471978534,1.4389690742549999
2.7638026423489888,-1.95982740576757,1.5362407592017377
2.957426505071318,-1.4681557572736454,2.7278518246342958
-1.6731954180888011,-2.1509634097012564,-2.6396259185127167
3.8473629607268385,3.554271310261101,-0.8484959862452526
2.8842766866489282,-1.4969433930171425,1.817617448737803
-5.638862871058374,1.7074878492776193,0.9670882832037917
3.214539001383227,-1.6571983599653621,2.899641097662722
1.978569282183267,-0.05121480784104106,0.8416155450063402
4.401224804615233,2.861924303117127,-1.214275846683895
4.2972471721622,2.1088190857937903,-1.0961999686796309
4.141620664605346,0.38101772595371636,1.150755179540309
-1.5620620878791442,-1.910471612695554,-3.0026703986929344
-5.5998885300337085,1.6830310273289166,0.9511183174438964
-1.6827935692040756,-3.263613801026596,-3.0271595647175533
3.698147091159846,-1.2967711574006162,1.732516352296179
-1.227419270115848,-3.2851300109909336,-2.8585653976771366
3.0076954129882214,-2.1253801363232507,1.6596465553831699
2.262593966049693,-1.5152691573871437,1.2383962794783412
3.833133034573406,-1.3736410555142355,1.760359358914599
3.6203231982637045,2.7437333188889785,-1.0679509764908786
-5.265101574469091,0.9884161898167125,1.4072927995961522
3.0133505354449586,-1.3735951271899096,2.5907008032027767
2.9534432297793902,-1.4368633146815095,2.717646553905769
-6.03026952131989,1.7033059190885211,0.833898198950836
-1.1974784869861037,-3.964260751629994,-1.563980646318847
4.340308452651944,3.14000119300023,-1.3781249500414785
-1.3770695832994673,-3.393188003838269,-2.559409879113718
4.069125108698093,3.1283711823471405,-1.394701157099794
-3.961584922231835,-1.909944352733373,0.9138124848040977
-2.53878214687838,-2.2768095113857583,-2.0117534215242086
2.9467341257852,-1.3843238647493625,2.700435835516138
2.720994796447066,-1.921829319813639,1.5108403274093356
-5.394428000441688,0.9557135241187718,1.3265124264409147
-5.218389529733931,1.0007657449459533,1.437105463691361
4.240569555245421,0.09872309424785895,-0.4873080858345331
-2.234122563884466,-0.9998229224691801,-0.08038060680234091
-5.7384741189316,1.7522809814096192,0.9870880465336695
2.946295496790489,-1.3811197688044987,2.6992573659234256
-5.455855664523278,1.021225714293423,1.3839160740252237
-5.222473189078506,0.9961015024595028,1.4302634599088553
2.6060961967557383,-1.5157826316806438,1.6287027338159232
-5.676878763753023,1.7301467634578316,0.9812602618584683
4.43606108011153,2.7779294188032266,-1.5832658032491354
3.6326665808559486,3.519073006295114,-0.5588112547883554
2.595727262376683,-1.7794822818212732,1.414744248597361
-1.4425502881693333,-3.4439713046939997,-2.56983111047067
-5.228128939028372,0.9481885618054067,1.3627380897497388
-5.352870033271645,0.9708341257713782,1.3579203050488955
2.852389700425915,-1.9953748393463067,1.5666502594589804
-1.3861037232497833,-2.0428829779422846,-2.9725262626956908
-5.823100419181995,1.6778871891168485,0.8719187115133186
-5.254452284514559,0.9922286622360419,1.4152675923578706
3.5651086458310917,-1.717314206720014,2.5320206578531708
-5.329161846127319,0.9701311264592594,1.3648140054022369
2.537010998654039,-1.514874176217753,1.5508614811394117
-1.4351857172223152,-3.218767107353204,-2.9016272361366986
-1.3524588573192522,-2.9508443592945595,-3.2248173350532334
-0.5751196470174185,-0.2668637042197446,-0.5791031542447167
2.3616766723373814,-1.5833987832073775,1.274896101965164
4.329679873450521,0.0051464036971902005,-0.5392378204701391
-5.270755368880406,0.9894078930004344,1.4066225661197838
2.7873082129797244,-1.5005042034836167,1.7767638753540278
4.1016450734105865,2.765188523906043,-1.1002409694861202
-1.7791969766275302,-1.9414339230279976,-1.8984014787893588
2.5025941624332826,-1.727969091803066,1.381248379812226
3.248516848468809,0.508704510574769,-0.48246534205409275
-4.586331996589729,0.07359005757137176,0.4689365646192344
-5.98603455655756,1.828052586761265,0.9950100805951048
2.79260994789638,-1.416065341671286,3.098498337547448
-5.311390033500381,0.9796931762320664,1.381903567682014
2.775686372818712,-0.9240699441633886,2.4251255518784363
4.0495016354899995,1.857509525451396,-0.9474723549207164
2.7827362777360376,-0.9765585169135189,2.4439680295140573
-2.1217537533349806,-3.515160623109821,-2.0858557485740445
3.7068673940766566,0.8667724776292812,0.6510521312035148
-2.777984120976858,0.836838295509803,-4.977484477159973
3.5628993232230832,-1.7019780317466453,2.4841060163689783
3.562942408024678,-2.4820770755926547,-7.981638506244622
-5.905996745190861,1.7405976265314411,0.9184547835227781
-1.559692578098128,-2.0446980850351912,-2.710469467156568
2.9407061752734855,-1.4784108167598449,1.8833705167381136
-5.33380656754414,1.022034992861558,1.4246360232171853
-1.7742257547707392,-1.2144484008076981,-2.8028431210422506
-2.150257913666454,-1.8058932684243387,-4.187032641517431
-5.590167253571999,1.685222003576964,0.9568793804416063
6.143568862428357,2.964547683166905,-2.6952373489978294
4.303437865668022,3.0899161630396508,-0.7873260843307539
-1.755146225913409,-3.0078249818084415,-1.9889324993618753
4.864836921769758,0.7885658868414008,-0.4705703429328605
-5.32657164061552,0.9876595537320858,1.3863711342728948
-5.403294450757367,0.9637016880515086,1.3330632686830262
3.337678926819131,-1.8550752376214121,3.0016484584736887
-1.8973714634573715,-1.079668010746403,-2.86639064091511
2.835259730800609,-1.4955010730275047,1.8337937575249714
-5.301556156072359,1.0131874911414513,1.4246879710932856
2.117442064803683,1.842999903920905,-0.6302310458249194
3.8108665596267706,3.370571884526591,-1.0448858586864065
2.842308682481591,-1.6327034490534245,3.160034197993334
-4.128079511576894,-0.9255094232600221,-0.0015351907988556462
-5.614465991074035,0.8835791046495545,1.1695813493553429
3.7512303717787607,-2.134051262775128,2.6945496271731586
-1.2796897341075162,-4.259502881372009,-5.26328764754823
-1.2684639496514014,-3.3023894510580756,-2.9005586000898664
3.8774055392376536,3.470290240440871,-1.2981035952298836
4.20001536142868,-0.7565400634243477,4.833379985452265
-5.521905267246653,0.9777083649123322,1.3109716012482027
3.5661866329279053,0.9343152576320808,-0.7605902933214652
-5.95587929694418,1.5795835038503485,0.7128680949610441
4.807498104100563,-3.5776120617543796,-1.5629689251113015
-1.1941076148660692,-3.300714923466947,-2.8577889626789816
2.5381507946873456,-2.660054758420266,0.9122900527812966
3.462500010925648,-1.5618027250469528,2.5608265755736537
-0.6637445529249392,-3.8863292956844666,-3.4553355552541274
-5.292308458908448,0.9837157117830113,1.3928739445808624
3.9281406546198956,2.6614820496454965,-1.4403871443740057
-5.324280428862735,0.9794132787985763,1.3773729911349506
-0.12520938979385995,-1.442823139062877,-2.0177635015194864
3.640642346680511,2.9584074911705196,-1.821687597136111
2.763982861645224,-0.839821019598002,2.3976287241129524
-5.2737212004199625,1.0025839589279038,1.4212263550941657
3.255417213586214,-1.8563811084965995,2.96235416822111
-5.516667526906004,0.9400748678118998,1.268205795583989
-5.737973748204271,1.6565937708832088,0.8747914393879112
4.027953871571083,2.9855070730601065,-2.0298852216796086
3.452458528308456,-1.4786121763387592,2.460528957833715
4.675012126206045,1.4936362577739053,-1.1277640476500448
-5.837937992247373,1.6130287354418478,0.7908290691867851
-5.604907649018073,1.6819116578649824,0.9481577796995355
-5.65383054417743,1.6824991716499538,0.9328141038831499
3.2571703606842606,-1.8667972555038657,2.9657112031201707
2.562236614225727,-1.5152837700131845,1.579270871690615
4.217623022406142,3.114873501265705,-0.847255602762943
3.5680279876077656,3.5692722741262197,-1.0831213780162747
-1.591216379623395,-1.134841904478396,-3.1100063933758455
-1.7466995670933674,-1.0099253416491625,-2.5182117764309933
4.683251277419817,2.9259938895587454,-1.2828209397103534
3.0185365062367513,-1.4132313325945343,2.603716779342704
-1.7190970258427423,-0.9149300309242787,-1.886626058903892
4.58075079036165,2.901520814085315,-1.1534414480422834
-5.621807183622219,1.6908224371520406,0.9530914193348379
3.4668906302316844,2.4222963255258687,-1.0566049423594361
1.5784404187919274,2.413627513135174,-1.597879945297891
-2.784617057017707,-1.0299680909336568,-1.0734360795661126
3.9355245207882175,3.183295698479486,-0.6958841031560379
5.49111800563627,5.0583356763057905,-4.587236324448902
-5.688658413880931,1.6983244341560004,0.939999089740349
3.2814390218364196,1.524879339576751,0.3155124718904766
-5.673965400468144,1.6665652004643121,0.9074885468267074
-5.736512164550656,1.6535810030652671,0.8717296456700013
3.566494058850885,-1.7645920519290539,2.545955941034604
4.274995498304233,2.6960705703503676,-1.3381770389562877
1.7864280232683327,0.3734507309162421,-0.5750108731036977
-1.8658806692120176,-0.8164205866374452,-2.791721764391848
2.7452741632406297,-1.9433611376910176,1.5252162002855454
2.780703443634631,-0.9651316002561572,2.4370981121814013
2.7572068312312927,-0.8269011211478876,2.3977392063294034
3.388727098151777,-1.6237342623394615,2.707437319847619
-5.931121513474253,1.6301599523645685,0.7804234498190578
3.2429500651300183,-1.7827875408882012,2.938434475055003
3.6431869504037255,3.094548190811096,-1.51594876894578
2.7806348273457138,-1.5017740080783333,1.7691463731311976
-1.2179827834671786,-3.335359415585996,-2.9743563386029233
-5.337878151774899,0.9771722148432973,1.3702944813079059
-1.2733982713959577,-3.3069955726599507,-2.935978733098374
3.264615194626564,-1.910944994452875,2.9800663382530304
2.7992542337687403,-1.4978860665832097,1.78992687790489
3.596085144841226,-1.9692077600165612,2.713961382360728
-6.573641131601826,1.4174493038097484,1.4879709362889042
3.9426311603700706,2.785823635123065,-1.0219618062878055
2.605312038014866,-1.5151666005403588,1.6272195508525662
3.8509483286126764,3.4267991771731414,-0.798420140535708
2.724526299932247,-1.0866823343637013,2.8944866381063883
4.443895488922564,2.0724873443201046,-1.2841093978271692
3.205468770114158,-1.671703538807709,2.914544067797714
-5.703120237029489,1.7011509279676522,0.9385814798635492
-1.375943555993518,-2.032450954820271,-2.9474134816102127
2.6079612009711606,1.4575509543526337,-0.9901556466423493
-2.8283794222653964,-2.748155029242099,-0.8417807915118022
2.7687985564327304,-0.8826642587576412,2.495611701901979
-5.61736448149914,1.6838864426833995,0.9463958774005266
-2.826293728531296,-0.048750123647919044,-1.5877680630586146
-5.6879952587640625,1.672247042576143,0.9095680505776259
-5.701858377064137,1.6694804778659744,0.9017731415767526
-3.8227884075956107,0.2917843473794641,-1.5898325143243162
0.5181757211702419,-1.936949977904964,0.018144548655607794
2.79154542940407,-1.0334418201660096,2.5420717083662443
-5.863609727792123,1.6149358284490756,0.7846565884898314
-1.5382648450680854,-1.985437458810766,-2.750905820639469
-5.655784488350224,1.7081892239480831,0.9623668757586066
1.800396337919438,-0.019079468877603936,0.8478225714528221
-5.7684810256026795,1.6723120535196303,0.8832666677329276
-6.276885397420545,0.7921687252646477,0.8457424165897692
-1.4888039188857165,-1.9641657419517582,-3.0230014648468098
0.4811449572852483,-0.7671552998944491,-1.6054092351320042
-6.1408743160747905,1.7815883554765826,0.8896553791991694
3.340367673750008,-1.695020887123509,2.866109227662587
3.0378301219252712,-1.5646042930704271,2.6534140078447233
4.8370292923484834,1.493438791043355,-0.4239871561311967
2.7948936653493974,-1.9876031474705536,1.5544540898165686
-5.873857112405408,0.9131092350380952,1.1199673621352355
-0.7306784264640573,-2.781506993972043,-1.3653690505985032
4.5913272825747855,2.8653467142991853,-1.1894377623229275
5.664388335626412,1.521919065563603,-0.2757901179265598
-5.432432387643462,0.9330970597189241,1.287404876692837
-5.664970535514025,1.6638880193726804,0.9072903210346014
-0.005581873289024681,-2.7427090786575214,-1.9011775375293778
2.8078307659609942,-1.95789882947745,1.5402701821410882
-5.5533155063795965,0.9443576218640244,1.2613268160213442
4.267434027116256,2.841782474244742,-1.2913822608644125
1.5921689247962962,-1.136482585162092,-1.7539449747978793
2.9533994465025373,-1.3750216332087297,2.692113160755239
2.8407219522710876,-1.6255287797902453,3.1581916843354216
3.7101275832228082,2.5521457195715898,-0.956720225741615
-5.202032055869414,0.9962356516558799,1.4370826848606673
2.925687647866322,-1.262840974020221,2.6621206869639837
2.8437492269070437,-1.4982142579216957,1.843386322370026
-1.2614641805491644,-3.2750307332732436,-2.864332766403518
-5.272408896411393,1.0148767268721404,1.4361804121819504
2.8113719599944953,-1.494932503440507,3.1207824826491484
4.997515572252775,1.649874523689742,-0.6351594984348268
3.77537908541153,2.854781450241275,-0.9815364266853931
1.9829368588372491,-0.04517398595312995,0.8822469671532308
3.453605308951649,-1.5169252100301713,2.576496552484732
3.883153911102474,3.2409438082363717,-1.1859092904363269
2.5776096975302334,-1.7947303324163673,1.4255295474465286
-0.6579397760574663,-3.736509738716799,-3.338023765322562
1.7828121812885722,0.9676140718380417,-1.212076126879536
-5.892265423042935,1.6502083667322696,0.8167205264307288
3.4831802272571752,-1.638837830453744,2.510608812103604
4.498843576966126,2.9036039058411767,-1.1034518377566
-5.648463705070637,1.6998474739699967,0.9549621407442521
2.7879261768085075,-1.4047106945546068,3.0957792076838624
2.612602771264215,-1.5158430707946735,1.6360226404873672
2.7949661081940684,-1.0734185310083237,2.4754254532982896
4.043179788741352,2.7125640780066536,-1.627242020839008
-5.8411812043133216,1.6276725592233374,0.8069763341660433
-1.595537157916145,-1.152196088195827,-3.1462402893931283
-5.266715568523648,1.001344326947251,1.4220439531720068
3.4719523232266254,-1.5709389025033045,2.490502313134448
2.1619783056073514,-0.09576929624123977,0.8721933717147926
-5.652297384714466,1.697291916652425,0.9507022080760754
1.6356021870754074,-1.6063562564107214,0.6392942199252895
-6.55441421113838,1.4014057476317854,0.3072991659206912
-5.83147087198748,1.6386256106142234,0.823031639462478
-5.882428927941281,1.6222622606353934,0.7870994414544071
5.038108998890682,-1.5065834514884755,3.2424782049411474
-5.217682697981622,-0.6494047790466355,2.5187541347388165
4.317474013539924,2.7748489078607737,-1.676725781962247
-1.1937163617046334,-3.2895091448824076,-2.834623101411482
-1.4045598729952367,-2.0101893062023177,-3.0001069268409206
3.7837974830186227,0.4993267838848894,-0.6542979300397607
-5.641308097380471,-1.1855210777903755,-3.2708079704421364
2.7140696871885917,-1.5563291009519598,1.618685564612368
4.3706295072770445,2.419305357345058,-0.5248061050503177
-5.832080055144988,1.621694310082436,0.8029330934231534
0.8095000257082844,-2.223444285942819,-1.9192971868041944
0.3069165282922872,-2.802665565660772,-0.21686367266128778
3.8490483026972497,2.424362965538827,-3.0016437083686873
-5.411315212833013,1.0519085580775789,1.4346860355851032
-1.4113301876941737,-3.406343740897641,-2.5880211466628986
3.580412706036747,-2.578164346235037,2.8496840699170254
-6.513931403254358,1.4636591756432233,0.3937320516527232
3.127290568489002,3.4673499066725815,-1.2790743628352321
2.858319094785675,-1.5115951085840893,1.911678283749157
-5.852645116437789,1.6132835570119113,0.7863083061236619
-1.3237012557020302,-3.3714601002293905,-2.561486349192203
3.6647837427955823,1.557141094699523,-1.240861018012636
4.4339891051860665,3.8472746714138304,-2.0257004175476228
2.8687213950538477,-1.5285291231499432,1.9270828769931185
4.832363019130825,4.416247351210134,-2.2512845189246624
4.170098783665713,2.4744995026758967,-1.2037881483542203
0.4360926380576199,-3.6961741804488866,-2.1686972768452173
5.6905965392583004,3.2703654679428578,-0.7745280203893516
2.9057628306476784,-2.0396722677411456,1.5992603490620183
3.3352819611279267,-1.8389259172345747,2.9976366376329686
2.639451983644986,-1.8162569362631813,1.440629773892392
2.0339407628910413,-1.3254170294545653,1.091746181544427
-1.4536532852170596,-1.976649021043046,-2.9842955314028754
2.362834505888551,-1.5844597995921155,1.2754302177237062
2.634766120598548,-1.8121872993020847,1.4379972103968963
-5.2512939708670805,0.9931764072870779,1.41741654423097
-1.4698459826455303,-2.0086007592566824,-3.0349656397180644
-1.4348880192401363,-1.976027614651168,-2.9630222536133908
2.7871297712735785,-1.5016374279862263,1.7777415736720423
-5.514290936037702,0.9167097267430289,1.2413694758973852
-0.540341119839095,-2.8524896589232234,-2.158503565476941
2.3282577571638616,-1.5732199063123349,1.2777472287753366
-1.1307883916928778,-1.7274582887551575,-2.6458828373277608
2.6152649946427804,-1.515640458135708,1.6388805320877076
-5.264766913011715,0.9856367817173304,1.4041175433652449
3.7541340990392507,2.988740680076711,-1.5025773506855413
-1.2002395102033525,-3.3051449322085875,-2.875814323587323
2.0360964796551135,-1.3561080656500706,1.1369705111655852
0.29079649536829977,-1.114313655289258,-1.196512242214996
-1.37246787853056,-3.355872919525359,-2.6276641003341648
-1.20771045177988,-3.317765996054114,-2.9202892358853547
-6.218847876729417,1.8139263903069267,0.9021082372476333
2.6291205335936407,-1.5276480415190639,1.592154608962882
2.6645416840502625,-1.5162215259118876,1.694438028356343
-1.4334191652695611,-1.9610809254575652,-3.0575100323825857
2.652619536524857,-1.5161014532591064,1.6810892783278635
3.5700192836449705,-1.7417174730303029,2.495421282512615
3.479510432123305,-1.6149485929159728,2.5053329655022893
-1.587605782764278,-2.0671133413970346,-2.714262361784592
-1.4023744073696227,-2.0005614190670262,-2.9891476904311323
-5.454410708573753,0.9358968460482959,1.2835522833580653
-5.754791364932786,1.6576471404430535,0.8705177191439405
3.2331643599326028,-1.2034483763364896,1.6902282824493082
-5.9833361072876174,1.5672401066150101,0.6893629020478119
2.8262969479911644,-2.015472298455921,1.5730515421674807
-1.4469884484996147,-1.9746507703874072,-2.957994280399807
-5.809153378442653,1.6317828668914514,0.8223037525887237
0.16345008897218818,-3.3382438907306633,-1.104535948822767
4.113180160155462,-1.573311241287801,1.977323845112648
2.746481404763818,-1.5170455148668145,1.786671052300913
3.5816248480779245,-1.9260146836463687,2.7054978166826307
-5.812738955778637,1.6249221070479427,0.813065470176538
4.0485090059107804,3.2739985460466063,-1.2837398329025442
4.910066049391687,1.619995971812404,-0.550702370106347
4.146963746417718,3.0136165736071012,-0.7070410628336523
-6.955381409180585,1.2983006137991868,0.05471102071632863
5.01067233084781,-1.4087849179803285,3.2046152054819115
2.8696645779074283,-1.5134194958052525,1.9246771024493103
-0.8136201398931406,-2.8202469361028557,-2.3385505957119266
2.5548561315890157,-1.5152121965384246,1.5709652608682623
-5.594249211535442,0.8841874452656353,1.1768873170669645
3.772418202151558,-2.2459734136768685,2.7302708125382993
-0.9726788900774987,-3.3946494288496827,-2.9972153964721673
-5.712128594036508,1.6695655613964364,0.8985072323915341
-5.659149831451933,1.6669029043066823,0.9127412075656417
-5.65981044187611,1.6852651641983707,0.9341050873328707
0.5019762707149488,-2.047991358682683,0.067330131276534
2.5265066721547322,1.397135867572728,-0.5377088080006518
2.9758208357700333,-0.43180213334468687,2.5389005707347643
-2.5224146781100862,-3.7265011697811885,-3.198724114554681
3.8238755896952257,2.8100755082511855,-0.8218405824523298
3.2358835470654794,-1.7417955325751238,2.9248181546256604
-3.5501732509701256,-3.451609971169739,-6.460907103625079
-6.360611994126262,1.4798412288898604,0.46299811129726043
4.405755906969782,3.7288872507808315,-1.9607060843607897
4.050090331562222,4.381800144891448,-2.8627714243765414
5.102006425293782,0.7366414709040935,-0.7225982723054337
2.143104496182051,-1.9302117686882587,3.2319192232325
0.8988298232089872,-0.26664852028899766,0.27948024332263555
-5.243921852842598,0.990611361467117,1.4167875581942504
-1.2033154806961017,-3.308324901349565,-2.8861487164847905
4.802721305871095,1.41555212585191,-0.2136118786120974
-5.7421783317978266,1.6451410509741864,0.8599535280676937
-2.6576842081704735,-0.24220264359173263,0.04979397913947394
2.4953058995486135,-1.6952374075864047,1.354925763930153
3.5781409839571032,-1.7564090722365369,2.4988519971482774
0.5658631197498002,0.9508144702672833,-4.538752821986043
-1.3997982494238086,-3.394577121224185,-2.601545712868211
1.7853104714936052,-0.01513979965921443,0.845242395015105
3.60826791276931,-1.934562630680683,2.555422206755692
-0.6653612020437996,-1.4461995695205414,-1.3357434122221463
-1.3931799759389307,-2.004466267765993,-2.9494733636430346
3.702582727050998,3.212947689113121,-1.1278023111928837
4.011629791365492,5.936755695800966,-4.241121214596654
-1.19963828113047,-3.3404062181969993,-2.9355887635625435
2.770799172712027,-0.8864785090858884,2.496978121126269
4.286736017905105,2.6296023369505073,-1.1346481069594518
-6.653917225441638,1.3933600969908184,1.4333501856361341
3.934950925032043,-0.7709310522773949,3.1158288306042556
-1.4513837775690142,-1.9737951338111146,-2.9567020296273694
-5.333490650891881,0.9635362348828913,1.3556107296445346
-5.277821920092484,0.9831918965113244,1.3969749298399663
2.8460677046871004,-1.9894986047017773,1.5638631366831184
-5.331280440923652,1.0349109596883128,1.4406748616932508
-4.054238217174882,-0.989348046521592,-2.7893704036142295
3.2305366716873296,-1.710577787249401,2.915053616897778
-6.0481948348313646,1.293721980303765,1.5129487809535516
-5.633062122481946,1.6795221238844045,0.9361219216933014
3.917938003099359,-0.6977045134153044,3.091574271526621
3.478546830093496,2.871071119985672,-1.636126241967274
-1.4438370822878197,-2.003308258831136,-3.043384429927032
4.260362874242347,3.899177432353689,-1.899470199807777
-6.0858069532415415,1.5503946257180843,0.6359810358128616
-5.801736838017956,1.656927111957529,0.8542859420314938
-5.413244533796507,0.8622640872567473,1.2008823150161556
-5.487146874614575,0.9404547552243514,1.278272652992162
-1.3795511356291237,-3.1970946564155605,-2.2907078750083154
-1.6472161828742347,-2.0791045250139057,-2.7447413463235226
4.025114963151633,2.619794901607888,-0.8709690098509385
-1.175130904808882,-2.0993179728137146,-3.1450120944938207
-1.2651863322537042,-3.293953468091019,-2.9146545607969467
-0.7406250193381301,-4.073132602279962,-1.7821636909817922
2.6520880549387638,-1.8270501822552867,1.4478278350162455
2.772407882947266,-0.8939549499091761,2.5017637563735975
3.530828413381422,-1.5883628053462189,2.4724632093059586
2.7368714579434634,-1.5090358917450681,1.7177760613565949
3.006966058074653,-1.329300586364457,2.576328844348232
0.4090253425598246,-0.4631339950383202,-0.10953525635664693
2.8463659642092316,-1.4886146143789722,1.8460752882682725
4.735202944669916,3.6549726592612606,-2.8065572453156853
1.8043623426901891,0.007563776267561535,0.8940128436801779
-2.512180782510273,0.9290804126451251,-2.251954268047594
-5.669529492605167,1.6625199699946647,0.904188355722127
-1.3849119338093192,-2.041367211906319,-2.963288153455252
3.8301916545821832,3.547362524242008,-0.8565258248973093
-1.7248220919759976,-2.2301777241020084,-2.5626134654852577
3.974354865525468,3.3464791282967927,-1.0159492861154926
0.3892528657226888,-1.5597854601040646,-2.7716319146828385
2.639604085727822,-1.8495898260347317,1.462491874757435
2.9584801106389076,-1.4765448079734234,2.7306439482792046
-5.389577018804309,0.9960897770160422,1.3758059459647187
3.833600059281466,3.2343630761786626,-1.4404558305244337
2.8090101871499105,1.3724997257335234,-0.9203544496851206
-2.936931996644028,1.4890402082699223,-2.730594415266275
-1.2180846337397322,-3.3024626338176897,-2.9112076102439075
2.163062773812705,-0.09345230911327952,0.8776507356139699
4.027028493239193,3.203448728254214,-1.6681939127462548
-0.8580272480197653,-3.8921148866372115,-1.8063428319968942
2.9197757232139945,-1.2592898962320649,2.662563298604407
-6.501231284154422,1.431927531230568,0.360600402148876
-1.2247993811090283,-3.3126651905916487,-2.8747887059755612
1.1952912962734643,-1.019067402772691,-1.7851813145326918
-5.632731335298602,1.6933910478533365,0.9525300138274384
-5.2668827078506295,1.002075156417754,1.4228531212882107
-5.758949989066845,1.640735947483246,0.8492796342365453
4.403637981726661,2.6451204587775714,-1.8807615277092766
-5.35827837949286,1.0317463592639102,1.4281392463555627
-4.655282679665304,-0.13785080736262326,-0.42986803386844996
-5.6812820285019585,1.6763962240049883,0.9166446408147381
2.9684001940184483,-1.5159300784437924,2.746317152062701
3.3365218561999472,3.8789478113069795,-1.7841635404476963
-6.11413525314894,1.5631827645181442,0.6417265719749551
3.4182031194491,-1.714707425123978,2.748585733130263
-1.4426681531959191,-1.97923120128601,-3.1030132397689223
3.770150235143753,2.9995361016727635,-0.5987828445394116
-5.641656023532431,1.6825692524903006,0.9368865090326095
4.0300861472847,3.242782944566227,-1.1389566502718358
2.6254766966228438,-1.8043319398888396,1.4325691151518931
-3.491780156879676,-1.45581887080245,-1.1790965750150353
2.538656923962655,-1.760154094612783,1.4024168383044082
-0.513989206883702,-3.7804295829697163,-3.1953901237073583
4.191197858039297,3.04845489700126,-0.7314740674512762
2.488916621766637,-0.8739088461223243,2.307863974397637
-0.05919940721776514,-3.107569618681404,-0.9148860240750097
-1.166622917388629,-3.3551234209623604,-2.8184091988573727
2.6836058906999525,1.4322982657050938,-0.976930299114813
-1.74063494868073,-3.1228860634242914,-2.789642986527887
3.7511420288655843,2.8585806476817095,-1.2446410702744382
3.7052985641823097,-2.798686523504196,2.857234890945984
-5.622534273900276,1.6872776202576816,0.9486870192903825
-5.6128025829513755,0.9218681965535431,1.215369650354721
3.936849352528854,-0.15841074489705992,1.287214599830584
-6.811496887499676,0.5286631595102946,0.360175693294436
3.7693026395259666,-2.2281368979019,2.7241127358992068
3.2484118762083023,-1.721396422873339,2.9971714430610383
3.409144014682304,0.7704787429761777,-0.3467921786926993
3.5705785572382305,-1.837517556363427,2.6721964281478194
-5.7964792314314115,1.6268935144446566,0.8207114176231035
-5.456166517640349,0.9789216983853155,1.3338231432812142
-6.610570771866667,1.4734330035307632,0.3735477316411375
-6.941792342498901,1.2935309931035146,0.0535590185889341
3.699868077917134,3.448199315239814,-1.1703973347378995
-2.328715442711369,-0.9373144964093005,-0.016719286282873315
5.19345266593222,-3.0922223986007067,1.9549006916091523
2.1674309719818843,-0.09301725907526494,0.8862734720955326
2.825391719616708,-1.9722469208315645,1.551385909636452
3.1166569940889177,4.156640325187388,-2.4915246181507835
4.29764923193536,3.6347071942025146,-2.3876153069867194
0.24395367016206462,-2.5479515136223694,-1.2816083697169265
-1.584869378547335,-1.1290031797058044,-3.0717250598012007
2.9369285257229922,-2.1134912683833336,1.6389246819521088
-4.5798206659917655,5.80742422527056,-0.3140252314808715
-5.368021041779078,0.9569473726954616,1.3365742106462308
4.4874776730606305,2.7410725875189175,-1.5098126458832881
-1.5043228015949273,-3.1101648805824498,-2.8711276097878993
-1.4416352834839816,-1.9895559247225685,-2.995291706141885
4.7434285517888615,3.329502742448027,-1.9352474693170274
-4.30443277056021,-0.34178637425145375,0.9990504968844578
4.119419487781913,1.929759616617632,-1.5922380439990655
2.3994980048708174,-0.6487336437701017,2.2084022108341865
-5.638777889339088,1.6761693998189564,0.9303083437391513
-3.894337856494303,-1.0407184083055094,1.3069558826349421
-1.198246190921252,-3.317027047886485,-2.8913873010957416
4.167188016266824,3.671663579036537,-2.0259956461959066
3.3914704238697913,0.7111061801113827,-0.24128757661524444
-2.93045532794005,-1.5179693944292925,-0.6773723165596399
-5.294417210931315,0.9922831881839143,1.4023110077821184
-3.1219105519733636,-4.416966048436343,-0.22924864961054622
3.246125220273556,-1.8014209144256754,2.9445170993888383
2.907447338428951,-0.3992377672671504,2.381076254510263
-5.462830545942853,0.9833175472114277,1.336846667566582
-1.3953297969685023,-1.9966453494166623,-2.9712540257966933
2.6632084672041745,-1.8705984880089779,1.4764610372722058
5.13115641630068,2.203686732283541,-0.009879757599731809
-5.681741454572797,1.7103531075932947,0.9564032074481192
-5.248266389548188,0.9934680830017975,1.4187476474066714
-2.742427618728428,0.5380997727318793,-1.6533928187474818
-5.66371351815286,1.6859036158887797,0.9335762771997695
4.192695780323461,2.669610979386017,-2.4680411734311303
-6.036939691384652,0.9754959365868334,1.14055921382979
-6.050715736295847,1.8643793920672689,1.0165072230486116
-6.620261301190385,0.5959540401570562,0.501999213858224
3.88263352020221,3.199270347333036,-1.4258753532004325
3.4102455857637968,-1.7130004658311724,2.756009327406764
5.2715839202071,2.925282527373886,3.2716125501133853
0.6097395851647233,-1.764014410224687,0.10981102348835695
3.7505154539520293,3.3485490840122627,-0.6064080757494215
-1.3877294759931174,-2.018956663436293,-2.9375104153812095
4.594378834529188,3.349317288645634,-0.851761595249947
2.765190714672547,-1.5141709623228137,1.8071092186560074
-5.728194699394527,1.6490359418647156,0.8691140369937608
2.7149329811471548,-1.5144253595140051,1.694001217461118
-1.4978583914619594,-2.0531295361341804,-3.1807117478045694
3.7015101940223096,1.9346737326425836,-1.314819671189602
-5.695838409782808,1.6856312982044637,0.9227278626477704
3.287422188374209,-1.8912422985627306,3.046618157911457
3.5130933032542684,-1.1406820080049418,2.188813614229499
3.9967948144287546,2.17009025617039,-1.6889307149777426
3.729221396239399,3.0370192488159393,-1.4686098625271773
-5.423722468135943,0.9351884381149844,1.2927140578159948
-1.201321089294242,-3.3232445509415025,-2.9189445690223015
-1.6305425134806224,-2.1177570072243204,-2.6784551010059565
4.287176040420498,2.62664169404859,-1.7589610595078373
3.3685166191197857,-1.9761053796589807,3.032553000645134
4.673215860865308,2.344591939969904,-1.550394230864326
-3.263381529071067,1.3042928885693046,-2.1445356792161427
-1.5129146767051094,-3.103571705066611,-2.8500962541979633
2.8658701001519584,-1.0028806348804824,1.5797210464439242
2.8193792625479808,-1.5304375325183996,3.130990976566765
-6.055732808928545,1.5823937438022408,0.6834453224927429
3.7928936611167736,-2.367139884609282,2.769622266307574
-5.203131899338113,0.9933824131695426,1.4333534275221134
3.53254201983942,2.498193287193838,-1.1351692770987063
-1.333319434848298,-3.371688572083974,-2.5284228885780053
-1.4441181323971024,-1.988832244979752,-2.99495077189137
4.861706683750658,-3.7475947397972633,2.2468671683174724
3.268122432158907,-1.7856383583016435,3.013624623971122
-5.651510361860516,1.672658210490681,0.9220088391271413
-5.469290865961937,1.034511255445092,1.3952387538102127
2.922722382128724,-2.054092943210455,1.6090328989338107
4.76616808684464,2.471576800239579,-1.1104497051452809
2.240601954639753,1.7368287347017821,-0.6311749866152263
5.246384384193068,-3.89844388298998,2.4888834481789495
-6.63836637242401,0.5806160708296702,0.4779756290163196
2.946797993784374,-1.3849734423610376,2.7005608599881294
2.7146517825315084,-1.517419310077442,1.7518789386935831
4.320133319415534,2.5676925540132194,-1.0473880168781848
1.5476124270404772,0.7471642428570613,-0.737334746859564
-5.413990216516296,0.9493663179460663,1.3126384270107545
3.3298803989016337,-1.8279459870749588,2.9952302979579315
-1.4012994492428923,-2.003882481241152,-2.9817940404603314
-1.3873478865823292,-3.1705689437588256,-2.819718635111592
-5.553063479947001,1.6744843403601752,0.9592600236547304
-1.417486437482946,-2.0361331264735933,-3.075589510575989
1.7481019330386334,-0.2289126913281714,-0.43379202264457084
4.641299497121269,3.048362099324596,-1.574896163295537
2.595272908041325,-1.5368205457598216,1.5566133466022622
6.028685124807386,-3.7795461365927516,2.2608330908019263
3.6109292747574027,1.2723886680358154,-0.9269962707660458
-5.25751642042452,1.0057014804025952,1.4301899559811944
-4.212590018113329,-1.5350821327657131,-2.1802731697991233
2.776962031180467,-1.9716834096828753,1.543818122363421
-1.3242253150640069,-1.7859255293766867,-2.7769922768565745
2.073095842970613,-0.06952805962664411,0.8804164422384163
2.960400787976168,-1.4295727722332798,2.7099754270031737
1.8685963073696035,-1.2065811757020235,3.0418227779049576
3.37795354213895,-1.6150107391904656,2.7073779786914525
3.917812844818811,3.4861052835020296,-0.9794518472123043
3.5126536063581058,3.436782174837583,-1.1574753631876804
4.048363236896736,3.3632621237716096,-1.287946644664792
2.7536253053760396,-1.9119470729697539,1.5087964249008
4.775927077693962,2.8908503120634377,-1.4477605390606498
4.502356849673289,1.5659483392421227,-0.49814459200536226
3.580926403919879,-1.92183406857307,2.704194089766848
-1.6505069270527506,-2.2004758329932392,-2.548230235155535
-5.781283099398977,1.6456467501477592,0.8477316736028176
-2.3532486757424675,-0.7527103593143645,0.08507303222303329
-5.614575424378844,1.687377719234468,0.9514130948835915
3.603009440557891,-2.0100285439069077,2.7272953859575204
-2.4049454073257324,-1.8828295044357781,-2.57155586587861
2.139857180704314,1.8550968134210546,-0.6652762884891634
-1.1316697255196952,-3.397708057021132,-2.856966082030232
-1.4432787758670946,-1.9806542343136218,-2.9793798020855395
3.554599779085977,-1.687763311457227,2.4803383285970164
-5.575958370524105,1.692329944374138,0.9698897224225986
0.27859229192997126,-2.025514910584468,-4.700799089634454
-1.474085229905654,-3.209499094351243,-2.87742944319271
-1.3838990217176772,-3.3770277986725534,-2.600843721269365
3.823525245344045,0.6993842743296319,0.7828430086393693
3.5822811784824204,2.937605451520705,-1.2260926642988823
-5.255030917458879,0.9970667384277494,1.4207961091107297
2.164474509380025,-0.09163659373700296,0.882957826731679
3.5667759089335376,-1.705783990141502,2.484522632544229
3.0641780102209424,-1.3187226100395333,2.1729827629083243
-1.3969576160431034,-1.9957277533322215,-2.958222413499318
-5.625743414856227,0.8878336850375437,1.1709345609090578
4.703078252168142,2.9465371871443784,-1.3691506861783393
2.355744460288509,-1.5784053416464858,1.271451182098256
0.15212155198117008,-3.316863829951384,-1.0871147758046884
-1.4471828316688942,-3.1885335347753325,-2.8765478792953005
-5.357802071092256,0.9609029271595908,1.344577870301614
-1.251559605593412,-3.2748923297515318,-2.838921816012838
-1.4526620714513834,-1.9705700034592675,-2.9604585772159298
-2.935887889534879,-3.769571693015602,-4.5099580646956605
-5.304260663278609,0.9908587997702805,1.3974207430335366
-5.650315203769803,1.6835540530980628,0.935205980750599
-5.858948686036363,1.6543900112756909,0.8325540630986429
-1.2057922317748908,-3.3160658163384364,-2.9048692923321107
2.656262723319289,-1.5162914900785176,1.6851815383407907
3.7036816603451306,3.536507205627928,-1.814017461493823
3.590180764634012,-1.9344187581559074,2.702769159472487
4.2583676000342985,3.1251879971027803,-0.9155894615932635
4.459984750566808,1.537826610117487,-1.098020089484462
-1.4116265611957097,-2.024833930795005,-3.056532810270306
3.7531266323066803,3.2204610561492277,-1.2963763273944806
3.614267974420042,-2.076724877457686,2.748973679166108
-5.752733029303514,1.6477189864459625,0.8595240267273124
-5.358764418549064,0.9729739129267312,1.3585284491849778
2.6158600335640902,1.498166691945892,-0.9844406711496816
2.7355665078851383,-1.509031672750957,1.7158983319976604
4.038262612599694,2.2849658029900186,-1.8288119674138863
-1.3964907797654627,-1.9928897112945276,-2.9628130158152124
2.7396309664625424,-1.508313689389211,1.7206149049387858
4.995596747201462,2.5473354934474606,-1.3666532644960918
2.595402202095368,-1.5154425778568072,1.6165358144448942
-4.853860589628245,-0.2881548394259239,1.184351994575183
2.6517620706645113,-1.5242197890461346,1.6190981764549968
4.422483082432624,3.5121696153534203,-2.391929659436768
0.9334951924650016,-4.750611045125741,-2.483468865528797
0.6356646863466787,-3.789945137254652,-2.3722500479524773
4.1575936164726475,2.9272798588625126,-1.653137930863489
2.6389249762124143,-1.5259944425208527,1.6037497760917316
2.927646246350306,-1.2651283919997929,2.6623921504724914
-5.6199283529500805,1.6948072017790183,0.9583903667669385
2.2232719678565416,4.276983221965508,2.8607767626268985
1.807395617483362,0.013446250127779875,0.9080315469093302
-5.408843489108899,1.0526502715957813,1.436367824007527
-5.998945030639722,1.6848375566266816,0.8224582335298881
-1.7684300110450297,-0.2397098261715467,-0.8031800969636673
-5.829584324384409,1.6192218721349025,0.80084532656041
-0.08398789265335502,-0.06699016964481165,0.16248719347413434
-5.27469675827033,1.0212474447059101,1.442963405283636
3.669693597795485,-1.4077298687756843,2.6963847777434387
4.0187729042244795,3.9022084801973356,-2.730819629928047
-1.2299398744994015,-3.3074713123980612,-2.7663885488732594
-6.73621916830196,0.5512524567701949,0.41139549402630404
-5.691844191125342,1.697368447843652,0.9378314513292259
3.9964982704358163,3.339116400051364,-0.8764137609248039
3.365685319295492,0.7038254612538895,-0.2054996323852538
-5.638396244145896,0.8699650749279333,1.1456974081763436
-3.8411670006447345,-1.5356382089471894,0.38987225597078723
-5.679301528764078,1.6702429331229833,0.9100619451886837
2.817576471950503,-4.275094152750697,-5.2844918598579875
4.001307458900627,2.6381953850373567,-0.9537940610730982
-5.823464213490653,1.6624656967129106,0.8536746788846942
4.30589343726083,-2.095869672261068,-3.9133155335175984
-1.6450711908939524,-2.1165120773856763,-2.672157983420012
-1.5123998840270054,-3.5278745619031953,-2.543317721553388
4.679294591224274,3.102580676728477,-1.4221110318560182
3.9059662691744803,3.4560583441999215,-0.9211641947450612
-4.633071062291156,-1.379991016623507,-0.9464314620552108
3.1548504354392253,3.794802418250397,-1.2170413681939372
-5.260531707525678,0.9963864849364112,1.4182000440030536
1.7662509835618623,1.0428002453927354,-1.3368507165902128
-1.6177211524333017,-2.0903112209556265,-2.6933221011728805
-5.33007112410094,0.9705283434914831,1.364987126891143
3.449656463865757,-1.4767862344534461,2.46220829194961
2.359972460626479,-1.5818901845376208,1.2739461059546149
-1.1881986049536268,-3.377213262303903,-2.9194626989319974
5.467910457815206,-2.0739461520194316,1.2159065154110529
1.2441156332936338,-2.3089039227785713,-1.1613337739124072
-2.5159889650456075,-0.9189359501617389,-0.6016970389673568
-1.1961086180083875,-3.3899563812269196,-2.9594164151524454
3.494836984586694,-2.1583154584355655,3.0548298733459376
2.3560479633908233,-1.5786010886523152,1.2716564632705212
0.4101327283010566,-1.1366657000128266,-1.9144743524393586
4.704796202175082,2.9292030594220844,-1.3875174282382297
3.5595031701732815,-1.8298627313198712,2.6724744776373464
-4.55864097287075,2.445540814882092,-2.9409608601928303
-5.2582579418319755,0.9992252709958755,1.4222954285517304
-5.407813281110147,0.9458955903079769,1.3105496845545384
4.535243881772074,2.833377245579407,-1.0019705753179022
-5.314887874420884,0.9884854855190008,1.3911537780429015
-5.68021503080124,1.0825416797859688,1.383278656261827
4.064864072328046,3.027150784502172,-0.6148735421840594
4.4770491643177674,2.7608762625021597,-1.6918915996127215
-0.7204286669438693,-3.723136395668004,-3.409741069664174
3.169629850402554,-1.0283857795381919,2.3459757306525484
3.600331828686735,-1.1003386756428686,2.4283989045323158
-1.5246879719079323,-3.124227615677168,-2.8065529034332504
3.2433073425170322,-1.784817995467098,2.9390811622698494
-3.57369056746815,-4.908165117197484,-6.309221510395412
1.8123694581339531,-0.02023315218671186,0.8557676964489535
3.329690350848623,-1.161153869770024,2.5562105797132166
-5.739693978423245,1.6521203994949207,0.8689702480674236
-1.4613544387202537,-1.9926532498560845,-2.99878100561139
2.9743239187752937,4.0650869354168195,-1.6185555184766378
4.043398162102878,3.2907919473580116,-0.9897969010277213
-0.4601053479499299,-1.1114894724719746,-6.826622930939245
-5.612429439260402,1.6656185408399073,0.9265493766043742
4.376994222129705,3.0598140882343134,-0.9288608782989625
2.533679083312228,-1.7557364844815946,1.3994619565404922
3.0160849589738774,-1.3943430091816986,2.5974993454713906
-5.372325939487216,0.9864925877716999,1.370085200879509
2.8954058510772076,-2.076676360028429,1.6142374078345392
3.492691404362096,-2.1497612013994147,3.05326235225046
4.426368025638097,2.796477973463454,-1.5824972588167565
-2.0055534288971866,-2.8319778981917323,-1.5403848307279102
2.864442009048051,-1.1031720305862502,2.587287957283516
2.0776373967161437,-0.0671060960787795,0.8924495536456506
2.8326655203685,-1.0466276088212965,2.416276529577964
3.818733228770188,-1.2866838624444314,2.0941452536815004
-1.466228663789997,-1.9856090920701992,-2.9767329761015895
3.6046704835217374,-2.0621533129717524,2.749742198977565
-1.2560268041163811,-3.2909503683154644,-2.894684001418432
2.53919723937299,-2.6573322616555153,0.9204457231346292
-1.4100911726619,-2.0187934338728613,-3.039793593933283
-5.6296768022975145,1.6792100132347958,0.9368646368585625
4.086434408912379,2.0389881624000092,-1.067251579837554
-6.4588249581126655,0.6318125035126951,0.5969704139835618
-5.517773202474149,0.9302838924685259,1.2562754565292797
-6.877380487534556,0.5043081592066976,0.3099301605277356
3.357357470742369,-1.9261441334063716,3.0234166760931203
-1.3370404700984773,-3.3395413188755954,-2.5996464271540476
3.8348371383824147,3.2873607646401006,-1.7416662671619982
-5.676810408378622,1.6801638234454055,0.9225381202941885
1.102921531684379,-1.7504627297250415,-3.48234753691804
-3.454670910868448,-1.728708457492237,-0.2696095671891976
2.8490623013007164,-2.0360352742220056,1.5861343909685819
-5.2993660288855375,0.9857728344854237,1.393005378821312
-5.389034672876979,0.9588651162973285,1.3319938321633247
3.133718147045067,0.7591637568733662,-0.5721501475633539
-7.196005359405725,1.2234401025253767,-0.1121316368568663
-2.0940579212716606,-1.8268560462687313,-2.1669440074476434
4.265932456515991,2.016643824800339,-1.052352895625877
-1.2523912541059323,-3.2745631702069127,-2.828529623778248
-1.266471075976422,-3.2800792386971174,-2.854419653210759
-5.402922665576525,0.8924429079188605,1.239915968012989
-5.4898524971488785,1.0039888570135629,1.352470688611727
-5.216232001317144,1.0019409535531576,1.4391971216832726
-5.647519989447093,1.6792912585374147,0.9311121539085525
-5.77509841020719,1.6578594104078839,0.8641119109227483
-5.609316167226562,1.6835799803635423,0.9486735183231032
-1.2391658899466573,-3.2721287430258257,-2.8116681937637567
-0.9707694885111218,-3.4298305207531423,-2.9208420496019323
3.705121225538141,3.359811978819646,-1.263550939776436
3.7897367322422233,-1.1818752939652282,1.94621911244044
-5.825287495290765,1.7496159819393773,0.9555047154477576
3.9837076289394853,2.9501804765307598,-1.1973939752819518
-1.3995194410663296,-3.4545856614585557,-2.5161551868099656
3.983557471455384,0.06466058940833451,-0.1560508820954227
4.918446138108823,2.410253875669964,-0.7374829464785231
-5.708580843854944,1.6682044102595155,0.8980702220159494
-7.117043151926512,0.5157023654587412,0.24531199705306087
-5.262875068546529,0.999679099490062,1.421327416659499
-5.766866788239187,1.6549494383958283,0.8633896403705493
-5.238272200698515,1.0007555725843797,1.4306153376301467
2.769568362063578,-0.8837796190302001,2.4966888267633256
0.15006106695011592,0.029560743870544734,-1.9668725330553591
3.7066622745099886,-1.354585646209332,2.456184983890049
-1.9540478277378928,-3.555898003154539,-3.0676951206139798
2.5689842389948483,-1.5147597625628038,1.58628228581065
-5.678037352012837,0.8764487662955935,1.1404432402958422
3.502373799790543,0.9407633473160093,-0.7139084085609306
-5.701088129220085,1.6571700667809939,0.8875576500263592
4.0546060898932765,2.047592198841499,-0.9056660131669753
-5.323211370038428,0.9917603403421973,1.3923118616360448
-1.3302922792187382,-3.3642001739856986,-2.541294212897545
-5.607879533676656,1.6932478018399326,0.9605064835499884
-6.438010354547507,1.4933653483108875,0.4535271250899434
2.724614436740637,-1.5170931734585003,1.7622425085645093
2.862847185626141,-1.5112353937387997,1.916651666867641
4.175161716517804,2.1099593730437243,-1.155524793847715
-5.622407776455055,1.6888881746051698,0.9506213049337335
0.5221262447261871,-2.0109052787194144,0.08754234025561372
-0.897976152248148,-2.386250720841993,-3.605299635574759
3.848875722784777,1.476075371426614,-1.1779857620790717
3.247026968698795,-1.8067299686078262,2.946223586760438
5.239224492781432,2.2565518302690397,-0.5576876230071831
-1.5846327158047557,-1.8214382120780699,-3.0004305318938553
2.7876966768443263,-1.404428303882122,3.095720899115819
-1.5730706635415996,-2.0079296914988407,-2.7648598476217923
4.016483494552631,0.20991532925685916,-0.26057063264643276
3.7233303142392575,2.848516522407507,-0.9704582587863315
-1.68764470560513,-1.7032240505705025,-3.3371424439123287
3.3807807283301012,-2.0306113795977,3.0495650969428176
4.357115006670005,3.431111731443352,-2.2575393231860383
-1.5453558511698218,-2.030643275894772,-2.712904710726914
-5.281198532871012,0.9400833792921865,1.335864453346016
3.4362187701656883,-1.79395757459737,2.7729588864171757
2.6643464444109313,-1.516432512846179,1.6943420186137421
-1.1884128366367854,-2.819105957280645,-4.047054549524673
4.396583151997798,4.8473169917822645,-2.8768314513482323
-5.426207345459553,1.058262957463592,1.437343345446654
2.9285873037187016,-1.2668129531349375,2.662390112853188
2.334348321216863,-1.808128870248931,1.1531409782249926
-1.3554408982701414,-2.661695845556373,-2.2687959139865956
3.0098907093123137,-1.573318394281642,2.9015218475387368
3.1092230122175764,-1.1591635924689885,2.347824195791534
-5.749009147765787,1.654620545509391,0.8688556640061177
3.462965523443962,0.8480839476143549,-0.51346476443706
-5.978814621752993,0.7808445365469892,0.9294723284462441
-6.958287874256983,1.2994190899461238,0.05507300078672841
4.9998948304990485,1.9990165124590638,-2.7043086478043037
3.6778192959236584,3.647760143240858,-1.8860950318712508
-5.228533701034194,0.9920870098646031,1.4235451880334307
-2.593781697262003,-3.8441990978786547,-3.5134240279068654
1.1031692195522245,-2.289738980348265,-0.6969091037559669
3.5705327224424237,-1.716551104692981,2.4869462578323174
3.594080173414721,0.5849697753317313,-0.5570078270480645
3.2213109071881094,-1.6665810479346725,2.9012942794278573
2.5439783868704398,1.379387130851435,-0.5285825218171871
4.119115269402119,3.2430671196452328,-1.093674261426208
2.9310352465533547,-1.273838546914893,2.66460228147816
-6.77396692039973,0.5553360476802855,0.40392255964193513
3.647092646036263,-0.8406421335193072,1.8886372565668916
4.719485883827471,2.463818869027457,-1.1173942657505846
4.109851790130359,2.047006802438513,-0.957012989262042
-1.981874298990142,-1.8597818159267372,-3.1158832748640184
-1.1590486752474887,-3.396093943222517,-2.8326852200475314
-1.2342895347516738,-3.2783059872083204,-2.8663640409909985
-5.853387112068794,1.6175147637325242,0.7910378648585471
-6.776979171374461,0.5353496175464079,0.37932329721990765
3.6992586045863045,3.59540216648888,-1.5356306551577377
2.713256041368815,1.4354831397495582,-0.9528862367026163
1.2734049281255875,-3.629500164832418,-7.139291959147719
-6.56836996037213,0.5976363697283271,0.5208939606117519
3.5477077190798014,-1.0653448778439776,1.786628099363344
-5.601973275013026,1.6994539452626363,0.9697360803807611
3.4121928015998604,-1.1584709184248014,2.2140091880637507
4.665646091165113,2.789502696292501,-1.312403352725066
-1.1667936229305107,-3.341411703119728,-2.812749210597627
4.61953999895319,2.792697926730113,-1.130978237686701
3.663040329259997,-1.5913137656203389,3.2577635879686864
2.9360185717954397,-1.3029415054979583,2.6738380373507797
3.794031756865463,3.355399704528335,-0.9952737403354848
-0.7381828810139212,0.07385100133922767,-5.903845166013874
2.712509589404156,1.4362201864091082,-0.9537395459090823
-1.423619434119214,-1.9869824289025027,-2.9816706339475787
2.641241996534561,-1.525547977228099,1.6062691018701094
2.930973667880598,-1.4746598088511547,1.9424705995758214
2.7990708745219695,-1.441392292116022,3.1055620193479934
-1.356129770563266,-3.3767315654589924,-2.5584113835717983
2.73777910658127,-1.5080966324468876,1.717829209667126
-4.422622397074667,-0.8217068534850906,-0.2858301092591922
-6.480306790152631,1.423953426576329,0.35808649454989117
-5.791478861015363,1.7363753470748495,0.951023028141661
2.9041813900810762,-1.4835245156011454,1.9124264599150527
-1.4101197393341771,-2.021791620012539,-3.024547668549818
1.494274774557751,-1.0193128707860568,1.423142068804708
-1.2540657000383801,-3.2817110643822933,-2.858939111104777
2.7700924195133494,-0.8835809913044859,2.409991153516787
1.9601815638701454,-0.4649258782158663,-0.05753825094252039
-5.99716899534915,1.595208179074361,0.7176991674160916
-5.683941893769359,1.6715703458336133,0.9101011843085446
-7.726079331260309,1.9158350984032628,1.701464126875309
-5.6522295083522485,1.679396366884661,0.929692191892235
-5.234870739900194,0.998104681552463,1.4285910939710853
-5.598353836880574,1.6877051360594306,0.9571144172275423
-5.614314467926211,1.6844652200369126,0.9480757074212376
-5.354355088962255,0.9824147500128548,1.3711213275134844
4.002248855903661,1.4926705817494121,-0.846745149600337
2.1638705125278643,-0.09238958907117613,0.880758871852458
-5.654293504404294,1.6887303685192592,0.9399857597430101
3.2463259472529282,-1.7147558937288676,2.9966380279548694
-5.958155430811401,1.6863591321641138,0.8376144288561084
-1.5667261655958853,-3.4358840979487524,-3.4943795112684612
-7.280378332049364,1.1841865532461453,-0.1859171993803421
2.7445813533560326,-1.9044534928654095,1.503249757644167
-2.392909051686804,-3.781985403678775,-3.3763430370736676
-7.140338644880367,1.2587237880948283,-0.0524194538704694
-1.458352251904872,-3.1967860846943865,-2.741973749661626
4.630356824056978,2.0645323286125827,-0.9318382565758712
-5.250717235331455,0.993349473774658,1.417808961529537
3.4931807594040127,0.8324122091082256,-0.5370982269212912
-5.630048873938352,1.6925436728540166,0.9524132472158462
3.5381322060143012,0.9753235875228947,-0.8110264512625476
-1.141359226213064,-3.3610097335946043,-2.7425149773572497
-5.7129636971680435,1.6910309178936833,0.9234615035865004
5.182551731916363,2.274788837858494,-1.1807514732653142
2.9624092314971886,-1.5076098148590922,2.740750293792473
-5.736999853530855,1.642473257261151,0.8585155237192038
-1.4502204645584773,-3.3583519340377785,-2.2549828122193376
0.07789503008081153,0.2469372189945023,-0.631174995330628
2.418867813142907,-0.7088726536048888,2.1106454386145415
2.9720399969588813,-1.285261240000751,2.4205189003018117
-5.924503608361792,1.597692502224084,0.7444338538930694
1.800220933826753,-0.019069052043976256,0.8477078764507716
-5.332036945854781,0.9689470990258213,1.362478122431745
2.6430436852704493,-1.5263039205974585,1.609616734628717
-5.806594143471782,1.6233607482559727,0.813244457802384
3.4036178879175227,-1.699975639976787,2.7264541659553867
-5.247979453588665,0.99449229490153,1.4200514118098966
2.1439542397745788,1.8503947064770179,-0.6640544132228212
-1.8998390056665548,-1.284904359763813,-2.8155698561676634
-1.888981620737892,-2.273586367593175,-2.7268126314338033
3.5820596303558063,-1.8873912900715983,2.687502932547256
-1.4227595062508438,-1.948937970000356,-3.01184208090987
-5.477397739208006,0.9289989103290193,1.26791165102951
4.971575867157772,3.459771772899015,-2.262010375902615
2.6260997999776476,-1.5123088410214827,2.707171857154379
3.215059751532837,-1.7246842610898736,2.931687889957289
2.69455613707229,-1.5172788762558636,1.669482142739079
-1.161137438445562,-3.326055460231799,-2.781064994854169
2.7168501631553625,-1.5180460840909176,1.7549511872017771
3.659873833653076,3.0037937917438904,-1.3034695904751774
-5.623873832486409,1.6863869845282107,0.9472012631497562
-2.0514686969501623,-4.553123445151324,-5.1016747144924635
-2.1186141947895343,-1.7456694758029978,-1.1178678237988564
3.5152366671732893,0.9315707524953565,-0.7352042266948311
2.6331049652969356,-1.0792022416049596,2.2800070067883857
3.6712097378575415,3.660334823867489,-1.8436995307276516
-2.6281085823192014,0.5651921127968026,-2.1995609461195142
-1.6608697553237197,-4.706263040857948,-0.8773162363076419
2.8149448359103686,-1.5107214548650965,3.1253473955341784
3.964783858531621,3.171625242604782,-1.0868234381785655
-0.23505534770630973,-1.3056116382803062,-2.2373113393496475
-1.5246539232019074,-3.540771361618075,-2.54375736206114
-1.8847645545875698,-2.3422845000916888,-3.36658277098829
-5.257961039266097,0.9905589177581842,1.412151299483159
3.6284143665857553,0.6492739649662833,-0.5849508054368122
-6.073589380202367,0.7496752579735899,0.8617613282100319
-5.626140072034301,1.6953689505685405,0.9570147829539055
3.531567414923098,0.5685749979144754,-0.30893289373439914
-5.263744243311881,0.9269191500595069,1.325997102046241
-1.5243681359313628,-2.008412769796666,-2.725917961104211
3.959151872434531,3.4912264349175746,-1.3646637969785114
-1.2399531940573272,-3.2636384566604026,-2.8232927883627252
3.5608037653248448,-1.700333229921736,2.4839045113986296
-6.971027561163305,1.3044635347157163,0.056826465787938284
3.7833193979289406,-2.5018833930085282,1.4174199479648004
2.778807356103461,-0.9516649381264717,2.4316945769858767
3.6581372495009474,3.549051454511869,-1.4137856019359805
3.981924114969944,3.195494400488093,-1.0355296339509519
-1.8961391575823228,4.8735216325549375,-1.409718014225518
4.005117301716468,4.198811191259158,-2.5420815038248743
3.885215732268372,2.998149659970332,-0.7826851440065756
4.051269105050948,3.249388286405922,-1.0170272517532037
3.651588114811701,-1.4879627493978698,2.3501417165792073
-2.365303794311855,-0.8365094100280839,-0.244018939276575
3.5059794870264667,-1.7999663579875063,2.6348643716388693
0.6342504253269227,0.5143109012628626,-3.5008065369742343
-5.383164402146641,0.9737696668951488,1.3515191491232157
-0.08698665611866165,-2.8442093355618203,-6.937790684471551
-6.467696880316116,1.4194981785038099,0.35698363985597426
-1.5606499787865136,-1.1278979342476059,-3.1452722653561733
-3.599264925357163,-1.0157849880625278,0.16049880469714387
-2.5448639951127787,-0.2541356912855588,0.20445236839242112
4.141916698197342,3.38025366423679,-1.8082475110652523
4.166427268127127,3.3090310698289187,-1.0309709579855928
-1.499825455036815,-3.516435109572028,-2.5594701850417763
4.292894458124513,3.0875091315529093,-0.8215327468133015
3.252466361899738,-1.838892162826506,2.9566999571816326
0.6360761201652531,-1.898537199366356,-0.07953763348955808
-5.795789034358488,1.6472415143497896,0.844851875937847
2.664910747655308,3.362158796999769,-1.7679829751116718
-0.9325035874217544,-2.728044056144097,-3.01323582138474
-5.3037706669606,0.9829179277141487,1.388196688467873
-5.706103210752725,1.6506079352715872,0.8782020132238931
3.5190865303403487,0.8759162719812603,-0.6222283631033221
2.7344587698421448,-1.895962780853416,1.4972184617674855
3.7622281528790418,-2.18664284392275,2.7110620366133795
3.5228819676879675,0.945714024637927,-0.7605361086230469
-5.62563667747722,1.6890665436018608,0.9497727045397542
3.776653346918908,-2.2709353724867065,2.738357470878468
2.741147955879891,-1.939717777795543,1.5227986771233906
-6.4772701961846755,1.4228602010910203,0.35779693517531563
-1.6242779768079403,-1.3457729292819063,-2.2552537545732556
-5.671189342146371,1.6801982634066146,0.9244208132514784
-1.3315917278724532,-3.369609797531924,-2.5326310204764657
-5.406549521709887,0.9909966775243895,1.3642576654640637
-6.0834867478071475,0.8502036874332761,0.9773330173755399
-2.4364911202801642,-1.3271183991031283,-2.5716984132759375
3.9618457976933965,2.0372592381316497,-1.3313319688668386
-1.5225870636921914,-2.0094927822903874,-2.7256737551899204
-5.76325657989035,0.910220719937215,1.1525875566101815
3.957847825543049,3.04796423833034,-1.3255282151417127
3.240045694494268,3.4635240049989684,-1.2741732787902378
4.091170447307117,1.355680076902048,-0.8881668621714581
-4.3138889236872515,-1.4995396023326444,0.39942664445094994
-5.790220878202651,0.8505380279245718,1.0732743517672256
4.075982564675594,2.7248375250270787,-1.1308422987458984
-6.927848047154197,0.492923876788931,0.2800345454620041
-5.252304529720887,0.9919600736403904,1.415649988658328
4.739691515620366,4.64179212223521,-2.3910624247929144
-5.950553507206233,1.6480225944702758,0.7950489104199278
-1.4426364026491096,-2.0014354409405404,-3.003382078895935
3.73304201078222,3.496807835050714,-0.6160899337610455
3.2364334684667186,-1.7021914479250015,2.994660844290319
-3.521401060513627,-0.5474070613321174,0.2943738238516498
3.9588835035664047,3.387346374034323,-1.6259348142934154
3.2359249189245043,-1.7414887133167398,2.9250743421246015
2.7291154388058736,-1.5165463597846995,1.7667249741025906
-0.03157511260737442,-2.7608534307959975,-1.883574489783778
2.7824429432192175,-1.3999157970602432,3.095477350831019
-5.504423422637719,0.9130589088883321,1.2402704782795633
2.1619598740908685,-0.0957994885220952,0.8721136177814951
-5.408039126893535,0.9554816563116812,1.3218037944167458
4.040265906568433,1.842852182484605,-1.070322497164364
2.839077750257377,-2.0266925802333158,1.580832742978997
3.350227889609557,-1.8948887482209877,3.013035851469855
-0.15173421508808202,-3.0343085311876323,-2.548063219352231
-5.215243513057562,-0.644356426764925,2.5131868460382667
2.7923030221139777,-1.0525804825578557,2.468374962855617
-3.9148893482144427,-1.395520494254725,0.41663380318920984
-1.3983435953875498,-1.9953163240095502,-2.9791720083915156
2.780379740063105,-1.501677267225197,1.7685588671465238
4.436727674757687,3.222890415522788,-0.905884741522197
2.8703607560835858,-1.4913097985211812,1.8744868991853405
4.126330757387844,2.0960384796317704,-1.0361723664562066
-1.6102437709414568,-2.10406379401144,-2.673109603220954
-5.299211218818292,1.0013025075513386,1.411407290276027
-5.317470710336766,0.9894556296557333,1.3914587000172383
-0.7596231383779568,-2.450552419285754,-3.4542692855573383
3.733716133456931,3.373409306006206,-1.2639544076267208
-5.2583764473762935,0.9975439802062471,1.4202700502170942
-1.4637173794131895,-2.0003900510593975,-3.0312734944497906
3.8681025136140943,-1.4622969674412336,2.385649099774988
2.3558099769295637,-1.5783361663786484,1.2716236495388729
4.237264600466196,1.310347557244205,-0.9800957711455169
-5.33596613762512,0.9727797413373009,1.3657268815453145
-5.735617123058941,1.6784538856706774,0.9012556097348555
-5.685828287200457,0.8999546827213383,1.165682145741063
2.4466425763913593,-1.6544237494927043,1.3258460966314094
-5.977496929961418,1.621602964509802,0.755167879435913
-0.8237099825611087,-2.4245018545313823,-3.5187303950068736
3.5965539021088397,-1.971973202450759,2.71489767949287
2.4039209188687445,-0.5694276124374205,2.0668463074847057
2.7872661055681567,-0.9959029282401985,2.5325596824610845
2.8474616584451984,-1.5100853965822112,1.8990798607694994
4.695645452858157,2.8186529963579354,-1.359629095815103
-1.6847577405614649,-3.4907675293438176,-2.1320584072163347
5.212713069236926,1.0586783081030084,-0.6307314577032466
3.2389829223523234,-1.7034963923196451,2.993587362521321
-5.24960816231139,1.009819786361028,1.4376331354818277
2.2873150038429038,-1.536907061615055,1.2534132494274695
4.597803843073356,2.7874590267152572,-1.1409167251971588
0.3250184546297654,-3.1481701473355703,-1.3233018309478786
1.8462609339985325,-1.149653121433552,3.0397665794899953
-1.41959704426106,-1.9681791887000606,-2.9554105221489837
-5.646966449650061,1.6874670558849925,0.9409023397912455
3.664195284424032,-1.5306407947811937,3.006738716192877
2.5611938150385813,0.23109412758346923,-0.90176071010337
-6.316663411067084,1.46982535761743,0.4656304833436845
3.4607399435470785,-1.5073879212674997,2.469816348793499
-5.65852601272377,1.67980387077609,0.9281075179928122
4.18901009985613,3.1166705966706023,-1.0535625079502193
2.8155834191942772,-1.513578963859311,3.126122783749154
3.6934743264464847,3.513211002377101,-0.6433384922931913
-2.0773407606730925,-2.0534006553944173,-2.7541317209235636
3.4590494308172377,-1.4991608807492462,2.466788818550802
2.672729284987764,-1.520561637158745,1.6434829381849319
-1.3885345335729065,-3.4075986373683826,-2.5491823117026233
-5.837399030794519,1.6303221499382055,0.8113298851123879
3.4609813383085615,-1.5602305409284036,2.5612980405484405
-6.97591846082963,1.278866637192901,0.025140091425785792
3.0152584520841854,-1.1385133099286304,2.6677913657670054
-1.210470116974949,-3.288796751124623,-2.8664519341479617
-5.670162415401763,1.7084684173640436,0.9579829341511223
3.225045308525881,-1.6987580202788277,2.996982596885122
3.444697779839855,-1.8961387865519055,2.81454481925678
2.7059538889578483,-1.9084532765095177,1.5018913125799558
2.0733107685381458,-0.06868421666517623,0.8809068108014327
4.341677888126074,0.9000947351470655,-0.9588115800860811
3.789555739596695,3.4739997837304903,-1.8429664115762932
2.8033172106358495,-1.4595823067351552,3.110696009590897
-5.237654531279163,1.0032514556104326,1.4337659301795036
4.962015125395244,1.6090114402611364,-0.49670443191271146
4.115878962737741,3.3740091925122897,-1.1586020871459695
-5.327948707283086,1.0145831674032042,1.417738537297191
-1.5513362490883373,-1.771457795695095,-2.8654756918810995
4.532952576471431,2.6152758918549956,-1.0353798962273075
-5.633491475409055,1.6923184236872526,0.9510202576483382
4.384817214466742,2.443271664426688,-1.778652707430437
2.697905390822733,-1.313591222346655,2.979202568873203
4.136071597207155,3.1445007931341213,-1.2111103194476989
2.625985530320098,-1.516600359036159,1.6517027317865411
3.849818269249945,-1.4371785270376014,2.2012288620907374
-5.485087546349692,0.92669135716128,1.2626794203819633
-1.5096970477902378,-3.1406905274597565,-2.81261596604825
1.533484325066958,-4.502007757946621,-2.380553782843906
-1.5401081551075746,-1.984361157280238,-2.7511202118985403
-6.116212006027527,1.7889890081359745,0.9064358903473712
2.446646596312439,-1.6543913553673062,1.32589934278831
-1.2591129416228044,-3.2891949155355094,-2.8937866485479486
-1.1097596293777887,-2.371198766841411,-3.7953419838606
-1.429741850811997,-1.9548752991361247,-3.034128389145279
-5.815197541043948,1.7121081724267633,0.9147285594395936
-1.4294067090101825,-3.421329874147553,-2.5930785236765908
2.1169042660978343,1.8434430236797734,-0.6305786362918726
-1.1553697995711294,-3.3417916722861416,-2.818947570190192
-5.23955642890071,1.0102752114245392,1.4414462266250265
-1.4085138122142926,-1.975744950317726,-3.027864504507583
4.417008597332851,3.1264446906758185,-0.9259462574129931
-5.661077012847138,1.6866947769748624,0.9353701848503564
0.6775374100827879,-1.7557576981254104,0.11872176091515765
2.7874760205580307,-0.9670145015548801,2.5239543712179313
-5.619418657218387,1.692825472075584,0.9562283360309147
-5.600533144136155,1.6822873437601134,0.9500330653994828
-5.2810664073528715,0.989254022702692,1.4030812710611873
3.5572731722819824,3.4551508301695337,-1.111742749506169
3.641893950312854,-1.356492471377345,2.6039205081168104
3.0312946487436374,-1.5132009477143735,2.6364566985861138
2.8215588800342566,-1.4945965353922028,1.8165709231916365
-1.5059333524124037,-1.8454927499635994,-2.9074444085127573
4.757889300402955,3.66704009488397,-2.810091456834391
2.9248071706012313,-1.4825359058885292,1.9368481325213238
2.4561459265688073,-0.6634135055406762,2.024251746343667
1.8003716195822823,-0.019069557116670147,0.8478115483915957
4.66539673498885,-3.2958237016007557,1.6182359706451876
3.562518905725454,-1.7015376921389334,2.4837060945734266
2.595309614413691,-1.5154290146270613,1.6164482781626803
2.460410407952908,-1.6905171155079999,1.356171908958075
3.6173589070618717,0.9663998944161676,1.017398546643714
4.044489464884229,3.0240430888881678,-1.6167264597223456
4.602703976928932,2.700949312801613,-1.7871703596806534
-5.750563405145681,1.6483700460897168,0.8610002632314445
3.6426621369329664,1.1276773753723859,-1.1369199552289169
-1.409177631867027,-2.027662716784407,-3.05492748184049
2.6988148909762844,-1.515481982244912,1.6732198116019552
-5.256654933194297,0.9940209991235873,1.4166678891281876
5.5195412248071305,0.3971060508958173,-0.45475451745790496
3.4068988770063195,-1.719033215684585,2.732954956014572
-5.78223830425256,1.6611947719254916,0.8656919508224307
-0.5016568074987592,1.450723501340438,-4.686089273610674
4.215749918015039,3.2220273838616498,-1.3063747808080326
-5.770075352881865,1.655977260668319,0.8635460685226538
-5.2637282515788,1.0119502171681898,1.4355502974068408
-5.472359800411632,0.9296860026126739,1.270365001276189
0.56460002601315,-1.941046388976161,0.02174560077555234
-5.838991607590361,1.624458841141184,0.8039169530610483
-5.7718045168293814,1.6401964982155262,0.8444326646793138
-5.823390778861897,1.6521148145132027,0.8415334342007289
-1.1299397178422155,-3.405012550633294,-2.5178705996348927
-5.426174975006524,0.9672298238393964,1.329777938382784
3.639073945949764,3.7869783642351544,-1.9509881135240097
2.0121174987117474,-1.5782441815717392,1.0983192444776757
2.8198989551062623,-1.5327411310063837,3.131598246107637
-5.392549658222426,0.9601297276924132,1.3323430018639444
-5.291528037305647,1.0107383785555832,1.4250609957547884
-5.769083990515083,1.6438068671476325,0.8495674115700426
-1.4218649161275325,-2.0378316383844077,-3.099416917632961
3.9963968780051204,3.287257127031942,-1.3565353820344896
2.7260107621963523,1.4210865948932563,-1.0391856800135757
3.9230669625994454,3.382747884259161,-1.113185198971862
5.213548578679458,3.218776121917071,-2.364460451553285
4.214511541262871,-1.1498047230287483,1.8318407740424105
4.113693287309136,2.2097574544522973,-0.9819093806543886
-1.0270086605239241,-2.820426087655186,-4.6867222639473365
3.2375195660283405,-1.7513180322162634,2.9277344399731207
-0.20949909357236748,-0.9589927962750266,-1.3988686106103676
-6.728157939760295,0.5482430357304757,0.4104658302237114
3.5382290338464486,2.6847549416890004,-1.5302087997843559
0.01920171767068471,-3.935178701299457,-1.715215021338201
4.7327460933678385,3.6516562100241057,-2.7633034078889636
-0.6178757173059426,-2.3723040275860794,-1.5610012646551963
3.0014569188013724,-2.847553246715002,3.048699402059032
-5.609655840132198,1.6852178927322292,0.9504871230802083
2.7660253375132298,-1.5164449182797248,1.8113962652022695
4.165933311788908,2.9826450448454067,-0.6041568588164677
3.968528038176326,2.9672872437259814,-1.1705914744706467
3.4995646501430158,-2.178576064696085,3.06478568104745
-1.4090370942610952,-2.018073117838217,-3.0292365639915286
3.6840614210568936,3.4931079108664314,-1.24745181257337
-5.2404303863727835,0.9918607860184983,1.4194015343819733
-5.657338718151997,1.686006877716573,0.9357868757552945
3.7842161013839024,3.6462040382463767,-0.923961450748328
3.8395742508491724,3.22031785377336,-1.463991336181391
-1.307764990117849,-3.149818492361151,-2.7704294423968947
-5.429880604360798,1.046337465429752,1.4220539358788866
-5.643838596858612,1.699830225136937,0.9564576617883722
4.303134298443444,2.0003726442751404,-1.0741737432570366
3.3809413267573123,2.874415584871608,-1.555009750545025
3.2707338686458245,-1.8172969655124356,3.0232102442542903
-5.274720419052287,0.9861466113867872,1.4014769272939838
-0.1773527808549598,-2.9054236609396806,-1.1046948773810632
-5.826620709947009,1.622162611222814,0.805272723057945
3.8371451734922846,-0.06051547510048323,0.5871265104517652
2.5580053981623556,-1.5198963851070793,1.579529198606689
3.880325321848189,3.103190344208811,-1.0134391458309804
-5.495538146727145,0.9292249977673404,1.2622684842628873
3.9910129866046886,3.3597317876047783,-4.016553289192414
-6.486104519652913,1.4262778544997774,0.3589181111282953
3.4938065299399557,-1.724724933042657,2.6136232054235333
3.552377592703755,-1.6769022212580955,2.6299516116797768
3.327822293605734,-1.81150954485593,3.6647056455803853
2.7746333729547983,-0.9178407119522767,2.421555500424969
1.5598145406176391,-5.874187724516397,-3.65643104226681
-5.440770718995755,0.9483655066450609,1.3027304466365104
3.7790000572228784,-0.11829946274463633,0.3329048142932012
-1.2455699934432134,-3.313469984705691,-2.9662682856232743
3.8323075696913675,3.4673060672998526,-1.1554175005365581
2.832614064226822,-1.5179175905068507,1.883781770386863
3.5276709077158066,3.655037369677351,-1.6234002279358422
4.117957441088367,3.136322981398702,-1.1003840114092411
2.824684220042438,-0.9892199820101961,2.397905762558484
-1.412597352686037,-3.3988571677783663,-2.604770486079031
3.945793327458487,2.947268354012755,-1.481352128151728
-5.239686002670985,0.9913028061864573,1.4189847517796104
3.512795291246515,3.6705363958514696,-1.5821475342467068
-1.5872723677092695,-1.0705483499598105,-3.169884430206881
2.446963586721091,-1.6787420057908355,1.34803740380419
2.7654493551543933,-1.5165943651317109,1.8085078745659917
-2.830092852609919,-1.208632259705138,0.14790656183196685
2.8195825104744054,-0.970256339962754,2.3933053447396078
-1.2626149024998023,-3.291872908299131,-2.89836814664945
-1.2870233561302162,-3.317515598606953,-2.9131398751255104
-1.3085642185635138,-3.351677444407565,-2.5726673430767355
3.245727330118357,-1.7991179630996812,2.9436995693633805
4.610439681183549,-1.3769237830749173,-11.813224156211618
4.196573043710468,2.246372608283626,-0.8688262010945224
3.777652970046488,-2.2768051890859824,2.740291714968086
-5.316468923764426,1.0180280146321863,1.425549510192455
-1.559795062249177,-3.5048297227347507,-2.199403947980333
-5.609231536651531,1.6785166535549898,0.9427508020111903
-2.491728756199756,-1.3690457112360295,-3.247753962145516
-1.4172860348518452,-3.3774137528565733,-6.132048675818428
-1.2906921705737153,-3.3304644754179615,-3.0070923771547418
4.794209560045499,-1.6508439819504495,3.673595807339904
-1.4602106757692832,-3.128196557407959,-2.7942056056407467
-1.6001361642048415,-2.0612651304282923,-2.7461690138847668
2.9169969629639914,-2.0959899241857243,1.6269017355227633
4.281959806494549,-1.7541370398263063,-7.181421765598808
-1.5639625945244393,-1.1439815022056252,-3.170932598869974
3.352751617718802,3.9088277916589576,-1.4718752015023797
-5.782339641616594,1.7498363846050937,0.9698389589484278
2.8348601705178216,-1.5993453279132424,3.150754113946051
-7.0444099171231676,0.47526401131176943,0.22118915041113077
-0.23315609139018004,-2.9704058186397764,-1.0520701674343438
-5.83589895848512,1.6232512611142482,0.803511305359024
-5.420680299387709,1.0490982879697262,1.4283139261179134
4.791602752662504,2.744506797500113,-1.2394028522817753
-1.3258102808945422,-3.342139672213871,-2.57603432744857
4.117197865053591,2.0260163318844344,-1.413192754505215
2.5599490866285466,-1.5152651086251634,1.5766995186050667
-5.392307754179497,0.9652533698766614,1.3384764273449354
1.1786318722555353,-1.4659162111107311,1.305887316578562
-1.1347489378763715,-2.396047475962456,-1.709052522811924
-1.7433444761320953,-1.7680916232653163,-2.3161578718517233
3.8064914194012966,-0.11326650173357368,0.2850011811212261
-1.2043320240799213,-3.310599242708108,-2.889038724961891
3.3019690632788006,-1.2211265227418684,1.4205036965653526
3.4165844738948965,0.7729024097033799,-0.35620353157684526
4.556866412896523,3.0039370285428637,-1.1355347230787882
-0.12520628806237896,-1.42916339150231,-1.986314711263465
2.8092033842209303,-1.4853382321318924,3.118029318708971
-5.093456638183277,0.37417846163750523,0.7159601035710411
-1.8776240007483973,-1.419487651145738,-2.4243654470816396
-1.6286148938751726,-1.1975497992899196,-3.2823610179309965
2.268361641491627,-1.5202731789501382,1.2419177832686121
4.639175124935551,2.961042457356483,-0.5990087545346321
-6.184920725466877,0.7367868914798352,0.8102586063284382
2.9398676392572014,-1.3314480266721112,2.683047911649083
2.764090418280344,-0.8399501558240647,2.4003611068213417
0.46427729643207233,0.7014781203105052,-4.122551660662804
2.8282108371392902,-1.5697193593750547,3.142183516703448
2.934972022402865,-1.295841184784345,2.6714714444151677
3.207904913226105,3.8610324451693807,-1.635054763829603
-5.409701723701864,1.0632159555129164,1.4485739548008507
4.081700356982722,3.3735274407310056,-1.048025884427567
-6.365406842125984,0.5784877951419167,0.5553211110465607
3.4691022130827593,-1.5558313266998494,2.4835755042550773
3.7149660660211747,0.5300893485834304,3.3661691805337344
3.0269311604823947,-1.479048247690057,2.625233615301004
-1.4709449942617143,-2.018222759170379,-3.0754833855275394
2.960069330534919,0.4951086579841095,0.016850582807179902
3.5671789139259036,-1.7064447656092505,2.4830985299740846
-5.774819918902588,1.6415798262751427,0.845070165930956
-1.5531389558451874,-2.0207699260865577,-2.7493685646409456
3.3427494230750385,-1.862652495949947,3.001150414266508
4.357749577391357,2.580140105528357,-1.01938589987461
4.706987638330786,2.7546480230611414,-2.4035532166387736
-5.640699402003231,1.6808656026574935,0.9351977951418304
-0.7288027712345426,-1.534854524391768,-1.5210901426659797
-7.005831411630463,1.4105598347156159,0.17011499515757336
2.7408342028230743,-1.5178871278343529,1.781123947504464
5.181096936201626,3.6397326941793122,-2.936437610531842
-6.481240630440099,0.6402321815024217,0.5996166511253013
2.819799712738152,-1.5322981238867484,3.131544515652693
4.407269892240654,3.1681409041457957,-1.1515887969016765
1.8908606796258878,-1.274289321876438,3.047117458319231
3.023996026310529,-1.4560131326147725,2.6176884644301075
3.5859361828410754,-1.8050463557689995,2.5102576207014153
0.6477623181557529,-1.847921185477508,0.19431635675162287
3.8811780976579864,1.3334056647173775,-1.0502872040707603
-5.443447233541696,0.9372159867221423,1.2886831348132928
-5.710959464225177,1.6708001934991623,0.900341433834953
2.6961648955394577,-1.899777944664136,1.4960920927151737
-5.63531927331404,1.686767736585872,0.9438976426255812
-5.374076984061991,0.97883682921114,1.3604677876145628
1.9337269757767503,-0.048573139449414895,0.9229190429411516
-5.668595629700916,1.6715954800143402,0.9151602885764715
3.4553949186222295,-1.9068162072890158,2.809647136478223
3.57560108542174,-1.8532950554762757,2.67664372400701
3.5458347434738116,3.6129366707939012,-1.135662865905693
-1.6995021554788097,-2.202185283229374,-2.665991717577859
-1.3241148675521852,-3.333880930212462,-2.589055145913101
4.260746158193861,3.1713872710780415,-0.5871720505382438
4.37284858065909,0.017836380040735275,-0.5869776491318948
4.061219627228299,3.100076715255988,-1.5633214286856323
2.0511994801514275,-1.4038510213683817,1.1489831284604197
-0.9580985691206416,-3.312075404804635,-3.1506141573363986
-5.4905842909581795,0.9213702974638371,1.2546007384021705
4.099995819937066,3.3420211960320416,-1.3587707406863292
2.740667205875212,-1.9014557612709706,1.5004296834018713
4.208804427858007,2.462198660019692,-0.5510989082377306
-5.608147312478374,1.692100658443878,0.959070524407956
2.643623776425429,-1.5256699075828914,1.6096687472772373
4.654303074000304,-0.02725326489579595,6.2150522924805385
3.6032698457917807,-1.2651723495090235,2.7696807466524525
4.754242462406199,3.3523891068790954,-2.6006053331909103
-5.534933419509158,0.9360985099778052,1.257555795182351
-5.3014320104552075,1.0284131059580197,1.442720832355444
4.34655645721938,2.8853980775548034,-0.03400646637251483
-1.4699312792685413,-2.008203700004097,-3.047596703961919
-1.5741961903114718,-1.1167436027840294,-3.052000133617996
-1.4004604732354393,-2.002369330201305,-2.977606346087527
-5.261556815893669,1.0000746800331024,1.4222243704847923
-1.5249810683393867,-2.0080507903863194,-2.7259930342778795
3.247119724591818,-1.8073811772199275,2.9463813251774043
-1.3052738710978569,-3.3135163027821535,-2.597879304196764
4.025617551819334,3.352671933445416,-1.1957689489093413
3.285725788811294,3.0922429637628936,-1.7064221433093383
3.667326009168312,3.064021296411539,-1.459186668827764
-5.475614356344884,1.0434369283608707,1.403726263536176
2.8417935541977113,-1.6303065202728013,3.1595850423030933
4.706569035353957,2.5158873842249596,-1.182033848777057
-2.126049153244208,-2.2548504578831357,-3.3562743884122113
-1.4667765631053766,-1.9475338614110949,-3.0442703400559776
-5.208020541005795,0.9968707457076427,1.4358816424259875
3.455378800801815,-1.5566206934932052,2.5618523310927768
3.9783751537002434,-1.3969956667252872,1.888025176310438
1.812535382758673,-0.020243457092571596,0.8558783980425521
5.9151864072274485,-4.5122778880384455,2.82310655444873
3.5752160460422693,-1.7745553198823818,2.551483854839145
-1.431071177969317,-3.4292890853392044,-2.538852463253058
4.588932566423308,2.4931450159041977,-1.0059735040879352
4.464017435078585,2.7506619580404625,-1.4854201995654013
-2.724766117483738,-2.43381695143541,-3.7701946221797846
3.4885136083310324,0.38132770225987356,0.028738130250970405
3.415625315284832,-1.559019035399556,3.1510802884401237
-5.356445354829982,0.9841277189743121,1.3724645450278663
4.897859437457206,1.1232604580087893,-0.25796686272958486
-5.304551072124684,0.9746561998768071,1.378179769904196
-6.06509789548324,1.5795834736943881,0.6770732130255531
-5.637650072753753,1.6843142745762592,0.9402502763287759
-5.269710257463479,1.002042360379467,1.421893133097231
-5.810890442217159,1.632328398211632,0.8223755944547869
13.335412883101794,-2.112145609459844,-3.2155432955465417
-5.833831760452118,1.642817179371165,0.8271841917179455
-5.796309012163044,1.6233630961589398,0.8166182260113327
-5.20958880283693,0.9994455525751915,1.4384129948121107
3.89541541084404,-0.6501971949800751,1.8448013305023931
-5.587006730034228,1.6867093141707867,0.9596631507236248
-1.4590548635774259,-2.0092701242402264,-3.03820628495613
-5.860675086291946,1.6163222606676007,0.7872478072501682
2.8771068106632405,-1.492250404026278,1.8821528558694152
3.222211703413744,-1.669349590575655,2.902018326536775
-5.613460861389858,1.697521394687282,0.9636999161841244
4.172215210666612,2.1768754056227775,-1.4440158393098386
0.400458989667852,-2.2347561123210267,-0.845690287430614
4.540163368074551,3.006838776377364,-0.5107980601813903
3.8878147737678987,3.5132374866353153,-0.961416321439123
-5.352028642381881,0.9705180862755087,1.3578209762111504
3.1000217961950804,-1.6617946916867212,3.0466892084860397
-5.592013184511022,1.021299106148426,1.3396427505403148
3.8992260087436064,1.89720054815175,-1.0490483977042333
2.7156607055459956,-1.8621702397612823,1.4609830541782751
3.8076996397275393,3.4627808291721576,-1.1348783151605741
4.859524504195218,2.670172916337353,-0.39813634039991563
4.165835855750027,3.033681762400388,-1.249383389384272
2.9344038935582613,-1.2919680213950389,2.670237001094779
3.877542172542353,3.231880709580315,-1.7979631467317125
-4.115871670106758,-0.8407558051730225,-1.330884351636002
4.151407008449062,3.0421573616889974,-1.819525289246595
3.598599213267328,-1.9839043486348307,2.718818350903009
4.5285162177822285,1.3856771450052836,0.02051818231606287
-1.6078746436250622,-1.855158879383683,-2.9731322616903237
2.8591139377988886,-1.4825525497023615,1.8597869139630976
5.0710783689332555,2.9952029142283307,-1.7057848947271042
3.4810874181980753,-1.6518963223309115,2.5879484613245727
-5.3266784129526235,0.97704796331994,1.373796630144077
-1.4486227435468535,-1.9932652174830143,-3.1234913017507604
2.8606808190733486,-1.51627644386093,1.915857841587634
-1.2263351560257127,-3.2942434993942897,-2.89094695723237
2.7579161774186494,-1.5174717496415915,1.7997752206429012
3.6376607337013094,3.8462243688579023,-2.0481233999170896
-1.1651236480435563,-3.3520276345321025,-2.8117602450937063
4.060170564842418,3.2816295399409006,-1.2645707245258857
-1.202013399503519,-3.305626325300828,-2.8805506945484987
-1.2271894580046554,-3.2688882286984664,-2.823156518438536
3.950754737572829,2.7281145092349273,-0.781012612717425
-5.269033588886395,0.9828784751853279,1.3994680343937802
4.218132389817211,2.9271143973743743,-1.141839514279282
2.9236524880929977,-1.481261718494569,1.9389414837618095
2.0732924187962762,-0.06953386750912795,0.8807884955356643
-1.445308036416938,-1.9760816426662031,-2.95693173575258
-1.3961142297070868,-1.9909114432576387,-2.9660645955284823
0.33163098424607207,-0.43397930860319134,-0.10919080029803505
-6.230100925638744,0.7412682193190792,0.8008344594232523
-1.2396773817650713,-2.1298912177606923,-3.0366026397423203
5.1381453733866245,2.299243766497947,-0.3881928985129124
3.194455339852046,-3.148463917993053,3.8568426537300566
4.555775556388085,1.9851354630754132,-1.2233660245477584
2.7433764789952293,-1.941872264067586,1.5238887222396795
2.076509529972813,-0.06649956294250582,0.891316775165277
2.236723100543879,-1.4053194741820332,1.0497558794066517
-1.5441073625886783,-3.1849321594874564,-2.8873756355726186
2.713251953353612,1.4354847756771063,-0.952891169862186
-1.5965468531620075,0.1307311562924429,-3.3703185344522546
2.6498078053954903,-1.8586468455778493,1.4685536844129037
-5.521836062228464,0.9195623675750495,1.2422821115905291
-5.6304816039816865,1.67366339751175,0.9300823610269655
4.5218639900412105,1.5299122739318565,-1.2071066779444242
2.0432545336602557,1.8381267765590295,-0.6041462060896132
2.6086524611853434,-1.5161723133564922,1.632307084447692
1.8959633704387249,-0.015341900044197236,0.8982781833307766
3.5629224165869418,-1.8290859805045732,2.6747020041948706
-0.004219770570857957,-2.60368921335187,-2.6630689036453377
2.556241280558882,-1.515616569813696,1.572908680702178
2.8303140656646755,-2.0188399922389935,1.5756837938033539
4.147815925815,3.493202945006078,-1.784400168238231
3.2514379402950366,-1.7335990613218315,2.997650780919006
-5.6135318076953284,1.6876908871643765,0.9521231833286132
-2.3626845391699134,-3.806668171596567,-3.3632827607396956
4.038646773292632,3.0612751060177077,-1.0300147251615839
-5.269928809364994,1.0003800993735883,1.419857628222853
2.564136250462983,-1.7826722157103672,1.4176291538699144
-1.2367079323750436,-3.340515356108796,-2.8644127422834713
2.735513624951699,-1.5166183043763566,1.773935268401824
-1.3937641242074024,-1.9936447583292316,-2.964549213008872
3.4661092402695455,-1.540082416744291,2.476438782027986
3.716450305429181,3.531118550013753,-0.9211931201999154
-1.4454798388418377,-1.9851261711201142,-2.983868462530982
3.5878924555054543,-1.9628528191153323,2.7174736876242354
-1.1239824539778878,-3.37739985328751,-2.8147537430498244
-5.397278768221121,0.9458726958804062,1.3139549973852196
2.891848394912342,-2.028383464451245,1.5903157144932034
2.895880041487302,-2.077239424520109,1.6143801825889104
-4.138104790868666,-0.6989722666532634,0.5511259124657185
-6.592660443203738,0.606797384354151,0.523805366349971
4.426985645015638,3.5090618598552346,-2.0815586901174448
-5.2862754122217135,1.0092108089696126,1.424967163092057
3.821943571623021,-1.6614662108055713,2.1125289865218453
2.075801533775444,-0.06558755187676991,0.8901990392268752
3.6376673736334704,-0.42282921676250146,1.7566297192524285
-5.462635457958936,1.0942322162154392,1.4679809192974969
3.7826662235236923,3.6987220748271548,-0.9881174891763078
3.981893054567779,3.3215665325788764,-1.601750910546195
2.73610330697568,-1.5105654726064537,1.7184271991133946
4.737130980673009,2.3729140600845535,-0.5529744247093487
2.864026225309964,-2.005617049533113,1.5727624382374639
3.793508561148889,-2.370711381044791,2.77077542442793
2.560011430633298,-1.7339509311284353,1.37087141481158
2.725519023823483,-1.5113334437893389,1.70485489147848
3.7832229472247394,3.4559722867840756,-0.8752944440573167
2.7668383501163047,-1.5289916280803053,1.8131968463271775
2.712861084417962,1.4358089492983694,-0.9534349021823678
-5.639895230534763,1.6825737603656412,0.9374688864488052
3.3382791077930367,1.275708721350712,-0.2796275394529122
3.314461617245721,2.8331814506133024,-1.3450565083749793
2.8183753113861623,-1.5259588893695883,3.1297154957476048
-5.3312617274921275,0.974668425139483,1.3694914639028974
2.86131188257645,1.567370375159205,0.4127422604202779
-1.2776150495146725,-3.311664223654114,-2.9561064724593735
0.09078244651461523,-2.749588849748734,-1.8293503590829399
-1.232390264865099,-3.2680924567669183,-2.849097296075802
4.156828360655861,3.114186430145329,-1.0714638132255303
3.353143022978485,-1.9078366810431686,3.0144344442890123
-5.57278058682211,1.6909782875311032,0.9693427774215844
2.003734095850725,-1.4333601998186638,1.0223299802429902
2.8025041694583948,-1.4973187078820294,1.7937061259466098
2.9035076863151814,-2.0378229200979354,1.5978444039007307
-1.992690339558472,0.31960556442557175,-1.7617228511970093
-5.764199573824494,1.6539401299463208,0.8630775562924385
3.7088036700604032,3.7443641256245184,-0.8984767646886751
-5.747624800273681,1.6492518610502458,0.8629997228003267
4.751062903429919,-1.7211446063598415,5.4620925479993
-5.386868805112488,0.9652888087013354,1.3402903493041078
4.912364285594638,3.938483389128003,-2.921810530092252
-1.5570805451531153,-1.99963259224613,-2.7509074931538477
-5.247865292563085,0.9938926961969399,1.4193800820234845
3.586358491299747,-1.9120751486219132,2.695498722158201
0.6377075667789779,-1.98265773670667,0.15964528535474923
3.000025470467513,-1.3093141406378108,2.5711520857502155
-5.434533736932754,0.9367071244489864,1.2909860014339936
-5.803282892655488,1.7714199438433802,0.9883424357435635
2.8274421116702233,-1.5663062958813092,3.1412688354194396
-7.376944376614534,1.1699885418423221,-0.2342520162640553
-5.8470466155767875,1.6184881549225292,0.7942598856062005
4.245729604699399,1.9764430855847976,-0.9223551330922101
-1.2545997871479442,-3.274149956818419,-2.855584218759071
-5.903498034189183,1.6468376908551088,0.8090777323777057
3.637367635635559,0.6895940027899861,-0.638514194241717
-5.404722557797965,0.9632731424632146,1.332091568705624
3.186479082921443,0.8583279133704824,-0.7385486504785599
4.1571662693208635,-0.11680210773624512,-0.10844055737454436
0.49444837227361826,-0.43838942748012677,-0.05076622906824533
-1.4333301936644343,-1.960700928996959,-3.0581524958481636
-0.13290244367473766,-1.4417466122227656,-1.9952658976720599
3.7601042256447017,-2.1745863755030546,2.70718224321721
-1.416962131262525,-2.003308773178221,-3.0012757014173697
2.7368711224226794,-1.5087799745339192,1.7173878000549654
-1.3812592530890113,-2.044491434262923,-2.9733810231963242
-1.1704177036063272,-3.3795465290144127,-2.8839291294288976
3.455192653515135,-1.4840875013568575,2.4627605730997844
-1.900492006133631,-2.282435746010794,-3.1871126228232245
-5.701204442360125,1.6669969506951388,0.8990686378989335
-0.9192405480703145,-1.982145983611305,-3.590582985940378
-5.397240917854428,0.9614279058267243,1.332348609409224
2.544446683811769,-1.7651440255825945,1.4059597746089119
-5.637926649628336,1.6784187820413132,0.9332309045537921
-5.659134215419168,1.0011574634985934,1.2939728516024518
-2.317490087473272,-2.19033627669527,-0.13163502190111329
3.6874784823665303,2.960229663101166,-1.375177962472427
2.894875801238102,-1.3340772977077928,2.6624642196751025
4.01634528963971,2.940919233810158,-1.6563982517372056
2.4958354595154746,-1.7221460225482654,1.3770051852448408
-5.401977202170463,0.9496602913053049,1.316899807233983
2.9120781750473657,-1.4722192181040783,1.9205387503004776
2.7027754162306086,4.261687239767655,-3.3646474679941982
2.9334754946926984,-1.286294954173854,2.668350227719056
-1.4586274323821076,-2.0072241475023858,-3.044906671758119
3.1912510851173197,-0.8740463074722424,1.8319512854174937
-5.333232893535041,1.0079947071930038,1.4082312276794167
2.6149518955508317,1.4989596834570085,-0.9848960628187242
-5.620408839587946,1.690051039934155,0.952643109217526
-5.742646593543712,1.6688528881464162,0.887667889683673
-5.416039548650747,0.9537175851454949,1.31711259408321
4.2042744853695115,2.0443418983927875,-0.9009247304298706
3.5733611738457363,3.646563177256381,-1.5407963555137774
2.878153226485745,-1.5009517605755274,2.9668912569518335
-5.696779347400017,1.698099298263104,0.9370730161277214
-1.334304363748125,-3.3803611696141203,-2.515319289985563
4.156252627634849,2.8833494402675135,-0.9796680780804781
3.474398812790065,-1.6128329827034702,2.5755622792529818
-5.62955452919353,1.6926920155576575,0.9527496049003317
-2.026454956521992,-2.6113504957971907,-2.7183954385859335
-5.318877302424723,1.000932512729948,1.4045627898403545
-2.1328936370819824,-1.6297838884289733,-2.834656802514854
-5.891497459597837,1.763527352457178,0.9501559186682214
1.8130166042184543,-0.3548099977636574,0.09899951815281119
-5.224959028724883,0.9995961895311778,1.433582973117635
-3.102150600613432,2.0179065531857807,-3.175980009240275
3.738453315398692,3.7594697956211935,-2.8883242506332025
3.8696791675805624,2.9398944755779106,-1.0224264902196964
-1.1897829857919746,-3.3006836111040427,-2.8587057784424776
4.09768226906973,2.83368691429779,-1.0803814639712717
4.613225172232145,2.795470108427613,-1.1927843155366324
-6.118731680046163,0.7328761687048386,0.8272022406498064
-2.7714632056555724,-2.4498796065478916,-3.802396665666055
3.6821104882997537,-1.7230172283142666,2.196964734271994
4.8672647211626145,2.4840071898356735,-0.09464354580854573
2.8920486541243897,-1.4838625094623634,1.8991434289855855
-0.48478937004693246,0.5363950225866513,-3.003758191651154
1.7891199933623934,-0.00991220965805441,0.8627408813062173
2.612374029638206,-1.5333147618678662,1.5758902062761497
3.6099600578205195,-2.051264277811866,2.740637236284622
2.9493578851741677,-1.3669525041071782,2.697479543995477
2.7896670037231037,-1.982721659959107,1.5515082634709594
-1.3840781200765917,-3.4015162102990986,-2.5541009673491266
3.4083928451654892,0.8041157597709905,-0.42111254666106324
-1.4101191993487368,-1.7860506115834789,-2.8273742017532864
-5.531514159070892,1.0735631328415502,1.4211150819259093
-1.7575703380258676,-2.16579369688009,-2.7452301715626732
3.2562219387882587,-1.8611977555771202,2.9638801120613665
-5.487166384325467,0.9180265700443968,1.251763245705395
-1.4880438005734151,-2.0588359917458168,-3.1910241616642065
3.9877697429007473,3.3370899343396796,-1.124397356028296
-6.167472250079167,1.6919017451268314,0.6010113404987468
-1.4214314485812312,-3.4277437296879483,-2.5687757407406697
-1.3323769298649093,-3.369148296971924,-2.5327258258894383
-1.6272313291503264,-1.8852353962500934,-2.9934721590488524
-1.4561645919501356,-1.9728334485939896,-2.9553419145188884
4.156479861604849,2.5541498735535217,-0.9873760712696578
-3.5141061519993566,-0.8328356121531487,-0.05129687729864091
3.625696799490957,3.523840224763246,-0.5663119625267241
4.025663050852721,3.6082599389116994,-1.5718854796177886
4.975244486324314,1.350155968361837,-0.787583852282501
2.6149277282786856,1.4989691415664472,-0.9849068059401282
-1.466909359922511,-2.372155320228732,-4.158373484920917
-1.378419117309379,-3.4074726654714476,-2.5492920837355837
2.709530462871607,-1.5157517072770026,1.6881663763942911
4.1306929968845045,2.945828380553812,-1.275280837173394
-5.502875531800014,0.9570884360604275,1.2928044822869547
-5.412718264948961,0.9672413745432538,1.334175828610646
3.331201902869742,-1.324105025128811,2.6466901676613794
4.943049498175737,2.5314947570583635,-1.3316240541249327
2.8326668234459396,-1.0471465474474115,2.416144639608302
-1.3466445504278493,-3.366093860013543,-2.564125240551817
-5.301363910893818,1.013245179970646,1.4248187768594722
0.09281153405353473,-2.736509071782321,-1.5747327089466168
-1.3989445735666808,-2.010883897072216,-2.9921839990223185
-5.716150789432411,1.7063613052595263,0.9404347184626547
-5.735960688327935,1.643198067294497,0.8597079181955057
3.9487246284466093,3.8320515945616904,-2.535086206227866
-1.5713925779198357,-1.1677630797611576,-3.2244533348575204
-7.120086236369034,1.3610734760600627,0.07450919362924438
3.4561757992756,-1.557142628175074,2.562315316578108
-5.640542965226461,1.700819176494539,0.9587000463516075
2.828018769760348,-1.4851520402996095,1.823728675155489
4.852731130648526,2.5193442700929802,0.4585369937585816
3.055773739341359,0.7711580829970406,-0.4806587279884005
3.899229581312124,2.6446356208248627,-1.2398390123031386
-1.373336913035507,-3.420771657778728,-2.515779843935958
2.708795297597067,-1.514402278682485,1.6855832009336544
4.3430160319546705,3.3528328025995244,-1.0722105436621852
4.658005144271556,2.9560778094758167,-1.2943248497624127
-6.370835717249229,0.6653635339306541,0.6652850865420267
-1.6643132664378109,-2.1489833870289297,-2.6768516629052406
2.496462509558838,-1.6962384847512415,1.3555608759081044
-5.594958259314168,1.6941346925177898,0.9657836181555572
2.2537196938652913,-0.11912608820184502,0.8759184519655819
-5.832827482854225,1.6203000861659973,0.8010495654638546
-5.53080382055778,0.9987353121692832,1.3329205117496814
3.6810897015993187,-0.049260755229798295,0.3685344969722671
-3.88415698077904,-1.670528656944311,-0.171711231983344
2.9514452718845297,-2.077915088358853,1.6266111901520854
-1.2260343587211835,-3.3475775912511057,-3.0024337477007976
4.004630593021157,4.022845096195741,-2.9069280028549014
-1.606237295636732,-2.055335722701471,-2.7665202350147458
4.656163996630862,2.717342429077945,-1.810426317004442
-5.268974289644473,0.9933596057981662,1.4118725321480146
-5.6586266378643115,1.705277098773041,0.9580128198407165
-5.816062649693861,1.6392608864529628,0.8288280528058217
4.12077876797539,3.363182554543411,-1.4182612475062346
-1.2594477407481122,-3.364741907314843,-2.8614264934981315
-5.633338779943201,1.6950184509013475,0.9542435882575726
3.9902479072956187,2.8431463634345593,-1.6911583349058972
3.9061111474058516,3.5067782416227544,-1.3848285921247034
-1.8414404117614045,-1.8932303902800744,-1.675641145388633
-5.999532488209998,0.7951770114005363,0.9396590839941803
-1.436511061164744,-1.9672871023880876,-3.072461968809899
-6.585571912716424,0.6041162861958607,0.5229465911953292
-5.266380063534842,0.9889706498215833,1.4075314313318394
-7.158159833131758,1.2237650075672128,-0.09934639520805241
0.37028273234939985,-2.611818133494352,-3.166094797926102
-5.263387086825538,0.9841905976730345,1.4028582694623524
-1.8495217274300477,-3.0092533475187424,-3.6787483537272765
4.241274465260779,-0.2114857104333581,-0.13830586495349736
3.6741250173381825,2.631588279601406,-0.872800431766102
-7.384110944727827,1.1716383332825941,-0.2346617713211063
4.740331718790566,1.523308695983221,-1.0596421130787241
2.3961548134258597,-0.559498897710371,2.066132236547588
-5.499250337004649,0.9581762825537901,1.2952711053065125
-6.632469995617467,0.5784012658229609,0.4772795808568525
5.013889726935704,2.7436553590435198,-0.586759242482482
-5.766616370354737,1.6532148989507451,0.8614331409460655
2.821478127968097,-1.5397499133326469,3.133667675170984
-5.2451952503063195,1.0025765927844494,1.4305116091359793
-5.243393498685456,0.9937903461142508,1.4207161355746234
3.9136056511706285,3.235748413580693,-1.1376539673479429
-6.120869260108674,0.7602711998574296,0.8588785063774073
-5.602774842423419,1.6833779311030144,0.9505799944715287
3.4164902272712534,-1.7728396062079619,2.753508385938771
5.395333456452232,2.4717980632016534,-0.831509137464865
-1.1287236138541583,-2.143172221711224,-3.1684411143220417
4.622550272639046,3.694214970168787,-2.823513115967324
-1.200152963070556,-3.2997109338579143,-2.880182353825257
2.0655973842422313,-1.3943372513279075,1.1724061636202034
-4.166854816644296,0.2991866911892451,-0.28945141175245737
3.2947391642082264,-1.9243908147367876,3.0560179127821776
-5.38507486407589,0.9575818721283413,1.3317675861557108
-5.4437588581847,0.9354216480031043,1.286461285738116
2.6833186921378354,-1.5162805488214561,1.7154475511390115
2.5600283353368534,-1.5150261185484701,1.5766414925910053
-5.796524128567792,1.6285316837170942,0.822621930382713
-5.649562416655738,1.6796728363833422,0.9308912250633201
4.118549369552274,2.687825496211744,-1.6671216143920693
0.20103674251983292,-2.947860550200557,-2.9961985367360033
5.300602538677134,2.113851749145471,-0.3896955285839393
-5.519383018067267,0.9263049999027908,1.2510490906684497
3.2348676213091343,-1.7020756618901207,2.9956134730886994
-5.770021856374627,1.6521929825478896,0.859116010230725
-5.275484819268068,1.0139537056050454,1.4340875199229324
3.6124790867508376,2.9301922350022456,-1.2295683011110685
2.6606637293087245,-1.5161844853074364,1.6901471941706485
2.5284762016783042,-1.7518226202380451,1.3954455202247318
-4.192389992490486,-2.7942872362666775,-4.405741157603376
-5.809773485995838,1.6411481352937205,0.83310727001399
2.8060613425424097,-1.471550894353578,3.1140702699531255
-5.285886320348175,0.9909345621146439,1.4034967712966229
3.4799061179253843,-1.6429257674432773,2.586903577199021
2.730654916815301,-1.9304036630277852,1.5165727703524383
-1.1676584357650308,-3.3557746969030338,-2.83446300661573
3.229326523180867,-1.7000691714247442,2.9962239774219306
1.770155512636889,-0.05493925650057553,0.7363220438031045
3.8660359606054797,3.393530115989786,-0.7709451478299353
4.364806423672759,3.0329949937726597,-2.390878513570703
2.624459642806159,-1.5162333970530644,1.6498779119942206
-5.853223185304775,1.7285656891553307,0.9216090043008747
2.8120689274189026,-1.1982717413925648,2.758160840961597
3.281644132576242,0.9685915460764019,-1.0442086499329213
4.863613058256659,2.978135677984771,-1.9743609505507067
2.71465744738697,-1.9072550806607254,3.0492809790266295
3.7751271722541317,3.134845689358525,-0.45758406781924116
-1.5638472017409348,-2.0672538010592727,-2.7338251784767755
-5.3885120692408774,0.9579822072161877,1.3311207767974755
-1.1066780521220005,-2.7338466340690935,-0.9528077118535015
4.208043660361742,3.9112346040607453,-1.9573192609257801
-5.661540549634274,1.6690374830722208,0.9144662647851655
-6.121388830759813,1.5304673158360265,0.6008997295501058
2.685307920405271,-1.5166603591645205,1.717955929484473
4.03958393911191,-1.685345191323962,1.9976264959863101
2.233487430417833,-1.4476340737598874,1.164203918679108
-1.6321752065988002,-3.669016915558981,-3.928668910864453
-6.007396891113367,1.5764011735018526,0.6922436133242161
4.910686324179041,3.391140030260787,-2.103658629964589
2.8782256899294176,-1.38492451960922,3.1807724252657263
-2.055319300806822,-2.2744509861376803,-3.2956995699459513
-5.631431705638961,1.6929365182857534,0.9524217480003581
-1.2670027529964958,-3.2915703662760163,-2.89464123010324
2.5026511925502986,-1.7015883189593963,1.358977054430213
3.608529425879415,-1.4928730112668318,2.4132666035046975
3.497538514901597,2.525579260029048,-1.355870000235138
2.730620304042925,-1.5109841839245552,1.7114207400914694
2.8051687154258538,-1.4968712935358774,1.79682657312012
4.421563742241185,0.9293053762041726,-1.1704570662435914
2.705569519972209,-1.8715272735260338,1.480279296902913
-5.841303984235162,1.732142396565325,0.9297189618045698
4.391903041370011,2.076814861571833,-1.142262471160983
-1.4249704922335293,-1.9663784753742353,-2.954710779032769
4.379103771041684,3.2051324868586386,-1.2075020229395164
2.6340851651256,-1.8116596602186346,1.4375956526585518
-5.260669043388785,0.9990917250416436,1.4213520597133702
2.603239104102794,-1.5338009196396567,1.563971113507887
2.0807495478679487,-2.028596213796926,-5.159429444284342
2.370169609730733,-1.5905808133064556,1.2798456294142118
-5.606255731460743,1.6847697418648018,0.9510748158994409
2.835300861854519,-1.6013398482541645,3.1512869525819562
-1.5309717326662977,-1.9989549542096836,-2.732309834729723
0.25311933614418636,-1.0943009645431845,-1.4284935791972992
3.7542552442657158,3.6352966506413193,-0.8885502907073832
2.6671251234382956,-1.516449573755814,1.6974594078377672
2.5826279737956845,-1.799103370188925,1.4284371823945823
2.1065169941632798,-1.462011274463133,0.9559688267159201
3.367318704896211,-1.9705201048944354,3.033804903103004
3.477522702771816,-1.6075704946294107,2.497906232882569
2.074632599094823,-0.06744627426300155,0.8864228736556216
-0.1605567699459642,-1.4175969576400846,-1.9877858790680063
-5.260116925189473,0.9918697633509019,1.4129978594335892
2.7601283932049965,-0.8876221101117121,2.503533352621448
3.7582506528040214,-2.164346991303401,2.703949242024264
4.421195568327081,2.6677567153884834,-1.3496881502144364
2.767836741100932,-1.5265439065625463,1.8125173260242742
2.612821715039095,-1.825992744104171,1.4464139030867575
0.570074678684057,-2.481880024648562,-0.06896722597469582
2.6775584612110293,-1.5170040717093913,1.710063399955324
-6.245721915591134,1.5441433336294237,0.5762247820238998
-5.7047872435877744,1.7133905428547695,0.9524203173334114
4.48739288775229,-1.557436093199168,3.882446828987888
4.615593403689212,2.9093155603844947,-1.2921443888160447
-4.665621741883503,-0.14095441147662638,-0.43617777132446256
-0.20076334706130236,-0.08872398039089636,0.09156354370443401
-1.690348431369674,-0.2914949913965974,-0.8632349200127283
-2.7590435488968073,1.2047194387344344,-2.021880135173125
1.3953544228538235,0.38930643478825555,-1.2899339553227287
3.7940342332953727,-2.373801956786443,2.7718352655683653
-1.6382529607155332,-2.0607919697908543,-2.763408025514917
3.8191210517823007,3.4402535546153685,-1.2035900302548372
5.109317877416819,3.433521420236263,-2.9623019785705527
-5.634354441121602,1.6853032259338612,0.9424926608920112
3.447778247928133,-1.914512466041002,2.8204458531921817
3.2382574235539385,-1.703411211245577,2.9943953439473
-1.6331115500250222,-1.3478670170218305,-2.260476451188524
2.799037335627628,-1.9505181250585486,1.5350387093038982
-5.378610739529068,0.9730242199347217,1.352121851274661
2.453027471291007,-1.684144387111362,1.3516089865018481
2.745985479928558,-1.5072011327088972,1.728000612765502
4.09424328376752,3.1418601627885154,-1.061486578152809
3.478253182469659,-1.607717534083506,2.502719285716941
-5.3261519941030135,1.002050507037274,1.4035138288900175
2.139277158501561,1.8551607367200553,-0.6662375859042411
-1.4622575695512767,-2.0142807529649605,-3.058443137072119
2.7131694852367247,1.4354951087342123,-0.9531134697204584
-1.4248908230235984,-1.97597323814365,-2.9689760457545673
3.0671039639860873,-2.1608954262930347,3.121838275215757
-1.4734817516497805,-2.0059375670070483,-3.0523782366064265
-1.4121930650779706,-3.431668610361577,-2.537289509667468
-5.390238020299594,0.9560325150014313,1.3282545170066458
-5.545350506060731,0.9400298144628225,1.2588075730280623
3.4903972590618726,0.9390603440791905,-0.6964997636060926
-5.784723540047609,1.6407435734963673,0.8408415522022957
-3.187810599937902,-0.5523695769086019,-0.07512868803842362
3.579893886137994,2.7379029378548583,-1.152117355806407
0.000830243293914885,-1.8042369925785258,-0.17725668929642613
4.6376524401288055,2.4962573747603396,-0.47017798475724637
-1.4434622728893383,-1.978235663168284,-2.9757680421415107
3.124953198689006,-1.172742269008434,2.3996436668834233
-1.2607912202347042,-3.279480368554338,-2.8774058251320374
-5.859968381847453,1.6270115625435633,0.8000422764591949
-5.446827602686022,1.0319749667809797,1.3995600777048136
-1.6595779630105862,-3.237991492259858,-2.2628963774608546
3.420748222871764,2.572866050244618,-1.334003643309315
-1.3683397172376568,-3.3717932957523318,-2.5939492025340916
3.55941405169994,0.9341213666053605,-0.746861022166643
-1.1713278356476076,-3.366825616454728,-2.8634603059404298
2.958962955825699,-1.4803096498332855,2.731904288162855
2.751061837865952,-1.5063696320724027,1.7340774503949188
4.1868598616918,3.0915001560091473,-1.0633756728017902
-5.372966838594558,0.9513079650327594,1.3282989827348315
3.1796982110290126,-1.5127890259747692,2.7842451964465775
4.813344552606775,2.6523551067239843,-0.19653649785233704
-1.4710159709356991,-1.9990487624748208,-2.9928896909324707
4.753968735429675,2.9444179853318997,-0.6520080914388411
-3.857321471152847,-1.509121336795109,0.37843178051439974
-1.3859989114627462,-2.01740516268385,-2.976326582789779
3.9185332691791936,3.1084578938018472,-1.2171346266501333
2.9429097901452073,-2.0708164557114297,1.6214053138219284
3.6023367265066355,2.985299532501139,-1.366591116651778
4.828827106111499,2.821476191086735,-1.2818474947989618
-0.3229484510758225,-2.8538965929807216,-2.09649099829092
3.4690133402689836,0.1873453880572785,1.3404101200360472
2.6458969869107305,1.4630343989715353,-0.989013409556758
2.8709536949179335,-1.5072710100310973,1.8028607463478803
-7.305537092296512,1.2648878859963784,-0.09931511313079142
-1.30592222266447,-3.351892717703477,-3.0712298177490154
1.8123927060389418,-0.019348444377125698,0.855965725714983
5.16279660884095,0.4943232966800625,-0.02471163305472012
5.120763420703565,2.2333272271154514,-0.10982783851781053
3.258735550347807,-1.7643339190501384,3.007249845321379
3.0126210550065675,-1.2905242613308086,2.330221648863267
5.080814076420023,1.127854543068369,-0.5717355055287203
4.122939962150559,2.8239712097352445,-0.8729269261397896
4.985248472446091,1.4034593277937377,-1.2080122001423603
-5.395340487339738,0.9670234354034504,1.3395800430534157
5.077913904004818,1.6644386642608906,-0.7084315971439334
-5.248978488497625,1.003849177714618,1.430782804901136
-3.7477032105766535,0.04618130137101573,0.08493913527651645
0.7585804417776939,-1.56810609597241,-4.180191902380527
-1.609212266032557,-3.2272011882200498,-2.9502209538350663
2.6978591607965723,-1.5167952766697737,1.7320945783266226
2.7634063636654886,-1.5068786360852258,1.7514410369859965
3.779829655034833,3.0071862911512306,-1.389901499583145
3.9622716110988327,3.3034361646250994,-1.3681560785385636
-5.575833422480984,1.6898788184394204,0.9670500914210474
5.381045351899297,2.0718523631784125,-0.48394187351964035
2.615204164474853,1.4987379942932053,-0.9847672817990751
4.055522919329676,3.3354322916971966,-1.3623014134216331
-5.422821011245241,0.9552812746805381,1.3167509583711992
3.038628185176372,-1.4242179767096677,3.173852785281452
2.815630180545289,-1.5138597402573644,3.126232180847766
3.4607337132656,-1.5597009646279365,2.5612868787520786
-1.589069422956866,-2.0781243861651384,-2.704500253136119
2.6360026092016327,0.6774724254344999,-1.448488715073854
-3.717047621941662,0.05621575352058451,-0.004018129397946647
-1.4173595485490014,-2.0429411523408842,-3.096516276322349
2.073251234313773,-0.06960410576734423,0.8806062047793576
2.818864474725165,-1.528143906428196,3.1303665450058853
2.693258145131973,-1.516537407107618,1.7268503709038454
3.2458327718051447,-1.17571848864215,2.2832067334891053
2.3728699675285885,-1.5926521419009299,1.2817848914289631
0.2086957084464294,-2.407452513992396,-1.2739924187848375
3.2290730020476017,-1.7023829406286048,2.912386599180705
-5.257492203547348,1.001294386707479,1.4249899781127813
3.0152538542170078,-1.3881654970893096,2.5954292188479857
3.8664611391276607,3.380704897531824,-0.6392962218687565
3.2236717238658086,-1.6749395958452653,2.9037746129633093
-5.68901700590149,1.6623849919168636,0.8976426996882197
-5.688165634396518,1.6626404710175775,0.8982219823670549
-1.473296969120211,-3.1171787981600936,-2.7962613876690674
2.3237096849241277,-1.4323447596040793,1.0493732642723235
2.957373443440922,-1.2439444128767214,2.8944315205648303
-5.972880821278166,1.7623293543168037,0.9220763399977872
4.133876735735505,-1.6064621863064057,2.5595875453233465
2.572005738709743,-1.5147993695233277,1.589694573016857
3.5966237330011412,0.5093542246850316,-0.42607212582554665
3.4464282793023764,-1.853794446434359,2.7924092826517612
-1.6202665483929442,-2.0513877163291645,-2.7572683127346402
-7.141723126517843,1.2279055515828095,-0.08909321101464648
-3.08774954594161,-2.432783902417049,-0.5477531267731144
3.770384633662165,-2.2340445513108844,2.726350526372921
3.2857928996187367,-1.8840472829649078,3.044302349807527
-4.469929920592381,-0.3689028684251099,-0.008755371852438666
3.919933025407068,3.013877902265825,-1.2766101937913124
3.564378842505008,-1.8333371180561593,2.6758131872266238
-4.288212869663646,-1.5192594165838433,-0.6539443192549046
3.980610633030329,2.0418040263508987,-0.8834035266723969
-0.3063699296010822,-5.869797931215736,-3.905677145908997
-5.511978329899615,0.9445857739933041,1.2750641550124735
-0.9537353943265571,-2.021867857928965,-1.8629367740854594
-5.254129861057732,0.9936663583172116,1.4170715247234622
-1.4011309605696158,-3.1640570164621296,-2.817658537057198
-1.5988188130094236,-2.032694943727449,-2.7528672800315044
-5.2493945159518125,1.0117993544140438,1.4400420126914508
3.937540802864983,2.9098254059091766,-1.5892973152449497
-0.1502302316184265,0.647390117756093,-4.009272611631597
3.603297257966297,-2.011707667659183,2.727852105284678
4.53740365634066,2.473339927120318,-1.2103683795108622
-2.155466274537439,-0.8670382326557973,-0.075932241181323
2.56554613160665,-1.5153129835759314,1.5829921526593558
3.5056951702984565,-1.2318500802354118,2.121707488259197
4.623987038149572,3.0213632396774615,-1.4818032813900914
2.0733079866452755,-0.06950836652033489,0.8808558488043173
-5.509461982924589,0.9263455889819916,1.2543293968120954
-5.253782572112828,1.0060062380642227,1.431766599927067
-5.2586760842097116,0.9900481010156934,1.4113147118360747
-1.4562018877971161,-2.005643108690823,-3.0416335785903823
3.4930484985023695,-1.6951113051528588,2.5311137865953186
-6.194930058079437,1.5663087521953694,0.6189216731664636
-6.845326057935513,1.3437674233114478,0.14421618354547874
-5.61954470520623,1.688680534998837,0.9513156111267735
4.636489131604899,2.9205219653124925,-1.3577466618103202
1.9311548528964793,-1.2433867897035524,0.989234820886499
3.2900964525948875,3.1707164440012243,-1.8703405375417623
3.2345641090830215,-1.7336563601388097,2.9224949733992873
3.38534529498356,-1.6202638011121189,2.707664901877882
2.1654139508485204,-0.09182026870586536,0.8844059208871197
-0.5284541975216317,-3.7298116331768223,-3.2781074326608617
2.5364706873406946,-1.757947104023692,1.4012885893934564
2.76813719674625,-0.8817180817679056,2.496496591503178
3.750080360786651,3.774611613741991,-1.5990738292720308
4.202531423341402,3.021501679187806,-0.9500053426707087
2.7527365864268227,-1.5174004976770608,1.7939257989087982
4.177646024456033,3.2266979605109296,-1.8511426063511645
4.140295589169002,2.626056772121465,-0.9239967194383915
-2.5355270932127634,-2.3763977907872866,-3.634609810212494
2.830199271512796,-1.4850546011488592,1.8249917771969884
-5.6421458762310435,1.704817081449419,0.9628734145060902
2.8175282270915183,-1.4968623428608705,1.813711970384808
4.292365871152006,1.8158483539001866,-1.012729075020829
4.588124768455785,2.9284948375574773,-1.323208060528482
-1.5431909595888442,-2.028788355304258,-2.7170909246881796
-5.604695496350398,1.6808623763422013,0.9469942018253479
-1.5528000803657684,-2.020252296821536,-0.634270150056168
-5.5935969336869364,1.691364816391693,0.9629744768380262
2.812835319052567,-1.5013934901714605,3.1226343746584755
-5.81867312554347,1.6279317180326025,0.8146576489246108
-5.252977103796762,0.995924146016562,1.4201150844552501
-5.279674629883435,0.9916818188470966,1.4064036265866353
-5.325660924639174,0.9889133717468637,1.388149496590619
-0.6878427691656224,-3.8656476129869444,-2.479771461043273
2.7272554601420893,-1.8899230801132316,1.4929220257945086
-5.415616298914071,0.9689793944875156,1.335285479578741
4.423552194111983,3.399195971294662,-1.521331022341038
2.742215362336002,-1.5083985517493042,1.7242481735081274
3.8568428963214134,3.4616882601453955,-1.416614083759505
-1.8613679873615536,-2.2147936991254147,-3.2351960398469224
4.700443828336637,2.342289222810236,-0.40519429628695935
-5.334529404476178,0.9907042455023678,1.3873764023733692
4.150997380145919,2.9850888691867903,-0.6740524772567901
-5.255419222947682,0.9964888667886775,1.4199867321809354
-5.834393029859789,1.6877691466696794,0.8798320366536211
6.810646381254081,1.2885146966807066,-1.351478770601225
-6.779823154650381,0.5676491870675551,0.416565188127497
2.814113367104176,-2.004651564953711,1.5658733133636127
3.622052843308314,3.7179138052318876,-1.7802186129900173
4.049162533123759,-1.606015709710572,2.588614542105614
-5.501150597422645,1.0156737519031678,1.3625981054875078
2.6674450485437333,-1.5160498945501135,1.69742836343778
-5.722589751122594,1.6549648384890547,0.8779189408236051
2.7889328838070115,-0.9970112912420213,2.523311487630489
-5.788208682333143,1.1466160738042568,1.423812892905507
3.7493760515054246,-1.71452167140767,3.4638542165831567
1.2760399393003983,-2.048159058814966,-0.2751250652039332
-5.804354449255308,1.676588644196312,0.876536134654991
-6.970731482636153,1.2887177226664646,0.03841771165568033
3.7209148598583655,3.4797063088519673,-0.6118492681148889
4.7417725343192725,2.95245787578065,-1.524368122079279
4.42490788396366,2.992812902194152,-1.0764059946257252
-1.201197579510412,-3.3032758681499685,-2.8794042951624887
3.2811257195062273,-0.17975734188402706,1.7231120457293272
2.5615372427952874,-1.5169194531486465,1.5805402874175665
-5.314065224316878,0.9904775460585888,1.3937758307325823
4.5157557859784445,2.8653594833259928,-0.8816783326217759
-0.8823260438500611,-3.7287960343042967,-3.6388648644216715
-1.3662521257408333,-3.1443786747989866,-2.7704319084179683
-5.845352700247523,1.655897411446169,0.8387815080772186
-1.541883892292789,-2.020294682821666,-2.73016453350199
2.800821006289001,-1.9926861867221857,1.5582063587200587
-5.75382527340909,1.756957356985148,0.7235585769157514
-1.4809529200510438,-2.028801160606624,-3.109508388737582
3.6795834713709104,-0.22581253037446083,1.8772183541513279
3.8604229172976163,2.1839399725303505,-1.220860524535566
-1.189534513227579,-3.281539764355203,-2.8287024705491866
-1.6475992689715961,-2.1452397320601233,-2.6734231788330853
-5.473888200830291,0.9501531468825304,1.294053075846132
3.9367732403956666,3.2294021561431587,-1.0497124438014505
4.5418423338776925,2.4189806187970597,-0.7085127419621761
3.505947542189643,0.9281797304778294,-0.7109492879657873
2.804948493170306,-1.4972196887901164,1.797057164700107
-5.2436681346548015,0.9937079335011187,1.4205292701943517
-5.327780474569237,1.0315179906743852,1.4378056007811069
3.817201219680439,-1.7406754503048452,2.5128292465803916
2.772643622425004,-1.5256585313421487,1.8176904767126558
4.888353176370178,2.345560233595525,-0.6640920761719921
3.574302716114453,-1.8478015704951791,2.674963342979256
-5.275633857457517,0.9872134507088575,1.4024399654483635
3.3767246445148813,2.929426479353675,-1.6844015559236474
-6.156788272652645,1.7370012526204501,0.8320366688666195
-5.7039562470068566,1.672901715134068,0.9051065010318241
4.6660657031386155,3.1050153616655245,-1.4350145851709177
-5.673914001368927,0.876996916237637,1.1424344071067294
5.024152442852838,2.171300958011719,-0.21178081982269845
3.7905801455185997,3.671945073974364,-0.9603277531341399
-5.2488539820527285,0.99359601078966,1.4187073666545136
5.004698474486139,2.936169431226711,-0.8302424719739315
-4.628562400940015,0.5124466779389079,1.0290754436924956
4.467750340139286,2.77192003567632,-1.6764190349686479
-6.577575962120965,0.6011685573932786,0.5220684263827157
3.282921549138296,-0.1627640940897405,1.9311745816129064
-1.4221517703838729,-3.4426365409057484,-2.5353558345182265
-5.633848292960663,1.6866024064691683,0.9441854296696948
3.4478599602422606,-1.8622879732660214,2.79514601995437
3.236192009792302,-1.7432008719331944,2.925519274459964
2.058016422412687,-1.393350835176531,1.1749302672611
-1.32533522694764,-4.1912792609222365,-3.534138928331637
-5.476960544837341,0.9330285885610676,1.2728159147265634
2.033124676854218,-3.8848055207142953,0.5734933744529146
2.6295524002933037,-1.8079530051699897,1.4347311416371198
3.1505277015492026,-1.43905140914785,3.0853811573882495
-7.173244593354682,1.2148270075346268,-0.11479467688201936
-5.6391707662514685,1.6963309223303167,0.9538747787271691
-5.822593302213776,1.6180856486446418,0.801801302448489
3.3349345574844103,-1.8384996254461066,2.998098378008926
4.211807076800282,3.437857358103058,-1.302502568184638
-5.364817951452003,0.9752476951515154,1.35924310845878
2.161194907565797,-0.09683398874868711,0.8691113385468096
3.8876637154190634,3.027729649641665,-1.1208204796773718
3.7630742156166126,2.142171070806582,-1.0926793658756222
2.846299239706604,-1.4849218406065754,1.8438633196230796
3.520835189670255,5.378637607976851,-3.9303257236425435
-1.6044154135143163,-2.404963369965913,-4.242167479091103
2.6568006343542288,-1.3266124142164917,2.3583981815293718
3.6371635595981346,3.011114187640726,-1.4702812767899531
3.588596656614476,-1.9251216562324545,2.699720961508428
3.2628866718529563,-1.9006628784657171,2.97674962716946
-5.767278742193205,1.6548258194761285,0.8631093423001454
4.749764222770388,3.2575577229946124,-2.217713972101916
-5.62270903186979,1.691182344615349,0.9532188394870131
-1.3404497212038198,-1.8697195044259856,-3.351847865666024
4.116446647500121,3.020460060118485,-0.6157241813778044
4.338090082431435,2.6296531138121213,-1.0703091510598324
-5.978056898898699,0.7805784799487183,0.9294048068302319
4.072506544866798,2.891869147077879,-1.2249487496496745
-5.612378336624077,1.6880370201395367,0.9529080179257472
3.605758990042436,-2.026350450223369,2.7325463299655177
-1.139967065556269,-3.3684033750555655,-2.733239293915602
2.7020443522028508,-1.5164327442795316,1.6787283443252403
-0.12530465416182698,-1.4544316629778753,-2.027294491536598
-6.490281168811323,1.4279142779077096,0.3594724839999037
2.0749775339744576,-0.06580524427223945,0.8882711571697969
3.7160215053456014,3.4579798460064484,-1.1414680273040088
-5.378903854201261,0.9662125845206297,1.3439770124853618
-5.255391759350748,0.9964971080499918,1.4200054187189626
4.2983238551628995,2.915716853845571,-1.3160730070979856
2.804844969100557,-1.4661921796663377,3.112645578095411
4.7615302550713885,3.0047342608645513,-1.6702198306875369
-5.702041387025919,1.663419168755528,0.8945894917023695
3.6145124564208317,-2.0782124697752278,2.7494052514115084
5.225820635591597,2.8029569294882037,-1.4711408744582326
-4.835564863782824,-0.34327124924338426,1.191792750451722
3.4553703801515687,-1.4846617629409598,2.4622554223969204
4.187304928039094,3.0634662720846095,-1.2480793469076137
3.505356801225197,3.8557843384154284,-1.7342195751957956
2.9039935436567634,-1.4892932555186746,1.9157243124879177
4.231433823022558,3.07380932732742,-1.212254625081742
3.1185863299612357,0.7199016511570107,-0.5111582085170532
-1.4430686170490314,-1.97351255194943,-2.961862185921636
-5.360494419080449,0.9578687505815067,1.3401152919433015
-3.0066587083275333,-1.726055049239618,-0.6275651894721171
4.5918388117217495,3.401723482419785,-1.9534174402073714
-2.0502316118328805,-3.9368672351755643,-4.141632498865959
-1.3928749525260042,-3.199651270816077,-2.8330285217884503
-5.3409114904796295,1.001377763679418,1.397910162100666
2.605023956765512,-1.5155824509273113,1.627442667875724
3.746235646604407,2.7348109001751313,-1.1463494753864163
2.6044292519657004,-1.5321786100965735,1.5637000378775048
-5.662596775409956,1.7224317648205636,0.9768734676152067
-1.2325481002166303,-3.2808454301977155,-2.8480215128695314
1.359165447488254,-1.5549068952584117,1.2709526109767186
2.838415542805527,-1.4978177564846658,1.8371241022355094
-1.2475859708241617,-3.2680629077638073,-2.833508309431697
2.5516518482531745,-1.5145681584500832,1.5667535503881116
3.3296239442118667,-1.8340655231710845,2.998922893014413
3.2392560293411554,-1.2948458486891752,2.657003327445914
3.4569780597091095,-1.4901006250353253,2.4636673601285133
-1.2258046660010875,-3.2806660644047665,-2.8574211402488943
3.3469592408246447,3.7758744176371524,-1.7221019629149295
-5.487337196275983,0.9193155239034727,1.2532306705602787
4.332494527345007,3.0299355628495785,-0.7843396341818183
-1.3158885137288128,-3.304759886152199,-2.636575148661407
-2.274972109797574,-1.8505666334707445,-2.494467675810323
-1.4896845647838945,-2.0181934625405016,-3.065334870820871
3.024469667487624,-1.038366810156963,2.661221035475889
-5.780725815036461,1.6667156706736552,0.8726762976916423
0.4889474696055792,-1.8602617725215471,0.10646453240000556
-5.791561251806166,1.7363506232909085,0.9509669685275794
-1.1643393891325056,-3.393593541292637,-2.8645356957756696
5.20611254252407,4.758728266648501,-3.568614361598391
2.701931646187758,-1.5166395874433314,1.736634941705098
3.5686055839594766,-1.8348980065302887,2.6717904146609244
3.5233573203532225,2.967381743853488,-1.2523022897668208
7.118776578736382,-1.3627278010438695,-2.82411903470842
2.7801363702286386,-0.9450892550278986,2.513048513716964
4.8975357459745,1.5303998680442328,-0.3546428333894591
-1.2767428718201532,-1.825918456706161,-2.855458512757292
1.9393393796343419,-3.857062552132317,0.5546982763239529
5.194492763575233,-1.8623430812942527,4.193453062809552
1.7987810144696759,-0.0026374846722454644,0.8682800402484109
4.071260948449277,3.1678570068431053,-0.828363460166399
-5.431647798175864,1.000349540387286,1.3671331139631873
2.0558044751008695,-1.3909878495346724,1.1719566394653151
4.190351442498725,2.800736630401172,-0.9685214492130164
0.5204846121476113,-0.7392943675814454,-0.9020445459527113
-1.4966168099154886,-3.212702904620374,-2.8733509866367144
-0.38980829942238654,-0.607478352825177,-1.025810939181884
2.5133024861308475,-1.7374870923477785,1.3875405326020016
3.9335428882145496,4.410751040660493,-3.1910066416163567
4.444743190486193,3.102941808688822,-1.3488791335934625
3.325182724320583,-1.824468406413461,2.9976438165362005
2.798070878612729,-1.5268652133220735,1.846577461347772
-1.2575995614947655,-3.301782948171416,-2.9143085944613722
2.7845792813309087,-0.9801624530291928,2.5238528041930732
4.509142992615907,3.0375553313905166,-1.134921571783539
2.9115781511199,-2.0910013081230274,1.6239220832493992
-0.12386206499927185,-1.443715607998786,-2.017602765194948
-5.661977196690333,1.7042716648928122,0.955733062201434
-1.2683888655647804,-3.289296366445852,-2.8781898248788838
3.2402508166927797,-1.7043455315526548,2.9934092900038642
2.680570817759248,-1.5166085154911793,1.7126180995336757
4.150429188728212,2.641651473986692,-1.650750924092918
3.676897001444354,3.0020977352358864,-1.5077786927635881
0.45921176609006664,-0.9555584434446214,-0.285713684677136
4.113209285419086,3.3719611231350166,-1.2319022166846012
-5.379832648256509,0.9528477599095169,1.327881414656745
2.8538443472676773,-1.2122118155250625,2.4707053467870463
4.332438659010196,0.06772417741809854,-0.6117020974695644
-1.9521935696489598,-1.7295518893423787,-2.2642352809966124
0.540334661127503,0.17504838752787452,-2.911733190313281
-5.553572017294742,0.9731427500646612,1.2952592744459315
-1.2678661141107443,-3.2899622294948325,-2.8913088947676893
4.551816072660019,2.1647924929870905,-2.1609908395130812
-5.619798200647211,1.6849937570798028,0.9468996127337557
3.5242030163192597,2.536604116321843,-1.3433091489153033
3.236279493362056,-1.7024445232660494,2.994989161345867
2.161915912715598,-0.09567559695425044,0.87220370000163
4.094474235605432,3.837639962471013,-2.1071932710026897
3.4871233460484645,-2.131924323737661,3.050253880294825
4.105996923504305,3.1519669796482015,-1.1824365465901925
-5.263855035538534,1.0000471889073026,1.421443106387094
3.5758909877176475,-0.03591949872956342,1.2996025803116527
-1.3024581264908865,-2.9016459556500886,-4.857835196888822
4.011694404262398,1.465549875658303,-0.7962494077749956
-0.12520114751171071,-1.4290795990071996,-1.9865348374218532
2.7270044390565076,-1.8897063606438462,1.4927823121437551
-1.7057946212314363,-1.833285127219916,-2.9562051885382474
-5.6860720004491645,1.671537885678796,0.9093649203517825
4.421552110268673,2.0657208666363185,-1.251969640118827
-6.4480226392230025,1.4551448330570214,1.5734431612241666
2.9390861070125163,-2.115510169488337,1.6400658264064636
-5.757588013396318,1.651363686408108,0.8622163632173391
-1.4033008674935255,-2.001151723976387,-2.9892191596645374
-4.654639095263167,-0.13775351427796736,-0.42907782771281133
-5.316722628079572,1.0308161485522795,1.44057886856809
4.465136376217692,2.7405245373898284,-1.566745051277217
4.026355375205673,3.53106172065371,-1.3546322349071735
3.3975274738670214,-1.32514807103484,2.161674878693225
-2.771047664703835,-0.8163819726768872,-2.576335193538143
2.439139355099666,-1.6486908952585195,1.320489332635859
-5.262222680405766,0.9974670107701717,1.41892595555927
-5.257387757886648,0.9978406656135288,1.4209427655860651
3.240276959767235,-1.766989617588289,2.933318070986266
-1.2517797096248946,-3.283723545546407,-2.860795646574253
-1.286846660556029,-3.3166940607632793,-2.9144259088452933
-5.833127128388971,1.618158749425481,0.7984347631549337
2.972144370482928,-1.5453581710987936,2.756048635477178
4.063129158262389,1.8487251933267084,-1.461955784565892
-5.67721173213327,1.6694521148843,0.9098174367648487
-7.0665093050464405,1.3131471822635108,0.03574012423290653
-1.450865476661784,-3.4775354794812174,-2.550808783723014
2.568943165205604,4.192166820623129,-2.2837167610162115
-5.871157076988751,0.889567184938977,1.0930267946455734
-5.759379557892568,0.8389535285589851,1.069633459124316
-1.1599383734063393,-3.3358314890136707,-2.7898744837681044
-5.580007020734624,1.6921104494595571,0.9683048190537493
2.663883468917531,-1.5170097729886218,1.6943940907048898
2.0433771286803575,1.8366621627116508,-0.6074622986166751
2.799588810498442,-1.5298304809082834,1.719392248098792
-5.466790229937524,0.9420870153178607,1.2868338109900543
3.4772657931459636,-1.6299963074346366,2.5803734236653715
3.2045071962630076,3.8259450092012646,-1.307507646364342
2.543768599464555,-1.7646924451591723,1.4054485712575109
-5.60577388796569,1.702364224329302,0.9719108744781624
-5.5914837663067045,1.6981678348440035,0.9716623467520764
2.167612328093671,-0.09314151688737883,0.8864196903890803
5.16169653882293,0.9694274868202942,-0.449167872762454
-1.449321180013153,-1.996007085506681,-3.0006344635425397
3.6768133956147206,0.166753106308237,0.9133747738712249
2.371924207391316,-1.612160596742664,1.303476918316234
-1.6078948072136476,-2.062648757408805,-2.712861212457724
-1.5336440956134807,-3.2278128965296955,-2.949576783859324
-1.4047689143912538,-2.0290555705498226,-3.039466354267764
3.6331791859910894,2.8200109130766613,-0.9815592463771454
5.186251837741675,-1.7653177544457654,3.2508516790124706
-1.268732951534855,-3.31603018176648,-2.9251241427771437
2.1625681379598647,-0.09429176492785764,0.8754626095092625
2.9574189531890376,-1.4062436835288419,2.7023518553604844
-7.712539777971554,1.9198980402307457,1.7106765901225929
-5.297208132387845,0.9766115546053635,1.382882808403447
-5.50567221399601,0.926183972342713,1.2553731517309439
-5.837643591931177,1.6260543644904049,0.8062339169810521
-5.594108468196308,1.6985275115895888,0.9712248501946912
3.506864161751999,0.7967822262110751,-0.5047908823048155
-5.684884772543639,0.8811176737682138,1.1437295791981308
-6.050446849780001,1.2930461968760714,1.511416484835345
-5.689850670745552,1.6738249504752227,0.910814440950329
-5.7398901737860735,1.6436229507598252,0.8589193492187627
3.4953237229759435,0.9123198208255334,-0.6769889374947395
-3.6386050601634725,-0.38230802397244007,0.19272830437140395
0.6996538732880063,-1.9706540257981433,0.21135856886786655
3.0283656292390884,-1.490186687522724,2.6289408049946963
4.083528883558511,1.1648936178433602,-1.1333694806926673
-1.6561185841031745,-2.132793314276513,-2.6989325108683757
4.267180832824563,3.508466506870022,-1.5563024200892988
-5.334233930538937,0.9979232172133194,1.3960034291228862
1.9185169868600942,-3.7704679482020436,0.4391158663541309
4.14886109074151,3.2784581312451677,-1.2763109916181694
4.024648371602518,4.132072589400327,-3.173234145829098
3.0615760768529596,-1.8117818978056757,2.7676159561020786
-1.6418753075789545,-2.1623403654279127,-2.6089249203302196
-5.614739516112182,1.6877565934498238,0.9518045896473153
4.305909945929473,3.1802886400372388,-0.8290290357411876
4.996177755035698,-1.3819381530491852,3.199319884259776
-5.608423578665495,1.6892237617686598,0.9555988794016275
3.5448455692715686,-2.3730530492358426,2.9271460233552946
-1.1633840808123195,-3.055010318954728,-0.950117882704854
2.8259689615814563,-1.5598250334295414,3.139394500200816
3.5822873575808565,-0.14664531424889285,1.472261167344941
-1.4531412708483777,-1.9899070407717505,-2.9951969426407836
-1.4559121774992552,-3.505415997036511,-2.5073335502905727
-6.472922093732788,1.4214383527951657,0.35755105881980165
2.430066326889667,-1.663769005735451,1.3379771454701965
-2.0649618523805064,-0.8747338387600929,-0.46042994488361466
4.666834211946421,2.7953199449317587,-1.3547538908808165
-5.235326152443895,0.9922445921648535,1.4215181601122435
1.800101231284846,-0.01995184069795243,0.8474441980543453
-5.678178115409229,1.6940045466063003,0.9383566766147331
2.9641518142439516,-1.5211477193456395,2.7453154676270013
-5.2761875469152715,0.98669769818828,1.4016501145000142
2.9675029014003735,-2.091611046817285,1.6357923555489833
4.573914997701154,2.9414701609310314,-1.6833850424384504
-5.241669837893961,0.9912871448948124,1.4183198543124604
-1.3824214536763477,-3.141421588587184,-2.777004551642977
3.836549358087217,3.336434991755295,-0.5842582872229097
2.786190316895731,-1.97987435144158,1.5492939059547912
2.753607795043885,-1.517232435277605,1.7948501226783697
4.147375665652589,3.123552257861093,-1.083457466823906
-1.6024603289233867,-2.08449997086008,-2.699679473607873
-5.466869441772235,0.9991604120309141,1.3542526749970092
3.239581696135839,-1.7046262475111544,2.994599206883411
2.5422648595320125,-1.5150828993124916,1.5567874449139416
-1.5511882951033082,-3.2772820009315766,-1.688689759597812
1.8045436754724282,0.00839062641337794,0.8948671541883678
3.2482363963655994,-1.7198247054955194,2.9937416426396446
-1.4196659308313826,-3.430722838912305,-2.568148625348329
4.183028512032653,2.9860412766372284,-1.74858122803648
-1.6346811806689423,-2.127089603993254,-2.6691030758898724
4.224092401646628,3.4483722253388254,-2.2109072293000382
-1.2536768474882931,-2.885060580798964,-4.824642675414373
-5.400320782306193,0.8549350989696745,1.1964569730366856
-5.266342156386805,0.9836861187940373,1.4012993151204214
-1.1344651837758344,-2.3958805113511334,-1.7090544431322152
2.7146418158824965,-1.9163648463162057,1.5068400896419232
4.610625364788581,2.7589055727767393,-1.0653115852064896
-5.331968974629899,0.9842125672159572,1.3805393279986007
3.8402618607485275,3.4332836379580063,-1.1298192922367998
3.747064964114051,-2.127637676762449,2.693387549718763
2.8408940753419154,-1.4847273949479116,1.8373630229784434
1.9846912882547005,-0.04151789497952631,0.8898356182759678
-5.766994016569165,1.6708363013303327,0.8820195667051164
-5.296541747810008,1.012751469340409,1.425806420424956
-5.430380791419714,0.8953168478380564,1.2343591787836312
2.8444394516850036,-1.4901060877621721,1.8426283086153665
-5.810704248140611,0.8249962868410949,1.0364181716992045
3.226976796499451,-1.690959032409458,2.9087615826373523
3.3286600965490534,0.6290961217189053,-0.05746789810671624
4.085462824590698,1.5018936200851594,-0.9012225716597302
-5.513147580691702,0.9289918200979113,1.256255660026361
-1.464138775737999,-2.05092321506759,-3.032904705049663
-4.655094752728059,-0.13783432208689386,-0.42962661837702654
2.8097456427846415,-2.001488187614665,1.5623417204363066
-5.719583989289691,1.653212468075104,0.8768445828642265
2.9310251836834023,-1.2737538872821879,2.664550601522371
-0.6826644617912068,-3.541543988622905,-1.566431009890341
2.8407264878618155,-1.626081416607549,3.158000440377706
1.9847406040881987,-0.04225812961612975,0.8900087468447194
4.689860449356193,2.828679541930676,-1.3513868739114971
-7.155726271587564,1.2332045864597205,-0.08745480849384421
3.6060193785997936,-1.6283694797682091,2.5563692042525936
-5.490086894207848,0.919234946772959,1.252239542990762
-5.2295396705949715,1.0061973045852675,1.43989091514539
-1.6721835529948295,-3.2671671180277726,-3.026899362651814
2.692327421010378,-1.8965582674045556,1.493599155161276
2.993244071053364,-2.0232424892283687,2.5486456970269367
-5.382288742588995,0.9532507277926383,1.327557341835166
-1.3996132991149508,-1.995813169375824,-2.9771629417851213
-2.8528748525239207,-1.7403925187552958,-0.4006798304777356
-0.9460870614974002,-3.4201030562738635,-3.0140764342681616
4.4789645770608475,2.6236428591050243,-0.7901526730821282
3.2380905062350527,-1.7031777201257552,2.994371530540665
-1.2320911617450887,-3.264189938637124,-2.827041292871107
4.176089923387913,2.896454636630411,-1.14638593474804
3.6747980500540094,0.7099761838016829,-0.7268843715648463
-5.237764618450671,1.0078763871549867,1.4391953175126944
-5.605865629648773,1.6822369221358482,0.9482260488291614
2.8026648386064013,-1.1180581373952236,2.571757616034188
-5.269943650594363,0.9925917335345993,1.410649318962098
-0.6898396782808376,-3.7203689246362086,-3.4420060278022375
1.278602475327627,-0.657739683202311,-1.4691087270410612
0.5746309082694391,-1.9208636846936904,-0.0875973559603744
-1.517148543167153,-3.194908395075531,-2.880361305990648
-1.2018470191323616,-3.3250868432211633,-2.8723665553869613
2.649880730273117,-1.5239444619241185,1.6162850001795634
-5.717271211607357,1.6520204745726152,0.8762017075708589
-5.460607741671148,1.0010394196103594,1.3585132056671538
4.159481929527495,3.381268804121335,-1.1090364032895554
2.942587646019046,-1.3523771814572494,2.689839563728039
2.7834999138384173,-1.502269995434777,1.7735180570529558
4.0897625196874365,3.4113314349699526,-1.2485966694870785
3.597142364800273,3.3958186909916352,-1.366310790640143
-5.629930048411274,1.6942316565072995,0.9544360407061883
2.821336133842068,-1.495210212600899,1.816985977778797
3.9493307899660297,3.362937507889392,-1.7230760653632902
4.445186650809239,2.8008841883665414,-1.0573448784442556
3.7625408215738205,-2.188383562634425,2.7116466500983685
3.2365887277793854,-1.702378550620701,2.9945960328051733
2.9204579498368033,-1.2595636512906991,2.6624500855468862
1.9824623064327456,-0.04523796495692613,0.8800798237451671
-1.2551116571634748,-4.247162718755454,-5.258993072883868
-6.117626049772407,1.524943759770184,0.5956417095908063
3.5073211416920915,-1.8075522939247173,2.6377014414947126
-5.409425874699521,0.8660637073757189,1.2066131055334444
-5.331394697049986,0.9827164335926879,1.378958443462911
2.2772064917864063,-1.5288072650173619,1.246319152213808
-1.4315419402260938,-1.9554330406348206,-3.040499926481776
-5.694768543819969,1.670897036603261,0.9057615766093382
-5.557038453532127,0.9327662231759204,1.2464161036974604
4.890776763266377,1.2486931844989564,-0.9740596373805915
-5.698779483407606,1.6998810230755304,0.9385115615270403
-1.5353145082893305,-1.8265142867393833,-2.915824378770082
4.148178196903436,3.426240907641676,-1.2415540798589564
3.2419585541321316,-1.705947023746058,2.993066374740703
-1.5126904995637973,-1.8372605424950765,-2.9275857406119923
3.618451379245871,3.1701085667995743,-1.2012365203626563
4.624648796430443,2.616410604687344,-1.1221907947760792
-1.6506567114837352,-2.0802852252974584,-2.752204445140474
3.083020354996283,0.6927251097344378,-0.3957793824218794
-1.4304549670070503,-1.9548419818103882,-3.0243764555525305
2.6389362849083886,-1.5270219440620927,1.6048426479975284
2.1163996510535865,1.8439935432380095,-0.6306872777815011
-0.15699919718855712,-2.0511958092192626,-1.0091006924113637
4.194485876450674,1.9050447660557654,-0.7108327020174301
2.604015579917092,-1.5151519617416513,1.6257589024136447
2.763622488885658,-0.8386209755320504,2.3988939018826643
-1.7339897791263377,-3.2156987326796354,-2.1985361068154106
3.498829450723446,-1.7467741866121937,2.5437482775445166
-5.990384905419833,1.5987342524315933,0.7240666791161882
-6.807638600964821,0.6718641723262269,0.5306562983242323
2.781445114691751,-1.50128447253545,1.7696352425013473
-5.213408563890119,0.9993772311604943,1.4370876660458969
-6.382026670261449,1.9879049156738917,1.0531072834853943
2.5933117640621277,-1.5180634699110238,1.6166859888328482
4.32200454159922,2.5964803260393032,-1.190645194220786
4.0733861396150335,3.336163161500873,-1.1627618194050473
3.5119980513235602,2.5861629997986606,-1.3766436494986307
-1.191532771094902,-3.331861802663171,-2.9094652977834135
4.1585713951552155,3.8091363251783688,-2.0318664894254463
3.9400132589723467,-0.10232137829847866,0.2408694917842207
-1.239968501174405,-3.3597178894817916,-2.9000171890530484
2.671238487450856,-1.5161039770599496,1.701726565790113
2.6366038315012967,-1.5160862748963508,1.6630442672266932
-1.312150756714631,-3.328762593982703,-2.6050764248847833
2.0017803328196218,-0.3390844803042432,1.7171825432642285
-5.65819008965697,1.6857513986158592,0.9352075930764594
-5.817540804015551,1.621931629517566,0.8079771572344704
3.2390990158698374,-1.7045382372678959,2.9950583334113254
-2.1733673751767077,-0.4951030566908905,-1.680902363738271
2.0757914122914105,-0.06627980057753514,0.8902675961752949
-0.10584157260903312,-2.759711169738742,-1.9139644728178522
3.2001122257827577,-1.652962144492307,2.9088814423038234
-4.066718607599646,-1.006154640767784,-1.8097765443821103
-5.330044054764101,1.0231640456614866,1.427196078926879
-5.636252999765444,1.6951150013190528,0.9534019753363892
-6.451098562079678,1.4542218117899264,1.571350268965145
4.406565547159996,2.8190704130341557,-1.6705529515636206
-5.626970339845923,1.6892730800251305,0.9495783501857729
3.5392701446707626,2.652842304816414,-0.8144216473284573
3.5086204559329106,-1.374301774350012,2.614530011096402
-1.8307740052598762,-0.4079215703951926,-1.3043535894670928
-5.4225885128748965,0.9458783287425785,1.305715296606249
3.461440960869067,-0.8199375685375264,2.037863572634269
-5.616160156147672,1.687772438783882,0.9513576107987538
3.9983565121883373,3.876678946988815,-1.8484261685148022
2.6829685902977536,-1.518225903256897,1.654748513188737
3.9133507611058826,3.3168818470705017,-1.1690306773650712
-1.8800808660013428,-0.06900293155426272,-2.1041974552527205
-5.26734175521242,0.9866039662490085,1.4044214744151244
-2.4634083815962264,-3.803337045413549,-3.424796392427614
-7.031309013443036,0.47516795865728634,0.22534398098355204
-5.707918596769923,1.66165553883447,0.8905905725646016
2.5828832629544807,-1.5155726141108306,1.6025928069402926
-5.2438295850412855,0.9999666790629131,1.427872451228308
-6.990148558775254,0.4690972538376461,0.23158083595884207
4.078634555737939,3.4194179276613936,-1.235844257295734
-3.045479569627294,-2.1956609800610054,-3.943985097242089
-5.772835530171654,0.8399253106161124,1.066397606143144
-5.465739791143727,1.074540441357943,1.4436992328589586
-5.3509762985969695,0.9794012908534437,1.3686611236243627
2.6440430418883145,-1.5161972436684386,1.6714542329667241
3.7737364884960205,-2.253679958773541,2.7327854487346372
2.260624361929622,-1.5134767979586576,1.2372246941227272
-5.703151243350933,1.6740691646428072,0.9067424085930719
2.609875250234891,-1.8232055575850041,1.444837292670036
-5.2991874319155,0.9765199541620708,1.3821296688160818
2.7213385219009862,-2.215983196927929,3.4298898919640277
-5.739261764210611,1.064822967962261,1.3431025995038874
-5.698870000776313,1.676324925524609,0.9107966686349461
-5.616827439327481,1.6867019358067727,0.9498807987653815
3.7120499784690044,3.175808330090776,-1.7696086011233991
3.323864407556377,0.6753325338050189,-0.15277049706907306
3.6826680966107728,2.9704180616801223,-1.3184357378779712
-5.386624284347447,0.9546380115194024,1.3277840621840875
4.0961096962612995,3.267673733142151,-1.1987232705811242
1.5103025207003988,0.10370311245316709,-0.4513098766217454
-1.3097913610529581,-3.350973695661683,-3.0705437585862305
-5.008922771345787,-0.04617608974788247,-0.38099533458228163
3.225317217043732,-1.6825352219524654,2.906053608155203
-5.506407160164064,0.961031451389041,1.2963134131980825
-5.477861916877813,0.9476931027079827,1.289851360410725
-1.465594878624881,-2.0030037499207656,-3.028164177383902
2.3792553326778316,-1.5979941179592152,1.2856108854822819
-0.9963670181188073,-3.369683295209907,-2.9806868940988402
4.634474312167617,3.0412833781929707,-0.6035169185415517
-1.2011274094509854,-3.3175162393067414,-2.875038341867129
2.8010166867593544,-1.9927750831450317,1.55825712027872
-1.7838613702333022,-2.2183267256641552,-2.7229029192808274
2.76754359404745,-0.8810177978165505,2.496322762852778
-5.220345581621994,1.0031149702235895,1.43924413322931
0.22222820714299488,-2.6420057058174176,-1.3147029583809953
-1.4640829508095183,-2.079286431043799,-3.1705042573613507
4.27416716672426,3.1864401350441303,-1.0090078436106844
3.9366188738144836,-1.5635639304984421,2.3696490588607144
4.503986355774135,2.7539329662195944,-1.5003466929351434
3.428574290415659,-1.3799945573693384,2.516015375740816
-5.634160062918737,1.698962828807856,0.9586101874832418
-5.360210271209595,1.036684375609033,1.43334520967552
4.498739206654725,2.7641736922472124,-1.5517558211782094
5.111834639954486,3.8961425930275824,-2.43382927689
4.528472083460825,2.855340018467134,-1.2339654727213452
2.6228187870099706,0.33718794789040274,-0.8318420802579618
-1.2185275551091552,-3.313207300315922,-2.764788286030915
-5.829791525188038,1.7482644150839883,0.9524401232113375
3.2750540044697845,-1.836573950251092,3.029461834289119
4.578500636190541,-0.31863773681768137,-0.5490980450918299
-5.748680168210455,1.6471356402413688,0.8601667296980012
-1.5092340170073901,-1.1974464596889303,-3.1005828163237497
3.7093355546764926,2.7027728118272525,-1.2932511942241915
-6.463539571491048,1.4504885204149787,1.5628852672389408
-1.2028899464059883,-3.3049985286603794,-2.8986183020992873
3.842009422328008,3.3657449290893298,-0.923898992464623
4.338413130807116,2.601480379052715,-1.081366100651669
-1.3937199905571276,-1.993701148178379,-2.964534297971395
3.5676317459582,0.9447692117573219,-0.7717114424419449
-5.743522730844783,1.661954510512178,0.8792731976934577
-5.66666068236968,1.6840933479976004,0.9304828196724204
3.4207575685194214,-1.7981485798487484,2.7618994193100956
4.5237873035852605,1.995742790369032,-1.6654691088088007
-0.22050617365735878,-0.5300736635200911,-0.8996486507780779
2.7600596724837847,-1.5178822473632314,1.8029592217866537
-5.739548543890398,1.644499919215625,0.8600619549993153
2.833656441677805,-1.4899225033630106,1.8295830742844026
4.445799266995815,2.807642432460899,-1.1042787452347183
3.263564861019556,-1.9047249823831192,2.978028173829506
-6.489371747318624,1.4276633066823363,0.3594755787372643
-1.3957181994496886,-2.004636874817662,-2.9683837235218955
-1.8242360568528846,-4.465205093373858,-4.857017264827154
2.830134030535644,-2.01887222533026,1.5753787424946624
3.8683125358179993,2.5534971309057046,-1.0144684798765002
3.281110029348353,0.9857711136070995,-1.055619038153002
-5.262322554178296,0.9980055643215007,1.4195298209237415
3.832577204949838,2.73337587788631,-1.3634119660635362
-5.677971045882937,1.675255102955517,0.9163886369574642
4.613667546199294,2.6277610982762676,-0.8800142993227397
-4.333035809640511,-0.41335693843232724,0.17830675025127965
3.3124933438511177,3.378838419590155,-2.112899762583778
3.9217489400319487,3.640146286223005,-1.1179480320956383
-5.232326611352286,1.007596706717023,1.4406365669571806
-5.854147416500157,1.611541428599648,0.7837685125318238
1.8921003643645522,-0.39941179787051917,0.04610253809599232
3.3056974227045064,3.881690839806843,-1.6929444599556185
-5.244897600099397,0.9936130338176836,1.4200165465100707
-2.1289301832114647,-1.5085354597111176,-2.4435635849554496
4.620041842102631,1.1538264422096232,-0.6278662386146541
-1.4195163507073263,-2.0441432609967065,-3.0907251921648675
4.536721965947384,2.8638684113455324,-1.3743989733711217
-5.7709432174163515,1.683585490847526,0.8957093319365904
-0.17907364784871924,-2.778415603035352,-1.1692412478631595
2.1164649851736685,1.843914774465233,-0.6306695753975939
2.6594980863659505,-1.5228670624414262,1.6280904246053487
-5.733842768909951,1.6511733018002985,0.8697748399455457
3.6714406428751247,3.3334967355506904,-1.254586906542712
0.4316019411273217,-0.10630909545702494,-1.2033801436623137
3.2527448832507337,-1.8406286894292951,2.957217774984008
-7.236153577473762,1.2439059585188597,-0.10123615833913455
3.9560807136576304,3.2162432024750527,-1.021779986148751
-5.695406167553286,1.6985113613287712,0.9380073430290692
2.148810112335975,-0.12646115236045977,0.935372373421202
2.163790406739342,-0.09236964031023255,0.8805914598065733
-5.6790294869142,1.6937490675055864,0.937777393935898
-3.391534902907057,0.3583455272585321,-2.852607471321381
-3.9031974882552722,-2.0893588477161296,0.717624703290969
-1.7003729661606486,-1.1576525270923765,-2.797214177914777
-5.388003289680699,0.9702057085655547,1.345731055269444
3.391218832830434,-1.6310710343141879,2.707341772515539
4.395689031156175,2.934178458726754,-1.0286831251143849
-6.117255429751679,0.7321175228058912,0.8267867667330479
2.06632291797356,-1.3932655634935434,1.1751351617628079
2.236672446020752,-1.4045695160421618,1.0496029199657826
-1.1966858883360174,-3.3050292223415547,-2.8687795586098264
3.6677610198210275,0.0563004115895245,1.3498851106724592
-1.918923366725354,-1.866276605704948,-1.8663031501415996
-5.248366923220529,0.9950460958987062,1.420579577521312
3.331509245392305,-1.8360563012676896,2.9993586975914823
-5.236612284325095,1.0004289897264904,1.4307702436995122
4.121322016641598,3.3944447561409685,-1.3642802044479407
-2.2201899183256635,-0.7565840136016577,-0.1980494378826891
2.685234018073763,-1.5178902979279278,1.657548325016518
3.4747337680789427,-1.6141436444915365,2.5766192446300242
2.163333234267514,-0.09310425943619373,0.878662801274337
4.524750926676757,3.5428592918673116,-1.690876975797952
3.5668004526682107,-1.7056610770726608,2.4829384423743712
-5.614305171207804,1.6937041705772362,0.9589369201232592
-5.28591378394511,0.9909263208533297,1.4034780847585957
3.688193744056568,3.0570465775921196,-1.5214340908758086
2.614678508595213,1.499181647626238,-0.9850364086078052
4.046760170091647,3.3289435967280885,-1.218026011374656
3.507539483700364,3.560823504461258,-1.8477152673189043
-5.389637831934553,1.0340612195459862,1.4206578658720617
3.694791533415982,2.0280986723946524,-1.3534284551373976
3.7396340707747164,0.5757325297860573,0.8621814023011153
-5.594669049516949,1.6806271383516345,0.9500041118280651
-6.10067776857337,1.2779729299339504,1.4772388067840556
2.6898929907086924,-1.5170177287627093,1.6628006879519752
3.9353996012503862,3.5079792129385687,-1.2563270088471021
4.1852424592038755,3.4924523688015072,-1.5017375028701097
4.0649058924339005,3.2858725686867065,-1.5777859550504651
4.146001096527875,3.3562922420118544,-1.2270818534718806
4.613631256155894,2.9429429614783444,-1.054988721214717
-1.425167198204922,-3.7678660211382673,-1.9905336850630808
-5.825117077337455,1.6374697231502076,0.8237554932153907
2.526696873792038,1.3992706533986627,-0.53496912747959
-5.378545639152402,1.0444248648905097,1.4365186785710844
3.2473530949736373,-1.8087449796750552,2.9468013100307844
-5.784426874983622,1.7492100487452786,0.9684187820583807
-5.472918469429586,0.9491765297443857,1.2932149372555761
4.094575479929933,3.047544166733479,-0.9759662106473707
2.53259533056228,-1.5147124269677879,1.5457760967833358
-6.953714689112396,1.2978748778086509,0.05475690157750825
-1.210929876383406,-1.7995164771471832,-1.4163052193264105
3.0209624097360486,-1.4323013569686398,2.6098581659458886
-5.778074633589335,1.6582216610521918,0.8635622556289065
4.299313835812453,3.183122341796615,-1.1690632484321766
-0.9221070345750337,-3.4367901843606323,-3.0273888082494183
2.9386390812253853,-1.3221930734691276,2.6800143738218263
-1.428005748168635,-1.9512979006988513,-3.024797841995174
2.428198835493979,0.043642720428027526,1.8080566037592194
-5.239340720544445,0.9961464929286361,1.42482077226543
2.822102811297476,-2.011753738083249,1.570600577456665
2.4909320364322896,-1.7177837367683133,1.3740528035952464
-5.963865848326791,1.0939049664440548,1.3042937956851448
2.2641413120061613,-1.5167702210624996,1.239146247572926
4.3219438874928455,0.012673521700053742,-0.5514092159303201
-5.607421703781767,1.701869748650501,0.9707896821965465
-5.654644637905396,0.8986707709736166,1.1743246285366
3.0302886372534577,-1.4735538763863825,2.624357869299892
2.736375422177948,-1.5094171693909062,1.7174564289093144
-1.116802559082599,1.7904108384707085,-4.191532533138044
2.523523108645617,-1.7192969610989937,1.3710703399851778
-1.6847342664727154,-3.3219702406376506,-2.402737232868138
-3.6404748155895805,-1.3855580386276964,-0.5868129109162556
-1.5368471809610973,-3.4458733327646818,-3.4595480077535545
-5.622331291373366,1.6894741516422203,0.951335051555642
-5.822063888467931,1.618015742195876,0.8018926639897866
2.6255490733644136,-1.8044213884446632,1.432642720624126
-5.168774173619743,0.9344436341230971,1.3658285775999899
-2.4060050389278262,-1.1418821675265693,-3.520110119350519
5.072471525661986,2.0053588616781193,-1.1028648253115532
2.666382729913141,-1.521135362613191,1.6354768716579375
3.4645570016363183,-1.56572577608144,2.561847867020728
-2.585320842288787,-1.302535226525753,-2.4217760224041815
-5.393840239829957,0.961041299111205,1.332999721905547
-0.7933240404880169,0.4485574779943433,0.8493325275864528
-1.7774589750358778,-1.6233508246402246,-2.3772967720633473
-6.464637093357196,1.4521983694796923,0.3964174914932246
3.8728234552292626,3.176395807719522,-0.9613428490677719
4.046415410594783,3.466588242230301,-1.352286123250342
4.689066341016211,3.933675205379151,-3.106896863191841
-1.4367798373446818,-2.0075996718929665,-3.1276048981172813
4.7636611911337905,2.8210673111666877,-1.4672729769816153
-1.4604377522353131,-2.0175904177055917,-3.026795006400548
-1.6028083332010714,-2.046447453634715,-2.735006299644239
2.8142196092166967,-2.00476159258652,1.5659159890643957
-5.851594530820802,1.6106126163318164,0.7835136445052558
-5.563329472879128,0.9467642967406142,1.2609082719000595
4.2477778293839386,3.452115067589262,-1.9321882676124578
2.594098966344336,-1.7781164194087649,1.4137737437880158
-1.4809988130080096,-2.028360611258113,-3.1101144133848027
4.142426363423726,0.14791674650768313,-0.38097883397687204
3.156352686285866,-3.0960047974511613,3.7960475118970094
-5.7531953307666965,1.6502045414840971,0.8622936978572328
2.836097367284634,-1.604867917617605,3.152297868587163
-6.494523704489514,0.645221443792463,0.6011848331900723
4.599420782563147,2.2528831270882566,-1.0689551534615933
2.714972787871972,0.05895661207643109,-0.9624355575200261
2.3538532688942704,-1.5770969729527375,1.269911533916098
3.375685526990026,0.6758249324585797,-0.1814374347220584
3.4596136399845236,3.9457129899312173,-1.6439748859286856
0.5223710066014441,-2.0171267455565576,0.0815394074125673
3.1370348246701703,3.9258904287864453,-1.4783358152542936
-5.254007894409733,0.9895750586512673,1.4122767327198347
-5.520754333404434,0.9517233749454341,1.2806395460314102
0.8191897367794427,-2.2006483441758697,-0.4461133132864094
2.7889564401680564,-1.0261600225335794,2.4597609986813507
-1.389802857588972,-3.1814384459253113,-2.825057603724599
-5.381199682465302,0.8662950362322079,1.2161089801019573
3.1410017864129753,0.786751077388594,-0.5880537644633581
-5.241415653921298,0.9964619563554198,1.4245174943983365
2.3346227250718568,-1.4732470945767502,1.08180993844238
3.7747683306920696,-1.52438107703574,2.287690756458584
-5.632287800996344,1.675912212585538,0.9321332052083451
-1.6840690212756413,-2.1475588531549694,-2.7156698234237777
-5.265613268252923,0.9959013446395346,1.4159711340564283
-5.253028265400727,0.9967598760912164,1.421085982384626
-1.135122105546374,-2.2453247217407433,-1.7396792925071825
2.6666874368254234,-1.5168665740271794,1.6977987763387807
4.900271008445213,3.1553867799805992,-1.579373653842897
-5.609436131356721,1.6852838228227363,0.9506366153844257
4.244726921737526,1.189490131163909,-1.0627728336654334
3.6402608532031833,2.8952517889495075,-1.19252992577678
-5.248204880704574,-2.376056066559547,-0.8286399114942393
-5.696065635341809,1.676195410061652,0.9115635354040245
-1.188454940444225,-3.2926660541484867,-2.8354533606275782
-5.734426561401402,1.6514128548629996,0.8698650429339879
4.30210358986702,1.606636060570482,-1.2373921765422187
-1.4125663544894935,-2.0364643782584673,-3.060336358883194
2.930324240156198,-1.2214949276141047,2.448121955180211
-6.719645149063608,0.5585365126193063,0.42540296516931064
3.953986386947457,3.1720366656420564,-0.9620340175970175
3.484618942554724,0.896346288284084,-0.6437288608282612
3.91107608405266,-0.6820003538045056,3.0853330014907576
2.8416743680075336,-1.6301007576237772,3.159447623855848
3.1256849791321972,0.7636332576608198,-0.5383343411698707
-5.606812023851561,1.7039496334469675,0.9734339441012756
-1.2521432173426807,-3.2936899774172974,-2.8807178696259483
-1.3982023219491488,-3.1790829198314587,-2.830726779112482
-1.2973330793337565,-1.2067560864433367,-5.659541888722421
-5.828280516237482,0.8644438687965494,1.077307187522245
-1.4801532092087146,-2.036349679995975,-3.127912276811841
-2.8697980496174216,-1.4856412769052372,-1.7549796079882023
-5.7403639252891265,1.65349195726432,0.8703626241079904
3.236437507650753,-1.7449951841628022,2.92560477017703
-1.46465588217857,-1.9764536871626075,-2.9455434473313757
4.491515676306056,2.894623038000319,-1.2873494537465668
2.7721516994941373,-0.8992798448138473,2.4149354108529875
-5.731710039802155,1.6479810604166065,0.8667221601263116
3.2831492598564016,-1.1911141031457921,2.2617781651866578
3.3350588199472146,0.6410293538192917,-0.7654129653220998
-0.9196074105219616,-3.3778599540142955,-3.2051175200682827
2.116403810504587,1.8439671478400745,-0.6307126799456955
-6.000371993135222,1.5879418535371048,0.7081094305967465
-5.445530226954058,1.0055638720713898,1.3687721150439485
-1.6681644564163092,-2.0029891182520747,-2.5931515460627597
3.6906989292473464,3.73909114834441,-1.5103025358100919
4.409366752826188,2.087225839320205,-1.2355313291706689
3.4529518286338567,-1.5198114792421475,2.8485312703247887
-6.136777089742751,1.536290546265369,0.6027001447915322
-5.336266339782708,0.9676779447835644,1.359600395575593
-5.534114478338826,0.9696013944271682,1.2974136405846428
-6.66923289494397,0.567065222648941,0.4519061698923633
-5.289985598449532,1.009602319631595,1.4242210278447047
4.14914721685607,3.331074503684749,-1.4679301356354435
3.3002605211603733,0.4762675975300734,0.16753257338194796
4.936476950579104,3.7403752089530884,-2.5499644023971997
4.073152138058892,4.135401584995359,-2.6762264430186327
-1.4849263066905374,-2.405534479596437,-4.173285098533444
4.761549465392143,1.4845556256226848,-0.9776251118661234
4.511356583515549,0.06709350442964772,5.298138001607527
2.5783029940298188,-1.5152227467814532,1.5972801831371783
-2.4616817480574835,-0.47385663715552045,-3.879402773237139
3.72478746882837,-1.4681521195287486,2.8847771676511367
-5.766335660644043,1.638201496939553,0.8438804236364704
3.2010722190256917,2.9877420614217183,-1.3125207517080646
2.154536885092888,-1.4529914612757415,1.1983367916186398
2.767641452444731,-0.8601306700317757,2.407174077510503
-2.174931427417555,-2.345920002832693,-4.575512075627926
3.2759481058381192,-1.8406411302659014,3.027973304988354
2.6851397968503083,-1.5178099674408523,1.6572294005151944
4.146594450322867,3.06931592625808,-1.1575473723734755
-1.5239972465971034,-3.131094876313093,-2.8645033412765586
-5.414556234352971,0.8959223986362947,1.2402370045750095
-5.392882825040968,0.9620177825121328,1.3344655646296468
0.3246567130140845,-2.2532513438132775,-0.8963775917269483
4.007588343731797,3.6631411053284073,-1.8720080179652998
2.5763507320333243,-1.5154417323953533,1.5951757699720817
-4.615562703282948,-8.786577951935547,1.9692529532440197
4.058226778297934,2.910075776870563,-1.2710160290821735
-2.0077270499384636,-1.1580536064936817,0.22584129903718364
2.074397654067918,-0.06640786405755962,0.8863150646622185
-6.1545520639655455,0.7253800196218263,0.8066734141065898
-5.70013820834681,1.6587112784326878,0.8896802760870256
4.074545873058193,3.82071171814593,-2.3537845017288928
3.5257578118858377,2.4874662986717637,-1.2284972196413317
-1.7624486729862134,-1.9102320541004552,-0.5407048407634617
4.1444144039529505,2.9530582166161587,-1.4628948479005963
-1.3552307095657488,-3.3980899448173694,-2.512239603462547
-1.444070951299474,-1.9975448066468604,-3.12196821802512
4.4405317001186955,2.7870100741417034,-1.5451077701505895
-4.122492707904792,-0.9432757112442478,-0.0038470612562406586
1.891954779141601,-0.02236587868123953,0.8802217270924214
3.0201562968904287,-1.426330880949798,2.6076703656683544
3.7449255674392137,3.0912743717547095,-1.1194947034906193
-1.3525884136308683,-3.1523336591831446,-2.7775311768833117
3.8619146954701535,2.1669108373151853,-1.151539598741403
0.07326268139377826,-2.445853567367131,-1.3656740335993518
2.778149958902368,-1.9325184313515416,1.5234099417003815
-5.74038670299412,1.7345573682443352,0.9656306890249999
0.16967043013916852,-1.0960877170292966,-1.6653376797366983
-0.8088276528968545,-2.432773932553012,-3.4867218161151805
-1.4511168424701804,-1.993172033963226,-3.151675753337208
3.489174954502596,0.8335913307457856,-0.5303594058551993
3.366142005416797,0.6548052015889323,-0.1464651871732283
2.952458782006369,-1.367855663066956,2.689751989362678
2.7797722187331138,-0.9532117040871686,2.4365115550000014
-5.620983275714182,1.691069674991442,0.9536520154756458
4.211334434980469,3.087459172639181,-1.0894338177475422
-1.3779621986608463,-2.022116451737736,-2.9313005467793807
2.855382562083733,-1.4928712178585841,1.8569183259858926
-2.2127163663853198,-1.953131293336533,-5.573050484845672
2.869273077406041,-2.0093484370517856,1.5770320905527473
-5.2464370021364255,0.9987377788064222,1.4255707515110931
-5.654352339729484,1.7028397778968873,0.9565490757565931
4.3446477434663375,2.9479676713427083,-1.0417551648700896
4.555564839175107,1.6374103466782604,-0.8790423325541011
-5.621852587718242,1.6856221067696664,0.9469647762983355
2.8902806564109613,-2.026355063863512,1.5902744456452893
-1.2661441924782533,-3.278872722176937,-2.8387623996753795
4.209339940251323,2.91691636366235,-1.1192298324807732
0.45548107999264886,-0.45770200703102093,-0.35697303567385963
-2.0146507135583547,-1.7637723321801482,-2.313961220912297
-1.463466458602957,-2.002152567652812,-3.016733753558523
-1.3287362408554293,-3.3527741639642774,-2.5587407451094806
-5.635537184900806,1.6771418686539317,0.9325133552263323
3.4625180315360864,-1.5179630159252082,2.471818146840724
2.7954605793131533,-1.0783509363383121,2.4762599819964763
-1.461725843468712,-3.454624729375665,-2.5871925478849165
4.452064834779668,2.8055948405963522,-1.6691694722604158
3.310017420053459,3.9082797879649975,-1.3493822479672801
-5.375223732212025,0.9673169135366191,1.346481008580974
2.764516388741283,-1.5134628644067332,1.8064680073856336
-5.233543947020384,1.0084807665727231,1.4412846392722802
-5.363550507758997,0.9478449218045926,1.3272754561722762
3.238926646143887,-1.7044255869914875,2.995278462786313
2.8958976840309814,-2.076993467654345,1.614557286265541
2.6307150166215942,-1.5172615384722852,1.6576315205496734
-5.305048083584748,0.9802987145664472,1.3846854083561582
-5.718644391454085,1.651608411506948,0.8752673806695112
-5.613130986400278,1.6922349741821927,0.9575950417946688
2.1165929732816613,1.8438668101899802,-0.6305112943991473
2.5905021388076155,-1.5375327514631094,1.551307295575234
-1.4452296224113235,-3.1596181449440324,-2.824947396301162
-1.6287484492599826,-0.288612972038647,-4.03202313357796
-5.617740905881411,1.684476109106627,0.946965510003601
2.5223152655548104,-1.514606328880909,1.5341567983520334
-2.2201742151928934,-0.9346679496741843,-0.10563860970831548
-6.807185052224216,2.139004981105522,1.0913593936190493
6.055698541668064,-2.910338253640371,4.577640586966843
-3.3748233660574325,-3.1707181239918856,-5.385863960599323
3.5503712465149087,-1.5740230657540966,2.71480164306156
2.164095391877107,-0.09214658093725304,0.8815175398616094
-5.410096341859563,0.9487758900428735,1.3132094004030774
-5.634870332665238,1.6817157489071368,0.9381073572735643
-2.212649741425454,-1.7649892707421135,-2.4216380627972476
4.725747165222762,3.738802202141678,-2.935984749156679
0.1297507751625451,-2.377306814552863,-1.4521294533519937
-5.310884381982372,0.9743814632590091,1.3757916030468467
-5.685928025348434,1.7063099575498102,0.9502792526684181
-5.654204811147577,1.683069379563083,0.9333615932751427
-1.1763974922810536,-3.368147779180069,-2.8238170610934996
-6.727762520254264,0.5480945054728799,0.41041915470721957
-5.826351603139787,1.6300733919768415,0.8146581600171906
2.94651490738406,-1.382604924076507,2.6998292135619617
-5.751941759779409,1.6511649828217525,0.8638333161538193
-6.520268216981928,1.4057765014314088,0.32362719768685033
4.477114362389514,1.4856152900402984,-0.9405847520668219
3.9654486753302103,3.340119714100032,-1.3398935813749928
0.6668743712765678,-2.2594097411276945,-0.960034894651405
2.9153140724804465,-2.0475902699360993,1.6051114541016662
3.5700083234530324,-1.7149145596354356,2.4846753472137473
0.7192018815067173,-0.19814141465816218,-2.2202540573478324
2.771565058970626,-1.5038200964711361,1.7590160274938924
-5.24772909614251,1.0062933324166137,1.434078122427928
-5.892596319816124,0.830370133451551,1.0160874244969955
3.1489771492482,3.491075348498656,-1.3005413093165925
2.8571173151126654,-1.0859497283868396,2.5832221753461737
-1.5693571972770284,-1.8403872958907361,-2.9538917913225258
4.677320548198159,2.762559808842115,-1.1147441371044835
2.8477628554061054,-1.5139682865657953,1.7749268244414877
3.838532141397033,3.323160011467725,-1.4756635955765007
-1.9762788373530253,-4.372127886096748,-2.436042175299384
-5.647625264150126,1.6818839499726232,0.9341247500328225
4.2130137557543375,2.020254498649983,-0.8846641018914666
-5.272249806857089,1.0081921746178137,1.4283330200518904
2.8238763502803743,-1.5505158229084386,3.136709828211111
2.281205117701989,-1.5329504846466286,1.2477270344298739
-2.3562341301192977,-3.616034796421861,-1.1963041061286306
-1.3638871475196306,-3.4188426946373744,-2.5300875988641436
3.7356220703095757,3.0225960250337778,-0.22222432365162068
-3.219527560171999,-0.17099111841513495,-0.578120931564049
-5.611394029932737,1.694577744276451,0.9609176931541141
2.8340598497581357,-1.3684886994558183,2.8139846917283786
-1.0805032855948633,-3.4059735919606817,-1.3737582430152737
3.082438561446396,-1.6003476094558082,3.032515784786998
2.7185176312474586,-1.5171615647030807,1.7556105934853805
2.76072648814925,-1.5175117209790003,1.8030683692427514
-4.114773366586667,-1.1237697535175837,0.16887373608828796
-5.51287424325463,0.9649636351065194,1.2988531760859692
2.810171087782325,1.3716406347332777,-0.9192860305286936
-5.233870176364538,0.9936276631078051,1.4236268311121159
-5.790865295761351,1.649738625854111,0.8494003592362543
2.982188535854031,-1.6267078580729413,3.1029268558431324
-5.252372904664202,0.9961054537654563,1.4205261882918407
2.5046869938281344,-1.7303579939282456,1.3817897333684237
2.7743645016501084,-1.502240901990201,1.7609955122781562
3.462140436456414,-1.5651627450400394,2.5800606561436887
-5.8070424878299844,1.6699659951579262,0.8678716199695754
2.874080452547115,-1.5270673476666314,1.9316682372003888
-1.4731882643642653,-3.1983336264998905,-2.9190627941026244
2.7922454715610536,-1.0537497849019566,2.4676320239369045
-5.630227936377216,1.7013320638358165,0.9626833990148997
3.9565498989049304,3.653635494946153,-1.107280578212873
2.1165078748280326,1.8439032951581718,-0.6306139252989367
-5.36573207277024,0.8784698073441928,1.2355115310548384
2.644845380897429,-1.5160322322753599,1.6722845699401279
4.479517829034519,3.8168421256784684,-2.026845447911152
-1.0135404738932068,-2.6843864895792153,-3.2612188184264257
-3.1696249977603017,-0.9144027768525422,0.2522083645678921
2.8515199510941183,-2.0376887636668592,1.588289030112755
-5.244772677780758,0.9907639423960442,1.4166906303312399
-1.2558656160269097,-3.30041973779965,-2.905149259665667
2.481662439500939,1.6424376115206463,0.27538016028060003
0.06254840687565658,-4.30604034251192,-2.8660642654935917
-5.413507672928323,1.0151731827627586,1.3905606183833712
-5.402453871731029,0.9419153477208306,1.3075926806674003
3.8175350172467435,3.0872561697442436,-0.4193230941884483
3.2642552159209446,-1.9088182171563415,2.97939782834971
2.7652266806329773,-1.961061935494968,1.537065579967376
2.2555232059248174,-1.95493409852662,2.9953706346118976
3.7623068804557693,3.249438256332757,-1.1521415008243927
-5.796465802493118,1.6991503285434186,0.9056381456688386
-1.5379681908111424,-1.129157809938825,-3.0928748002368835
-5.856792308361174,1.6310271676833121,0.8058026514016315
4.189097611780658,2.907831684484171,-1.4225974068320844
4.256642790838084,2.0625250841694913,-1.0166057654357872
3.5289242524511497,2.092918732903244,-1.0911523919332986
3.178486149455228,1.3569834189263243,-1.2844311734766387
-5.786177796982458,1.6216346599643972,0.8179078035838309
-5.268298025296361,0.9921777348009932,1.4106962672416448
-0.13346943868012293,-1.437857845626945,-1.9987094052224446
2.7741761361274437,-1.969208592351125,1.54216727886033
-5.528568222327064,0.9337447956076455,1.2568481786344767
3.9647334673749133,-0.7049372170004431,2.9633453960878167
-5.225248188759786,1.0030636629966612,1.4375861596304358
-1.4387935713474997,-1.9739024627698112,-2.963785473485355
-7.1719740223898585,1.2196196531265961,-0.10874572383560796
3.4331132197526766,2.4524864169944913,-1.1072013926539452
5.6487607877375465,-3.354110964924027,2.004083848608729
-1.9472275287428107,-1.482317518706052,-2.5310821448474923
-5.7679900583729244,0.8417981243724366,1.0701893921663688
-5.620451003905072,1.6884085733754963,0.9506989553718841
-5.583081846549956,1.6948765808840784,0.9705479209936103
2.699337882362412,-1.9026923791670556,1.4976948608404528
2.712965247508112,1.4357760826759733,-0.9531610548127214
2.405518474187541,-1.6418018265789258,1.3235841392816659
2.7604828145012705,-1.036464685212911,2.6764683104810953
2.0745770920494033,-0.06701962102602856,0.8868943332477984
-1.413053892055942,-2.023195867567235,-3.0574139040098447
-0.6743461510803692,-3.7217296176505186,-3.4174082211117054
4.033458626631559,2.1486980074833366,-1.0102381966823386
3.1916551519508385,0.8653913058759839,-0.7551994139845168
2.8351372641508186,-1.6006217883958107,3.1510805210036006
2.5639146406686018,-1.5153220822841624,1.581181917937963
-5.4689005251628915,0.9936139992471036,1.3470366196402113
-5.419344832038765,0.9640519790234983,1.328247922379556
-1.4096824086944675,-2.034601416690021,-3.0606125487287463
-1.3852914661110163,-2.076661463039413,-1.5206386685081041
0.7719414423766887,-1.878659463835557,0.16329554805066884
4.712116920448579,3.009639494104158,-1.48301858415906
-5.609121301247828,1.6934381983339426,0.9603232763466034
4.334248032216213,2.9043469283543804,-0.68775473631709
4.532862750896381,2.9737932569209993,-1.030747464859374
-6.618714315757084,0.5860944621648576,0.49085223491313357
4.03643615538555,3.4190028667610344,-1.2015549344688357
-5.348943992423808,0.9800111441906321,1.3700439274383553
3.004980456798237,-2.123582064042408,1.6572103104446991
-7.082531748132099,1.277992423459656,-0.010828117242477765
2.870573628571646,-1.4934463243312928,1.875861309158233
-5.602538082939092,1.6828224726513241,0.9500048138991402
-2.3174303481797813,-0.499096427374246,-1.2113368018401085
-2.2124218202232147,-4.640962872822977,2.31227698593072
2.63311093494238,-1.516072750843362,1.65913340855077
4.041592802403026,3.199124008894676,-0.8069906311370121
3.576346889276443,-1.7459219628487213,2.4957752176587378
4.133321267832624,2.019059093967569,-0.9129263226832383
-5.633522833432704,1.6907277774289087,0.9491405304436002
-1.1796858974729856,-2.350928063675736,-3.87819777043585
-1.257186138026399,-3.2784846298847268,-2.8514670522266203
2.6469085343175918,-1.524611314467618,1.6130518576845352
2.68416032268065,-1.8891058384492383,1.4889643136994732
-5.58529766564942,1.692845442767573,0.9674346141809382
4.046945081719828,3.3760284906711258,-1.1248635629985
3.2805874270308264,-1.8609128248555362,3.0372021562644598
-6.639525355120184,1.9106348495998988,0.8779023029447278
-5.602100584112816,1.7017381853684146,0.9723789706131394
5.2253412747083265,0.7944372095421895,-0.95518492014804
-5.610192615631136,0.9272899696840726,1.2226269957675333
4.050480970346345,3.362882409596642,-2.1272653997844273
-5.8931912358683105,1.6279000762195475,0.7901983371935589
4.730376601591113,1.4863117946801323,-1.0502344937247268
2.7670611493445096,-1.5035682460640156,1.752683309846548
3.9445391361603432,1.794015742943629,-1.7665066908906053
2.9082584797029845,-2.041670821936124,1.6009099231179433
2.3144306216241057,1.6501399518432773,-0.6058648230282435
3.2223462703538823,-1.66979464284834,2.9022084911318857
2.8094383752162218,-1.1422108971424816,2.579289409797893
3.681143817466156,3.6832052469103096,-1.3760655634113543
-5.97965289366948,0.7811037343336711,0.9295055020153518
-1.6355637165630366,-2.1136722597831805,-2.6946129569656025
-5.665474234225091,1.6645631315246314,0.9079186281560078
-1.6656585318294004,-5.08724123704323,-6.29438870573562
-1.5489023820621342,-2.01082492857634,-2.740911278127744
-1.815229687256116,-3.622771352808886,-2.4319578028756195
-5.808741908342589,1.6275276723378074,0.8174376593134894
-5.605828290415869,1.6846266205503388,0.9510467086525252
-2.328780058905101,-1.8752335297542522,-2.4812627639590095
-5.2688039587646385,1.0023143220028077,1.4225097888521205
-1.8325047779090764,-3.3184651125010336,-2.051685245593155
3.0295691050377798,-1.499602218425529,2.632039031910652
-5.783034748563662,1.6609557753474045,0.8651500412196463
-5.440948046220648,0.9379659415016572,1.2903836097737438
-5.686378103578282,0.9929821322757473,1.275435805879721
-0.8074958084492512,-3.7236567895454393,-3.483613780094886
4.783043501552239,1.5361740284438243,-1.0680721015546457
-2.3812537855823455,-3.670336868136633,-3.2359527337927925
-5.643638840929724,1.6774498737035604,0.9302200652793362
2.5043764539876316,-1.7295511061694415,1.382305951358712
2.8404408869092657,-1.6242748510282197,3.157830978721422
3.869260606392218,-1.1699413720568925,1.8237911353933605
5.215624517069786,0.6883299412135119,-0.8015017116653145
3.8461978652875284,2.6666989973739463,-1.2577279109308666
-1.85506213318688,-1.7918757700276111,-2.9836798135833926
2.7825025992621573,-1.5255484055674096,1.8288350804364857
1.43644983187728,-0.5686368789660989,-0.08124342759742681
0.427538822993886,-1.8215124396946334,-2.4070595017167995
-0.9329435879629593,-2.786265740301038,-4.606576090666193
-1.1971933668675108,-3.30664587533435,-2.8695317128057796
-1.1981650261105468,-3.301225217886526,-2.863772245306546
4.657982361083372,3.0178547422054725,-1.5153127732554146
2.8292557723327305,-1.492644481588721,1.824809974133187
-5.6746968796958255,1.6776310853048795,0.9202541276854055
-4.467070379244851,-0.3690009535360841,-0.006956614824390451
2.7862704627889654,-1.0026987607793991,2.4536180363736606
3.875415243892611,2.9673237223657587,-1.6262363419483152
3.572048339068226,2.604551367106924,-1.4107800946011602
2.822387401857615,-1.5181503600668305,1.8723629567447473
2.382128119373188,-1.6210762413516941,1.3096601001274633
-5.23570178751462,0.9991962446584726,1.4296101917395465
2.5964261614115935,0.30408382043338333,-0.7597732590750386
2.812267400153258,-1.4988486365196265,3.1218987681091557
3.5598795025101224,0.3706909394065834,-0.16274379519059476
-5.757898008872419,1.6875000899713681,0.9045854374993924
-5.258087447398499,0.9971199571932994,1.4198631458874538
-1.671614823464187,-2.204119034968149,-2.5299970313004585
-1.1841336709106274,-3.3713258593382203,-2.894296471576465
-1.192462509013682,-3.283703910597359,-2.8443106467059542
4.3081647534111545,2.578683151620762,-1.0004914628541852
4.19940192893657,3.4532499708251145,-1.3534465371437776
2.336677997368861,1.6240467885898298,-0.5982070827156962
4.348581203788481,3.8948362761185193,-3.1283723977485067
-5.414529849038531,0.9755301281309068,1.3433805495192965
3.264355807985191,-1.909630818709506,2.9793723941007273
-5.248460753656038,1.012079557298697,1.4406773549843674
3.0871138849462083,-1.6088694750752084,3.0337800393289776
-5.834776071769393,1.6303358145246616,0.8122055797821236
4.044729954921387,3.268933102108686,-0.820263786861979
-5.653301569402612,1.6872183431296355,0.9385337968452563
4.877932953186354,2.8908618811695916,-1.550710644276243
2.5548755976955615,-1.5146036781671592,1.5703853462139492
4.2812973476633935,3.9044312832540937,-1.9005795526066893
4.799483053639857,1.579833831216258,3.414358607857969
2.2664321232980797,-1.5188447627884876,1.240272147110645
-1.6596617795639959,-1.8020121876591984,-2.0720176433100597
3.0841063067456878,-1.601228134269141,3.032606942924499
-5.600176213602718,1.6835312211242712,0.9516118561694589
4.867712521530795,3.520367118409642,-2.0548813479854937
-1.2134168274574482,-3.324168575868765,-2.9485022014934814
2.951405521386432,-1.4209223252817753,2.712380537534887
4.563947436109231,2.9311691396491315,-1.2478294281440745
-1.397011447635313,-3.3901941565436764,-2.5610362273485614
2.8407988529362354,-1.6259704103943036,3.1583593101961194
0.8355763867644136,-0.3725736498242682,-0.0357847473283661
2.6420654308554488,-1.5259242527485128,1.6078351011009064
0.7980371416900655,-0.3638921784557576,-0.07651638805632219
3.30038021828286,-0.9942593164251441,2.012935465730582
2.524411159648905,-1.7473350532703686,1.394193363801128
-2.360013241362022,-0.756224087299997,-0.07549126305507922
2.733263018170723,-1.510379358862093,1.7147097195503098
-5.667098540997219,0.8729523597015239,1.1398755271569785
2.824084988286416,-1.5207751727943406,1.8747527372279762
-5.832840535945418,1.6789455748442812,0.8699705122858995
-1.3195671586501658,-1.7778057398387879,-2.76705078673069
-5.466226727795273,0.9271967088933781,1.2694217365508935
-5.4574415595315235,1.0616812865838536,1.4312067868723635
3.027077639470802,-1.4800517556187383,2.625641766080507
3.2238682383078556,-1.6758524087185749,2.9039733219394166
-1.564698656970348,-3.543235643283483,-2.5528077410981376
-3.890342404490883,-1.8980410374816357,-0.8688701265555713
2.9285483691173204,-1.4665500750903748,1.9462281034227895
-5.965085155201664,1.5830672137977402,0.713945145166376
-1.5861337038614394,-0.06627989592331851,-3.3717785429477973
-1.9426395981844418,-1.1671427500299254,-3.9877236610649116
2.769746463418799,-0.8841238851761801,2.4956089524251763
-5.948983535884168,1.7124973409840374,0.8713405481743824
3.5136468732699093,-1.0586564376861973,2.1748489907175306
-5.69846115614446,1.7192700664505143,0.9614037428517579
3.464517572825494,-1.5309319520498907,2.4736831101726175
3.7950342960365226,-1.8721288852581766,3.2212568164381534
4.093474903423067,2.9814660363507675,-2.3142109978817387
2.9248073489026605,-2.055549341087023,1.610775905147874
3.582865560210721,-1.8919844479957484,2.6889741345469305
-1.26101228331369,-3.2811702852475073,-2.861054781342179
-1.7044766511851992,-1.1584230383247043,-2.793364467058488
-1.6040402197485937,-2.14564749856345,-2.5809341242696004
2.4121058282579946,-1.6476497447523006,1.3275534486590923
4.061797804468915,3.6499007770798912,-2.5555833799505883
-5.28996461275968,0.9865838540371659,1.3970268327404558
-2.7030240652777437,-1.4631825438415096,-1.9166576189224125
4.263036235833079,2.9178184189591634,-1.2336736027059392
-5.338197835303668,0.9653415120605597,1.3562102063055983
-7.497484723953526,1.2630247746839798,-0.1644114086008581
3.1075015437901836,0.11777459623705724,2.254996560466609
-5.212935658671598,0.9951725366131177,1.4322735205942714
3.5515420717882864,4.558940112203816,-3.1039609631165823
3.7882088011347634,3.1710128035952043,-1.7727178557597647
2.7773169019136414,-1.5176046827707537,1.8214772537646176
-1.6503386732890655,-0.7019550011965023,-3.266800863271286
-1.19298340330111,-3.2910003329209148,-2.83516682882919
-5.360059538035997,1.0429370579804669,1.440783267327084
3.4563651540834868,-1.4875014458771703,2.4642644844167116
4.098162192106704,3.3232520340594416,-1.415243314644736
4.008930618692728,3.166513370759795,-1.1043015026848704
5.165093287379087,2.9753334708249746,-2.0537009319680632
3.2501878994056224,1.285938317194634,0.8838689475021662
-5.467750254958822,0.9426146250488827,1.287144507384908
-0.6669657057401766,-3.7281465972150616,-3.361899425569265
2.600961968354521,-1.815633857160401,1.439154194770794
-2.846531127338751,-1.6237322019164204,-0.36065132336057615
-6.5051981282287565,1.4333913692476603,0.36102075205406714
4.139014976123671,3.080781842334118,-1.3553526642315545
2.6491760326068867,-1.51598604623996,1.677079938391267
-5.642943581757932,1.697516359847735,0.9540315319084203
2.600738750966972,-1.7836868525030423,1.4177285357191518
4.541868404134037,2.8479148548252518,-0.4513143015576196
4.435151466511563,2.686270108519551,-1.1859693555194015
4.136779462489221,3.1361549476267143,-1.0464020422854692
2.816732701123968,-1.5162525354709109,1.865353677309244
0.18272528211649444,-3.3503322466491503,-1.0775309757361013
-5.244966814429444,1.0112125595229848,1.4407911604083836
-5.76202645193714,1.709484870230363,0.9290710643546307
-5.509954871485138,0.9346400996273347,1.2639704723322334
-5.625833026291018,1.6930353305966461,0.9543727610911434
-2.212401559291649,-1.7631314109435778,-1.7494525547617863
0.09458929125613905,-3.912556438994305,-1.6639204744542277
2.9069452347429743,-1.4724708020073107,1.9144730235398364
-1.504214961406477,-3.4816488838675057,-2.582737522838752
4.731574603848436,2.392856165808617,-0.5667332904232635
-5.620584358517919,1.6878627498109307,0.9500137634902972
4.5559591180435195,3.0997079251537962,-1.3992417080096176
-1.5613178173772642,-1.1381570875103768,-3.147773844182669
2.7790172417888312,-0.9474034496478776,2.4344390323940943
4.039769736732446,0.1405256470647722,-0.3212486351594752
3.4496516865983984,-1.4761713024499987,2.461951410322025
2.4968618000574088,-0.9468065054533703,2.33456230947527
-5.213714795073213,0.9603290346619726,1.381780449667645
4.231431714506541,2.0700830428636507,-1.0762555555536768
3.5086107278008156,0.9322277906575476,-0.71921086678687
2.901964157155716,-1.776085047459413,3.223531245355147
2.1384753926190054,1.8554390178711095,-0.6672899795370772
-1.509537965613535,-2.9029961642364563,0.13947478141408065
-0.1836195946000081,-0.255346769229301,-7.798272736369454
-7.051446283360476,2.065707202984566,0.925161324407368
-5.617975316809134,1.688645669635699,0.9517889846028569
4.169501923638218,2.9248570196937917,-1.226267831646428
2.437359156158321,0.4898128783650151,-1.1432203590568848
-5.284068450330788,0.992682709880155,1.4061548270703927
-1.1669142363020029,-3.3562944249559137,-2.8236315725773227
-4.845979166577989,-0.3698325612114308,1.2355114394544693
4.691690882144961,2.764928287728377,-0.23867469448424863
2.2367274920867115,-1.405313172613345,1.049773420313299
2.8324537824168026,-1.7946076203815642,3.0105071526394314
2.9094852386825716,-1.4859661573957372,1.9201977725838342
-5.484395844275961,1.0299785617227473,1.3849611578953944
3.8620848358202973,3.1326661462263763,-1.015361510901201
2.713355113599618,1.4353504696453943,-0.9528064143998078
3.2725096488881213,3.0917351688260206,-1.5707467928365422
2.960690035272364,-1.4938163588421278,2.7363770692106573
1.900186319987066,-2.5242805737698646,3.891963517207136
2.877724587657147,-2.0165426526910983,1.5818886762564748
-1.694927743178685,1.6222857036469112,-3.1604044131240054
2.538854215015337,-1.5154466239223396,1.5537629255958905
-2.2699415146229964,-2.2818090524724064,-2.97790692928661
4.0749481518747315,0.2530342973714018,0.21014093406217174
3.5932460887456856,-0.0926687864463075,1.968756517885331
-1.3428653272526632,-3.3467098984914325,-2.5945375980107896
-6.1173912494306295,0.7704515024433185,0.8720418871855963
-1.363822725831138,-3.403550467270476,-2.5636123832387336
-5.64643468939905,1.681135273021778,0.9336350514159213
4.3697774140506525,2.6130179750730083,-0.7825050436785673
2.817497810124947,-0.968074063875882,2.392981818413363
-5.9576757614707345,1.6085495946557957,0.7463223459062825
3.8888224177929334,-1.9364863266137025,2.2907716552070982
3.986035356649669,3.4845598130438327,-1.309868659456946
2.816028841186881,1.3327961239128392,-0.928494927796552
-5.897816296970496,1.616625228570686,0.775431387167734
-5.7828827551748345,1.7389548618659276,0.9568719145440936
2.4027341914810982,-1.6175872583467208,1.2997695853786202
-5.809963415883119,1.615579384879788,0.8029956195427065
3.9375479229811567,-1.4455596126644241,2.3934307975863387
-5.399886550059484,0.9613824508388058,1.3314329302793366
-1.7100392082043228,-2.1511241783796557,-2.7242308168526788
-5.639788049024161,1.695073804338862,0.9521950049224961
-1.6656983885175456,-2.1798166220959687,-2.5689726946140223
4.818349737203921,1.5865495519960084,-0.40605039278632327
-1.4454070244924495,-1.9912159682731132,-2.997696680168269
-2.6608612736236594,-0.7274204272425782,-0.038353354548437336
-0.3809892422469414,-2.4058456362569705,-1.504851356403034
3.055824373218272,-1.5994913976694245,3.723337362270949
3.8457497143638144,0.2376501224334579,1.056769771697922
-0.1250328604174011,-1.4314091063318917,-1.9918520898735854
-5.289872582552419,1.012937213232214,1.4281987456236156
1.7729220340380725,-2.5333354652808597,0.2862493954849161
3.5895675933062434,-1.8224060602849215,2.5208126429022735
-1.971337795417988,-2.58670975729271,-5.048693842505785
-5.286495716481139,0.9819962472536101,1.392735986473162
4.068139161939847,0.5551202858950038,0.7218501997963873
2.8206027902119084,-0.9719965920231477,2.392901639225443
3.3192321754272167,2.863866285948918,-1.489840501944936
2.7906844857097783,-1.4103173167881464,3.096962597150786
2.1407969214737967,1.853863797927767,-0.6652753625793257
3.2695426270156327,-1.8118196020690207,3.0217214587064056
4.032496688262863,3.2739876789764955,-2.1471072019635846
4.823154979057686,2.8224273661439048,-1.3758219256236228
3.249411044834429,-1.8208380290882453,2.9508151322693466
-1.2708490927543694,-3.313410097015437,-2.9554832626395746
-1.5643056166692648,-2.0293410050555045,-2.703268381934391
-2.4579500320036662,-2.273393341850457,1.8641833760800224
-3.166574155221925,0.6938186160612956,-1.6219730680501467
-7.01924199116042,1.2573035119178115,-0.01440080680081899
-2.633702734887097,1.2163018464868252,-4.016495600764858
0.04641297476543141,-3.3536464440374743,-1.9780965090874456
2.7801536425205713,-0.9441710032911068,2.513434300150959
-6.340423227379117,0.6783982685422578,0.6905968339497343
-1.6952076487480743,-2.1779898644094247,-2.6641508063955723
-1.393427872210007,-1.9940259212856843,-2.9643264335472597
2.6850889218839677,0.3371978602162655,-0.8564863777809986
-1.947889235394482,-0.8826127828084571,-0.6359770405399605
4.312200983578373,2.6657259650358758,-1.574324342983334
-5.399853610421826,0.9468398804120834,1.3142589284350992
3.251574388157164,-1.8336522003160476,2.9549522768415017
3.0383569380095565,-1.5688389518278014,2.6547385337768037
3.2094500010019558,3.907989413057573,-1.7211177101789477
2.7286025997784344,0.07746653103744226,-0.9400005912494496
-5.495468785990968,0.9235761603848331,1.255615909007779
-5.781716402491761,1.6462579313820598,0.8483079712501863
-1.6353581547581582,-2.125473734640361,-2.673246906934786
4.536630916382497,2.609143453296711,-1.3799443355751062
-2.382423328353134,-0.09372279932906495,-2.1479357922421274
2.8050968442847846,-1.4675337685628533,3.112970063094367
3.3388267425565212,-1.8480745129936698,2.999522865508876
-5.0490516071698135,2.340441315546219,-10.029504534897896
4.631397884103049,2.7749164777845334,-1.7463745191550262
2.0654117222513166,-1.3945751589654392,1.1717108869501085
3.9783884571485757,3.502953695463856,-1.3168005107236518
-5.717702273527599,1.6716933459928809,0.8991812965400446
4.224476005886541,2.830131020361677,-1.8417930317179496
-5.51317634282091,0.9648729812320713,1.2986476241676703
-0.0472638900594122,-6.2864476741300575,-4.880656095939532
-5.727964982951213,0.9395712972007262,1.1987698552542208
-2.257327211661068,-0.6720837480858122,-0.2165992769009468
4.023961201045099,2.0567460157438684,-0.9595425554572165
-1.7851273578658486,-2.224326339642078,-2.6694677657000976
-0.15370728012871493,-1.8892888482259678,-6.352183431374641
2.7747159205800047,-0.9172955388166546,2.4223237035414535
3.46619811431789,-1.5407039998208671,2.4765932399060326
2.6408704230213127,-1.5254702685027888,1.6057573972170112
0.5834050074011278,-12.454130551740644,-6.294725815588771
5.685778068911633,-3.6445159035857495,2.3280759975904166
4.438946888302736,1.384900616099739,-0.86331048040189
-1.1789707926287076,-3.3206305492264225,-2.9593011246932814
2.8740529651817948,-1.8609621806873282,3.0015803698268466
-1.6489113565463076,-2.142366138793436,-2.6625806816530324
-5.322918928601886,1.0013186168744213,1.4037022827899872
-5.831057174934009,1.6194251857519353,0.8006015493125623
2.7755560528145606,-0.9124040510605891,2.5015018895919323
2.7560865295805557,-1.507050893184188,1.7416354249667065
-5.761387356625058,0.8355323001655139,1.064936594548791
2.7668663890865686,-0.8812925206794304,2.4967823285162436
-5.4138666820633725,0.9525302843944212,1.3164175040910449
2.7915714389018653,-1.5080279060950468,1.8354542189027658
4.594945784157387,1.3736001060640786,-0.705525808969126
3.2463466199668103,-1.8027188826437723,2.9449396620946033
3.9244456908816114,0.38377128113249964,1.3199108166960087
2.738556314283375,-1.5095857784230515,1.7206341088116661
-5.273419100853682,1.0026746128023518,1.4214319070124646
3.0854860742871186,1.0639284049752842,-0.7962966129031923
-1.7620916462035232,-2.7051537134460975,-3.406385131695366
2.4876823966927035,-1.7149053382029043,1.3721725119022283
-0.9837563424151268,-3.3690821022283717,-3.107722670926551
3.5995584470935142,0.6973359962040404,1.1291865424348684
3.806045775630162,3.026315036252504,-1.5102320369277067
4.924505546022152,3.2060865851689626,-1.3780050520742861
-1.5255634664623832,-2.0077265668511894,-2.726046120655424
2.512969613227119,-1.5851172853397841,1.5475145529061187
-5.774475443021779,0.8532528229726202,1.0816123855913942
4.5980276001099165,1.2645464620754923,-1.0898703212346148
4.6064036818588185,3.0266051601729824,-0.50822860542369
4.2846130326772425,2.070910635748782,-1.1790566804793892
-4.469413213140773,-0.36946033285024216,-0.008513662118564393
-5.660692522490055,1.686810154633248,0.9356317963827332
-6.115756806912718,1.5596224127233045,0.6370106962157273
4.147113127305253,-1.7288789763558052,2.380710981429139
2.7911896481909078,-1.4116668147178593,3.097385349488399
2.117298597182435,1.8430551134620865,-0.6304148445024007
3.5067158645816243,0.8681252784525233,-0.5903053394798972
4.836695428553634,3.3669591095804106,-1.9135864203895594
5.237778895037852,-2.326512128950087,1.140474426809335
-1.4034317660994942,-2.0160012222401904,-3.0018439138064266
2.7129618381264806,1.4357787955394654,-0.9531646033731642
3.0366228247793927,-1.5550842403653848,2.650260481364439
-3.933708710803372,-0.8044009320662124,-1.1816617931291165
4.339845600925758,1.2767816948185997,-0.7900571198007726
4.539278040582372,2.814177814009621,-1.0766929897178175
1.5004606199429424,0.36784689352627886,-1.616304633974168
2.9319327284023173,-1.2776291761175371,2.665737038138523
4.029049145470932,3.367479490020552,-0.9641335257349248
3.414933633556451,-1.76338842273486,2.750747563239413
4.17628193433746,3.3763861996027673,-1.2509040913104195
-5.696614393120208,0.8671149805768747,1.1233609835870295
-5.623912463728723,1.6921594907917097,0.9539728447188642
-1.493891987602266,-1.7581224670160798,-2.830862412681815
-5.618964006298779,1.6883489842284174,0.9511162692338859
-5.611767080535691,1.68780570833815,0.9528365014753322
-5.310636917483948,1.0225921420847701,1.4328431082860107
3.4413624049576197,-1.3721372104829341,2.536960748140564
4.266088513091713,1.107394708517108,-0.7827411471679204
4.2813172152485315,2.164341799412327,-1.3560778426220759
-1.9877162921256182,-1.4810327196181565,-2.531745159727318
-5.491877727332182,0.9194993708267063,1.2519685100337243
-1.6723876265900732,-1.6856924701483993,-2.0853301204873014
4.318433250827826,2.5034190872294704,-0.9286386853033137
3.4502232988761286,2.8811395675247047,-1.482523016198606
4.0307667454111815,-1.7770370453796405,2.627681868470082
-2.1083731752412,-4.641248052956845,-2.997517870784682
2.1388124550218275,-1.4740648415952493,1.1420127954281842
3.5713814373647312,-1.72140168220858,2.484228522636793
3.4844330984032053,0.8973533645012353,-0.643876775437622
2.77862535140192,-0.9452965686150634,2.4331028303564524
-6.952164922827202,1.297456130575945,0.0547726673987541
5.097105133205525,3.5288327391159124,-2.7528295544113814
4.090716895462526,3.1505229236352155,-3.1802516497034543
-5.380121678865682,0.9581894579009145,1.3340993687209624
-5.298294386094512,0.9897126472203581,1.398010187701302
3.937236415125772,3.198768306707601,-1.0221535762297036
2.477371988676911,-0.763554815061219,2.0566826782862626
3.541378329655934,-1.658593801483287,2.5183459978754166
3.877266714912933,4.897295765429466,-3.8710330811867815
-1.39009758953328,-4.85860481624722,-5.386472343341975
-1.2519695273561957,-3.271514437959683,-2.8382942065867893
-6.116808318461316,1.5379950965292153,0.6112479719066556
-1.1491996870300893,-3.411758644847558,-2.8214062692749935
2.5511590601218193,-1.028155969897897,2.2351869391503416
-1.3980637712301525,-1.99448971010777,-2.958896772869951
0.6262970300417497,-1.8907766491506615,-0.09035880789583636
0.562091484638564,-2.3394369203868557,-7.734672142766183
-1.489779439201136,-2.377038964299834,-4.154255622090408
-3.8569163849612442,-1.201995663641397,1.1930839155577633
-1.3996678252657142,-3.3834653954124527,-2.6151613942776346
-1.2154817964246443,-3.3402076155475915,-2.977121510567575
-5.3481874382610135,0.9691123800528585,1.357411372123324
2.846381094076031,-1.5166403825159795,1.8990966167809848
2.4587027940725528,-0.6769288769077839,2.028691944227494
-2.156314776627793,-0.6626448703858786,-0.7374588675242781
3.273245929311775,-1.3561209143993933,3.5317193735299437
3.385141060932968,-0.5579583489095759,1.7830901875883154
-5.324341252354309,1.018479752689407,1.4235185258105638
4.441852092490214,2.079858198510167,-1.1739034522093992
-1.6194677271406117,-2.0769054867279144,-2.73314394502211
-1.3302690942994302,-3.3642140413259214,-2.5412911998416834
1.4860814752899631,0.07892230152369926,-0.38759790173678765
-5.337283604398203,0.9886768678277944,1.384083298004078
3.4341862609874543,2.6948725426842883,-1.5454231521211563
-7.196353196554035,1.269783433158958,-0.05777872767603818
-2.0643799111494037,-2.5604422493081502,-2.8258527841543524
4.508699412763512,3.0171658732449482,-2.216238829366308
1.769106653486751,-0.2051207594486502,-0.4916321309201235
-5.654461364533078,1.6896510450683007,0.9410128006245222
1.4624851404012988,-0.9188697149687779,1.4104527353344938
2.3405406473270105,1.6195114942195312,-0.5968810184619395
2.9645033416865694,-1.5238783085431993,2.746234566595763
-5.7235017686794665,1.6679623900096132,0.8928956839151
4.905425761113608,3.7483473329428247,-2.81416085105545
-5.6825942486134595,0.9173709741819822,1.1873169902749394
-5.824620107660132,1.6418096815997574,0.8290190462663568
2.814303670233601,-1.4952575768717862,1.8074259555727523
2.4627791752887873,-1.6684265034430417,1.3347358430749614
-1.416985687405932,-3.330879144703243,-3.174080827764445
2.829660522331979,-1.4852032208352932,1.8246461023192264
2.833771735728916,-1.4896475909439884,1.8295967150934176
4.083599776346188,-2.138174514133634,2.296071423400044
2.9740470417065117,-2.0967516678425793,1.640202829660663
2.967820783892284,-1.5113052275228962,2.7448730096635567
3.3448868583091715,1.0211842640077262,0.7195223779495175
-5.3209744019244,1.009439839269227,1.4139328034290746
-5.852683849618578,0.8049306852577858,0.9990298877432986
-2.7491964825208957,-2.441489638520268,-3.7868887858948317
-5.645745917051335,1.678452209427049,0.9307074882148909
-5.244761722723415,0.9992404957465357,1.4267106303307397
-5.659364180182499,1.7031338044173605,0.955252109232726
3.0137833484231944,-2.130288520741479,1.6636132109285569
4.411773471265484,2.674479565913842,-1.307824618917096
2.5913685311580568,-1.5347928175545251,1.5489022166393513
1.1832967152370226,0.3411272005125623,1.2750834334458483
-1.5781368877263098,-0.5960312688907803,-2.0866898761582644
4.687580511105189,-10.72256877607398,-2.299269575115541
2.516941357141033,-1.514246135679383,1.527704072457807
-1.387726200037511,-3.3877787913995916,-2.587379696559896
-2.623194219655732,-2.3416743106914715,-3.4421853203228854
-1.457695242708428,-1.982038161588775,-2.983089794555181
-1.0457894561457233,-1.9446508027058944,-1.149069110847478
-5.226331458662231,1.005678856500202,1.4403235413488933
-1.1473178624727705,-1.7012819672204302,-2.650079633372869
2.662085329693458,-1.516390960877498,1.6917780045580006
2.7370948504924155,-1.5093081882145278,1.7183124683322066
4.075896566253588,3.3508328273187016,-1.029882987019809
-0.3714283532467093,-3.3431891211905858,-4.081687909300381
-1.4648199078515514,-2.000603407877177,-3.0424529014558304
2.7771299308543145,-1.5022050381804657,1.7648113767896199
5.212076322735918,4.00276312234214,-2.7026672928481807
3.3358890899144606,-1.8396506758746,2.997249525697786
-5.636296750142139,1.7049888345446478,0.964992213897631
4.1771789274446425,-1.0316961107592164,1.7116329599923719
1.885244785849308,-0.23203978421097488,-1.3948042858670746
1.5624721708087366,-2.9337444774771937,-7.446822966771366
2.0579976527273613,-1.393421425886253,1.1749114819659205
3.624457380941923,3.3151881218879544,-0.9389223344758691
3.3764182632917206,2.84847348852852,-1.4291125755527871
-5.799416786978379,1.7573792500965562,0.9731074342691441
2.817475718917321,-1.9657039522186444,1.5465043826223563
-1.1978066367674483,-3.2997503794724534,-2.8663757511042465
-5.6150965428723305,1.6876494570527507,0.9515616646529657
2.9047791309703874,1.3077952152283352,-0.8856263221063652
2.9003969747643015,-2.035074990369323,1.5962275092773115
-1.6216631186894588,-2.0560517325283363,-2.7449342397253695
0.18844978354072264,-3.2712351398744075,-1.1475635367214927
4.151954750769929,2.8885650832326615,-0.9368920829709724
3.262371034957252,-1.8976976072307026,2.975691807133066
2.737672955453115,-1.5086553634310438,1.7183385973862808
-4.029794195240585,-0.9212916874393327,1.1399554996090877
2.755978607761781,1.4817431894229727,0.6128610451228983
-6.942598541281705,1.2938733398426692,0.05369714653349369
4.537810653030349,2.889147297615931,-1.0900017264041555
4.200075908690493,2.625737146986741,-1.4879714676746105
3.417006489284788,-1.7135974694737226,2.748465905249923
5.434244706785976,2.2713889589883043,-0.7540159974473499
2.779222446087709,-0.9472187796674909,2.4356402593285904
-5.711393400978488,1.6725669103657221,0.9022756072946568
4.027422199880073,3.3270778432524,-1.4542491024114697
2.9060637055105967,3.039909389344995,-0.21811373969170664
-5.78956508183695,1.6255627421403087,0.8214136241599964
-1.3079375874056944,-2.147707372374875,-3.0634033265015437
3.286446061223496,3.4801775237155375,-1.2232068399796077
-6.6702325185804225,1.4960653363727756,0.3805946865106604
-1.6695943899189678,-2.415529968637324,-3.064725556225176
3.235630004020307,-1.7024479346208623,2.995585991142054
2.2793423759922447,-1.5298350846618933,1.2487344678444203
1.9847164906073729,-0.0414757893535085,0.8899457420871951
-2.0143078220799686,0.10422508680494784,-2.867450312443617
4.02534422452783,3.04259154592581,-0.9667315231594868
-5.310520498870132,1.0148102302991466,1.4236849946277037
-5.2813723220508715,0.9887008748475594,1.402327953745471
3.4764565164645873,3.025334496283445,-0.5434848026209674
2.4816418817473918,-0.9226436574494583,2.1044526306208424
3.390131947290729,0.6909083876852837,-0.22159133356983382
5.049815705155238,2.656619095608169,-1.939122017104769
0.9301774002785318,-0.13602672114114703,-2.1819851714865046
2.139759368217187,1.855221804442512,-0.6652680980148789
2.78937355876005,-1.0180338002306328,2.5359587631476157
-5.856170888686955,1.6375188146571125,0.8136358536464442
-1.4868411999016928,-2.031517896987944,-3.0471451972880836
-2.2977460927612285,-2.3068666573645378,-3.473202138542906
4.612806314102626,2.7637201612670137,-1.0730994870570267
3.5794602403922924,-1.8728912902447061,2.682891481905257
-5.46518430116524,0.9734015846203841,1.3243619067765318
4.012385786235418,1.6864882087405941,-0.8750971780003618
-5.247590656593737,0.9939751088100737,1.4195669474037562
-1.4333044884522372,-1.994831753340088,-3.0913344073619773
-5.320104700754155,0.9877727921033266,1.3886119124262415
3.987201511800785,3.313426009931427,-1.3132375450452998
2.6141856129236003,1.4995316062666353,-0.9852945811080438
-0.7407215922478396,-3.71004853460845,-3.489789728007605
2.981973421971348,-1.308793985753403,2.6083377462219985
-2.800090758252728,0.018316069910536352,-0.4852348749112436
4.88201951336965,2.6650479725373706,-1.3676191917831437
4.2726315110753355,3.1500790457386487,-1.1364401902950372
-6.12579649723605,1.5309799693370367,0.6000576232073503
2.003720427781722,-1.4855943700863272,0.9399775198844478
-5.324059458712736,0.9865860504742034,1.3859210509503612
3.9010037096260475,3.20266404986324,-1.0263934478249424
-1.2748815951957657,-3.092149123723987,-3.109460422593199
3.361345267949769,-2.666833167670742,2.770218160641653
3.906133027455806,3.5233319275352306,-1.3501336590660413
4.967945476102491,2.5938155907252445,-1.4245199475054018
-5.622846349854462,1.691141138308783,0.9531254067968773
-3.82517728248556,-1.9364507821035104,-1.4409033180059005
-1.6297094695516756,-3.666411931420455,-3.9187377084595467
2.9014413588630217,-2.035963900664249,1.5968285006862686
5.978498190926127,-2.1570780508857013,1.297864039603304
3.004061236124979,-1.3164723250984909,2.572540113616
-1.5693091390728593,-2.4055535527545673,-4.231131798554042
3.4667498225300473,-1.5729302091255453,2.563792010885813
5.0181325118011335,2.9684572780828833,-1.137436892407613
4.351957569737225,2.7763459599182467,-0.9926698883915811
-1.5064773602903292,-2.075742538654452,-3.3872376656434313
2.7304007310374394,-1.5171716106131603,1.7687764291940171
-5.855746948578207,1.6120162918312326,0.7838023516263369
2.6591997766575988,-1.8328382433801607,1.4523691268870873
2.7018238593039574,-1.515475275733935,1.6773081730069959
-6.021088212236259,0.6656530577930999,0.7705136065712755
4.090867880887918,2.8148245835280155,-0.9728971515414263
-1.5978354641836654,-1.8497250840265278,-2.97157111657916
-1.541939317655823,-3.122439606069165,-2.801802470009052
-1.7597945672909032,-2.159350375692844,-3.057000606988143
-2.405495121099839,0.42838505350574474,-1.3812084262508855
4.7055848395282,1.6662268130170854,-0.3504802437438219
2.7584524542919313,-0.828453232244593,2.3981666139104765
4.008014226744436,2.164520138715711,-0.8756979376729377
-3.7480250613813206,-1.3597510467396101,-1.083358741367012
2.9294262804304334,-1.2686030507909378,2.663147538464272
-1.2585123965996579,-3.2893180232005874,-2.8870268941918362
-5.29567325809997,0.9778350766576454,1.384828680122449
-6.081128501679772,1.5506925889540346,0.6378645275253824
3.491865023397476,-1.6957421697619997,2.5970397841610624
2.779234419751371,-0.948506359718106,2.435234769857923
-7.359976367230966,1.1541386420219046,-0.2473185030910023
-1.1783593003628454,-3.3615007817589375,-2.86215223466387
3.269404968248702,0.9634645073668402,-1.0133586970814876
3.250362724433196,0.9265670771471592,-0.9453332441295361
2.3623787572729706,-1.603511990822431,1.2980443882239396
1.8048986794176722,0.007731194704883466,0.8964567539639646
-5.663227123119499,1.7059558421321652,0.9573028239533043
-5.297370144515562,1.0106873488936676,1.423097320742259
2.7785606829639855,-0.9433605860557783,2.433489801532714
-1.569431555607151,-3.2490537840073554,-2.9402114023151804
-4.612157101904555,0.5186065661540069,1.043441682493312
4.089835634171644,3.776547530649221,-2.604798022361308
-1.2705420588574243,-3.267620533655028,-2.8558290057618225
-5.8216516160929705,1.6630096199595918,0.8549079903944731
4.368844470705204,3.0684829266420195,-0.8757790368212968
2.5583518217367915,-1.7483166570876727,1.392156614760817
-1.60085753567626,-2.086645582647447,-2.695434406408729
-5.606063486282202,1.6848274306939945,0.951205621665631
-6.93125042244695,1.2896162601913055,0.05241321165328763
-5.829013563741413,1.6187822715833988,0.800515755896836
2.562616880851332,-1.8625357281952044,1.2591303579423025
2.8327448594487046,-1.4885490576743796,1.8282827153846122
4.141940635875756,2.939360605827368,-0.46866534520739045
3.566159414791728,3.3832941136882737,-1.0005982349626532
3.106185099336264,-2.1173783158557145,3.3879512138006596
2.4105685416302904,-1.458844497635717,1.046178261664924
2.754894242992327,-1.5065528411304798,1.7394889551934056
5.019486498254802,-1.4465900690392046,3.21187280201567
2.729240206955466,-1.517159276119036,1.7674693071521619
3.020686410708251,-1.4305328356510265,2.609077149109243
2.9127327709132147,-2.0454306766614496,1.6035644099215662
2.7114302412868896,1.4372474799197388,-0.954861242597943
4.282384401096517,2.943709183041146,-0.8175340789604456
4.402337120494718,1.4749230692459103,-0.8791860246171295
-5.467683922427557,0.9279296406448676,1.269813031655791
-1.2447014917344965,-3.281566190684765,-2.855738948526517
-5.756600994256103,1.0998202727453679,1.3788107649433983
2.7734831904686947,-0.9101002496804824,2.418033893144845
-4.174396448887701,-1.7545395722385053,0.2060302993687129
2.946285003056442,-1.3436355262570507,2.6898471498670733
4.0087606050659685,2.029777437345994,-1.241221667160153
-1.6547000033180486,-2.1092164515509233,-2.6893700922645922
-1.5747605010602486,-2.027199168413841,-2.72678622564882
4.447804539650463,2.701080268265949,-0.9186016832052486
-2.607503783175802,-1.1152856697260265,-3.006415435016458
-5.828525641904521,1.6374179308642747,0.8225775226097253
-1.391731092875087,-2.028369688447484,-2.9961374194977437
3.9276491218019554,4.326333820580656,-2.477017321169202
2.7706902600365164,-0.17402661299227876,-0.3383399739803876
2.165255540552732,-0.0917936303096898,0.8841577841402223
-5.2254443359077145,0.9979041917876028,1.4314254971852567
2.9403406271920876,-2.0686832440097676,1.6198532673652035
2.7132263646342345,-1.5169668029104695,1.7494106308157147
3.8365815459833748,2.7273098605024906,-0.9105226392453643
3.5078750515554353,-1.8098709604250947,2.639437215951734
1.5163364178392358,-1.649295393031831,-0.37825137660673236
2.6415432482192336,-1.5254770848784505,1.606598781236136
3.431954322182046,-1.7693694873556756,2.765023031915977
0.012638364043495526,-1.1841293180219057,-1.308767587765159
5.508979161687017,-3.415604973571598,1.7950748356098134
-2.0308741599604283,-2.2549275197551655,-3.1550558508093345
-5.660410369737185,1.696262525298688,0.9468334967025334
3.568605548479756,-1.8349053206832804,2.671801976417678
4.108773811749655,3.191655788131372,-0.7582193051714087
-1.2534950575541293,-3.283275370230282,-2.863954694493159
3.811463412495753,-1.3862278660472935,2.4316652827146226
-5.631715182212022,1.6936959745219307,0.9532214157344365
2.0333649394256303,-1.3245765044611377,1.0912183255877932
3.7584375868796553,-2.16579823354215,2.703926524758421
0.629045454886917,-1.8142486605569856,0.20362003763727302
-1.4028445199629858,-1.723898239425584,-4.868884179057662
-6.310092509323463,1.4819851933846158,0.4820748599947128
2.932945197292003,-1.2829803616259663,2.6674132580464938
-5.823116155682254,1.6317000369144496,0.8176302834850414
-6.473709686041601,1.421605964187644,0.3574898985319577
2.7698862972988154,-0.881393456274358,2.4096015461430516
-6.297710161479736,1.4862438001711453,0.49113802138909823
3.2356279413239823,-1.7398547605077739,2.924477949476318
-0.516411075206433,-0.6405215627750538,-1.112808878859475
-1.1194702895385673,-1.6770761455474514,-2.606239097266234
4.221862858698232,3.2240363364228743,-1.3382050388388411
4.238046295680302,3.156958802615691,-0.898817916661478
-5.257607466662125,0.9977747355230218,1.4207932732818513
3.408199388531394,-1.779681035971596,2.620472259474917
-1.4630716649746043,-2.031784478640645,-3.2110662719511907
-5.248928970030794,1.0003789740980409,1.4266982192983655
5.131232253592544,0.8197070040078998,-0.14457920258522486
-6.5735641623966155,0.5996430957640078,0.521572903429436
-1.8831271885757062,-2.9270244901055777,-4.5623431818438895
4.568322671904305,3.02401784008115,-0.4560411800076952
-5.657421175609048,0.8893589350815652,1.1624161172250824
2.7852238524681914,-0.9941222416697197,2.45103497223351
-5.766130361817916,0.8737783147647815,1.1085864938294216
-5.749366068285551,1.6473579304917711,0.8602031802392159
4.0225984999349755,3.150972258612819,-0.9269118866050629
-1.3260924841030948,-3.3419796514159734,-2.5760630121852324
2.8179265744674526,-1.5239677962501381,3.1291680806342663
-1.2520065388275967,-3.27542075594674,-2.863883056532553
3.6078664487521928,-2.038765523372675,2.7366114021229024
-5.819352836372739,1.631543044525098,0.8186791513070005
2.702770807528483,-1.5162526202451432,1.7370389292006239
-1.990237246015732,-1.6826202793914988,-3.4494883581985536
3.600503353128793,0.9872163364354467,-0.8706098650305505
3.1196755368524194,0.3364634162423724,0.41591181787308396
-1.6467769062842037,-0.6836808334730704,-3.230186367168939
0.6274764907642799,-1.7421265342885177,0.09735982431733284
-1.3475317179073818,-3.382763938431856,-2.530351169060283
4.14731069285039,3.363987517011424,-1.265495340363761
-5.405121665224496,0.951119770937872,1.3175999347913896
2.4994844259250164,-1.8779673966709394,2.969587269468252
-5.505506747401594,0.9992913380649506,1.3418193619363654
3.5667924445575143,2.5061916947156138,-1.4140771168085324
4.811084703525324,1.535444980688251,-1.2591117732191472
-0.9699331586094206,-2.6725283831544537,-3.24524937400009
4.084733760162289,3.3059691168336305,-1.2647991658754996
2.8203059234940415,-1.5137261377374727,1.868800796126709
-2.5217486846789154,2.1691834961355783,-3.2849710447718956
3.6331686263968934,3.1153669418731766,-1.5492975827350384
2.0749829901863284,-0.06575032814349903,0.8883628907777333
4.250570473475914,3.6124156773737393,-1.9252725987275223
-5.252627900170164,1.0071684249163715,1.4335161597499912
-5.633001854516642,1.6756979397913918,0.9316473552196458
-1.593429034456937,-0.8812268216778167,-3.5483158498251286
4.845317748392712,1.451211315734169,-1.048485279104558
1.984723822119878,-0.042283391421760644,0.8899392087243286
-1.4388650066943616,-2.0051463007353623,-3.141618988660045
-5.742911788470663,1.7152207881044559,0.9420768948213871
4.800157272283777,1.3288178644035193,-1.1190210797067888
-5.324598582398333,0.9708666120874341,1.367169894776194
-2.4455152626326186,-1.1176775638505316,-3.5309997915124023
-5.487153238750049,0.9274115978072954,1.2628574897069642
2.8179710888521474,-2.0080800752953665,1.5681571120101503
-5.667884442162408,1.7117244662326838,0.9625563081521256
-2.7988125947012588,-4.050061914113796,-5.220071492049392
7.481833410263405,-1.152006557896245,-6.4621768426382955
4.118852350094127,3.318741684157009,-1.1251817446782033
-5.61197160961991,1.6920198539042435,0.9577221893839722
4.122583923157009,3.034538514273088,-0.791919323943509
4.688050082652327,1.4217823325461654,-0.76883669410765
-1.4514309677144273,-1.991700744201148,-2.9901050513363328
3.027099622100833,-1.4802817378017568,2.625665386290597
2.935218325525518,-1.2974275722896524,2.6720070457686727
3.756878313010985,3.3488348296505186,-1.2806882368945065
-1.056667935887057,-3.8093708708666676,-2.1188035852633207
2.0764525778924785,-0.06642479380679102,0.8912856133072639
-5.413429285968562,0.9646877969278345,1.3309265842175177
-1.6929395100738565,-2.4489984579406348,-4.31823685160712
2.6616735376712066,-1.5164041056468072,1.6913310398278554
4.788150280597966,2.6423574129473044,-1.5735596490308137
-1.189554702300261,-3.3457990037506575,-2.7347376091951294
3.014141798230627,-1.3794858566150636,2.5926886957242288
-6.525882124851825,1.4413115913789607,0.36355047800941365
3.9558661857367934,2.1715767746667214,-0.9377340524742978
2.8613252100041833,-1.4911083884417,1.8626698826839492
4.411496261060963,2.7499016370153933,-0.9878939112036598
4.1950902595968795,3.0007915755096164,-0.7225581257485246
-5.252674290420198,0.9941031451668199,1.4180619112388915
1.9356658893408822,-3.8125969183760504,0.5779540856024509
2.6245761124343243,-1.5160098540798357,1.6495474452812737
2.682670419786609,-1.8523536397876597,1.4664504565067353
-2.7774627104460605,-2.073061415098792,-3.0805351368034475
-6.558234496276181,0.5939405097598187,0.5198291900397586
-5.348582506992444,1.0297189650609013,1.4289023427362733
2.884515484805268,-1.486916717199295,1.8901148879173029
3.354448869706931,-1.9133745773209463,3.019173707171184
-5.2817740967376965,1.0020829073256001,1.4180105843576822
2.5379632769847773,-1.7595399802008083,1.402003151917047
2.9183905318115744,-2.0504595365434892,1.6064517229236308
-1.6040651566360118,-2.0885062351876873,-2.6951220985356383
-5.609894383132931,1.6861280657606317,0.951478615743856
-5.643906545904987,1.6785760521518087,0.9314558722708102
3.9549235376795644,-0.13904690159705305,0.11684342309673548
2.938916851854454,-1.3243907539257598,2.680669811506483
4.318169513018961,1.6121169444243284,-0.9129314138201831
4.11695765958997,1.8743418580500137,-1.0073857407538436
3.810673697375978,-1.7520081059894705,3.473954962417358
3.5847600031149836,-1.9443296646150086,2.711512366505929
-1.603908246978088,-1.1426727365586493,-3.1192464655386245
2.1170639191079346,1.8433689352993046,-0.6303961165488607
-4.655070980278377,-0.13794880159765202,-0.42870249513537373
-5.685153346097084,0.8791216231925696,1.1412833289124533
3.7022030536556794,2.6848441909823895,-1.050429340649068
2.5719923307097887,-1.5153724042124723,1.5903937199308067
4.337455197632625,2.9598094587910504,-0.7908067219055319
4.1111379885413335,3.0545952551455673,-0.6742769231239719
4.697134081626351,2.9924122069137273,-1.452733962026517
2.9340032467030706,-1.4748366513080302,1.9476780337318527
-1.405510917675396,-1.359741433655563,-2.4487537733390856
3.448504206183066,-3.429369832389875,3.6378423874229058
3.8393246717062604,-1.6108312478010742,2.1057404332212313
4.160723588011784,2.16303207709647,-1.251535393531858
-3.007211826216082,-1.8674487199306085,-1.6802031960262689
-1.4558357980899068,-2.015554639865272,-3.0600891432224153
-1.4710162775871243,-1.999048638499937,-2.992890128151872
3.6692734492162757,-1.635530652689301,2.858768676020887
3.0146632598511145,-1.085109683161285,2.047782088264304
-5.342769325897421,1.0129498663481478,1.410979858794483
3.443765329367927,-1.4734080416058988,2.4626028615663267
3.4571821410635546,-1.4910605536414665,2.4640707473386656
-5.604922516460719,1.702619703430016,0.9724901571569975
-5.381890158231047,0.9527855357322181,1.327137508942621
-5.675317843842337,1.668735429659053,0.9095958524809725
-5.646902254104378,1.7180207898760846,0.9768328232047117
3.2483538552422617,-1.7213887105348769,2.9970460035175712
0.5558636187843059,-0.3209503927136619,1.9700691712153093
-5.512404906700506,0.9276180032379999,1.2548741839829267
3.907111350184033,3.1677765756520633,-0.8823621995473085
-5.298609723163813,0.9826495214789439,1.3895610135849445
-5.629682876038863,1.694305827859119,0.9546042195484292
-4.668487738102946,-0.14173617769391192,-0.4397291808505803
-5.3541863035496045,1.0329743071996011,1.4309235405215788
3.4535681322881326,-1.4805599419493842,2.46232750602759
-5.436031295232779,0.9398119824166811,1.2941669802736095
2.7360795691130697,-1.8973212729864284,1.4981853656507205
4.341107166757099,3.764103247261499,-2.545702256678032
3.4510292516469856,-1.4783792647266822,2.46242669302694
3.8399212964904597,3.343600556048612,-0.6706957110369658
-5.435564177155512,0.9540182060083184,1.3111065865013627
3.672575068271101,3.1850837131357257,-1.567301453813109
-5.252285744856926,0.9935303833161617,1.417511689503969
-5.639191604637445,1.6942331863585256,0.9514025157675035
2.713152728366086,1.4356127930250606,-0.9529722010208099
-5.630295879877278,0.8791331324085063,1.159170039998231
-5.631699523471945,1.6945844736494982,0.9542707825807215
2.9021029798727844,-2.036602864128304,1.5970787101837185
3.8717848028643953,-1.2394384499510167,2.0866792973951585
3.5079612178595165,0.7565851855029213,-0.46120717313661097
3.356229581122686,-1.9211826892346022,3.0180795538348306
2.6150772307592756,1.4988536131089667,-0.9848323060027766
2.9838880306516984,-1.9769425183830645,3.4969157950743206
-5.788557310959482,1.6351693288143823,0.8330338764828725
2.8196897440196973,-1.513915504683005,1.8686905634331832
-5.258445269452994,0.9980523138423187,1.4208483204814624
3.176174646779291,3.121112514489405,-1.567818778673414
-0.9789186080523475,-3.359678350903589,-3.056973291156886
3.5012796439463494,-3.4146226464073077,-4.400514082745721
4.266814701016506,1.9355703246114002,-0.8587606325320705
-0.09000277489876238,-2.600965018413532,-1.660156735699778
3.357713465028982,0.6582144384479935,-0.13222764865592238
-1.494938258370851,-2.0291575567174944,-3.120313722113307
-1.380346050309763,-2.0288288764157483,-2.935456358507055
-2.561225901201482,-0.10838036932562564,-3.621889775109275
4.204129286566121,1.7571204775047664,-1.0247257879754905
-5.497871252826017,1.0836586779504076,1.4440060910089205
-5.626327371035841,1.692886987893007,0.9540364034066615
-5.813625981371167,1.629934924039377,0.8186660876988799
-6.132061510526451,0.7376047448302812,0.8284468946563263
-5.464757980696983,0.945257745232225,1.2912427965787137
5.041150677342696,2.550610027932318,-0.3734177744760886
4.3431040628653985,2.444445513274181,-0.971860494972307
4.737317688864853,2.423784534999295,-0.6925220487764455
4.2507947287346495,-4.179196697766627,2.759376034002849
2.9721006592056636,-2.5593774209082643,3.6883736018327493
-1.47095886953258,-1.798271248882045,-2.869526041347466
-5.841644632384059,1.6144128035738357,0.7912408058926047
3.4550669172273607,-1.4836821496803752,2.463221546254078
2.739680693713403,-1.5083033604500828,1.7206708032583222
-1.2420828894585834,-3.275944770332124,-2.858367111224062
2.860797480575978,-1.523373361496606,1.916516477833526
-6.786588298801658,0.5389589944247497,0.3804576417075536
-0.23615477340031596,-0.5745248319450122,-0.9538888094850935
-5.397153031116088,0.9790424875444295,1.3531925705031478
-5.4198480333432455,0.9485789280576524,1.3097994369087287
-5.798034028854999,1.627221014113661,0.8205867208572625
3.323250684478381,-0.7301923071789203,2.1091884050440326
-1.209633902312605,-1.7019914912964054,-2.6658952620268104
-1.5042114857039544,-2.031596510548408,-3.127187333868554
3.597054534845602,-1.8678773027469906,2.53411568926836
-5.493934800334922,0.9374373072885165,1.27249537153667
4.1622653286326665,-1.160838835490165,3.176705565205746
2.5644929655579682,-1.5154390515490808,1.581941699265047
-5.782871762786139,1.6444590703100266,0.8458151626188891
4.606581766002162,2.9373945002510746,-1.3566112731670354
3.348468404913755,3.9010353014035384,-1.5414567699029247
4.108029699493398,-1.5316405419595949,1.961410053793641
-4.676220207535803,-2.93582780165238,-0.6417100690996358
3.3926419944335313,3.600499856882822,-2.0314071792676227
3.199382424693618,-1.6516371435025623,2.90843561757432
-5.446308947478049,0.938328018135735,1.289064812076016
3.012049738593614,-1.3640572664152333,2.587509357420213
2.865575713930554,-1.5230287443892487,1.9218290274977432
0.20405987520791571,-1.057377096349887,-1.5469848070480656
0.04102813056282509,-3.9110666936314282,-2.1373679622908486
3.2447741214452526,-1.7934641865010748,2.941892279004455
0.5082240221400561,-1.9302044570201224,-0.15413191256026668
-5.639619751952183,1.6888982174173437,0.9449921190016151
3.6061361640784377,-2.0708571309899644,2.752556551185237
-1.4140967573478147,-3.4512078855240023,-2.547633205033254
4.752072373543177,2.951925453240101,-1.7665755322842074
2.5924503638488527,-1.5156272284597396,1.613322045789552
-5.557238165886973,1.6770350594055836,0.9586723789768643
-1.1675664880806658,-3.34734475994991,-2.810630448425066
3.8444702104263846,3.143064526239434,-1.212529538880135
3.0144004894384366,-1.381498000707062,2.593263342075781
-5.984850047031824,1.6783486261675353,0.8194511138939139
-2.752916304341693,-2.442264244281597,-3.789348323657405
0.11903527955072482,-1.2727097629700772,-1.548631732040967
4.113498863402594,3.033962706965559,-0.9802049773649186
5.447837652023688,4.273980498371273,-2.425035165415955
-3.9511268316600567,-2.0687797182403522,0.549459774371004
-5.862550338040864,1.614292693768233,0.7842479409601409
-7.702103611136409,1.9230297195298194,1.7177774745728351
-5.368679096705939,0.962501905132414,1.3429234493578024
4.5485960770430625,2.876099614404703,-1.1779731820434638
2.8098619313883377,1.371826236741736,-0.9196014603806419
4.019930262176294,3.3114206502068835,-1.4210511686813005
-5.9636960600688065,1.6605797510574352,0.8055001245725112
-6.025649853447546,1.5644508416794443,0.6722166076881159
3.7007145846825353,0.7543687622692352,-0.8109082943882491
-1.1562902771022743,0.44366845727179993,-4.447574965986014
3.575545440652147,-1.742317794623109,2.4935899150019396
-5.60138730426064,1.6936233914689627,0.9630756535711351
-5.758955936262299,1.650297447239808,0.8605149243353215
5.012868542684589,2.165179910582875,0.20019022340686404
-5.6001704739531215,1.6831377252400461,0.9511512995896363
4.489615459973856,2.749720115708871,-1.3789359295290156
5.711860089950929,1.3514363395668256,-0.17912121056074426
-1.4718747689234808,-1.9990315596394965,-2.9646919491569332
3.2453525433229595,-1.7968317415774835,2.9430493674267866
4.286503619834451,3.1840274917711597,-1.1789659876981686
1.339712079032981,-1.8552802107585724,-0.2990963750914639
-1.2582665285797716,-3.285796098922868,-2.8939704907068253
5.188054395640242,1.0951986026030789,-0.6005845575506238
3.291033117294764,-1.3535836544908593,1.8431195880759161
2.323721622039681,-1.4314929168066208,1.0494842267444628
2.4670028071966104,-0.7577041975380729,2.054266147938779
2.827984413692906,-2.0172027324575272,1.5737325767194865
1.0538461588738612,-2.65745579443298,-2.607911172167913
2.768516553341539,-0.8823896442955181,2.4959900663244885
-6.486728715377303,1.4265326964119218,0.3590130418825146
2.6647547284179103,-1.5161289045765918,1.6945900127498428
2.1633286834061134,-0.09312446379297735,0.8786276390521613
-6.149545416395264,1.6860924611569175,0.7745772073670117
-6.601635662172543,0.5889579446832625,0.49980041624342675
-5.248758779722148,1.003915107805125,1.4309322972053498
3.081065894889794,-1.6018904121824122,3.036592013397314
4.1441130165823505,2.9749832663044775,-0.5716311424501734
-1.4608202774470829,-1.9984859810158944,-3.032212225296124
-1.3106965713619358,-3.348189567448506,-3.0742351277990276
3.6372386490613065,3.5745380008025207,-2.037129992110387
-1.6867410066345114,-3.2267232006285727,-2.2533746944197084
-5.607499214659792,1.684960796042085,0.9508918000645699
4.0408488259763615,3.2939323485752436,-1.2569693604983656
3.9143996738425937,3.113074806434181,-0.9087701746902328
-7.101828156339061,1.353884984805073,0.07204423944368912
3.518919933841389,0.36178907572714314,-0.1228579728900103
3.4839963538998844,-1.671161474128843,2.5914786370856935
4.196503651492209,5.115810072082044,-2.428075230227243
3.7970612991253923,-1.813987724518843,2.0889918078521412
-5.634457438341713,1.684205530105685,0.9411688209781419
2.6908083233722726,-1.5167115827063393,1.7241435848537308
-1.9733189855823983,0.7771130793945726,-3.000477425554537
4.114510175979451,2.4973161475449035,-1.0108711291308148
2.7366110236310703,-1.5099078153158536,1.7183522122901793
2.7157997317666376,-1.5169089468557653,1.7522250641037131
1.007864266135749,-4.067130034916357,-1.0597621072270373
-5.752868913147364,1.6582240287349865,0.8718257768058281
-5.237070702140701,0.9903946264999526,1.4187637883641397
3.261523552170897,-1.7765705638772844,3.010379782891274
-5.832636925097414,1.706874971492784,0.9028626077924803
-1.3791069702897445,-3.4060009557744055,-2.586320987868334
-5.657192559563607,1.685206215173828,0.9348937753310838
2.1620041408367507,-0.09572417671946366,0.8723094934376486
-5.281480735211024,0.9838053923493968,1.396507759478504
5.3387836517143175,2.1208092257940105,-0.5918080719971192
-5.328662726246802,1.005053366225173,1.4062443580606871
3.6098811896100216,3.446084990919493,-1.177054285620606
-6.713411707853802,0.5614467719835314,0.4308729088897899
-1.4572031865335655,-1.97858856512658,-2.9466971646829836
3.8837905474568455,3.179908467725481,-1.3450582323707718
3.8571717781346226,3.4596039728423267,-1.1425992912189262
-5.765917051099808,0.8493886908379054,1.0798345047164508
3.565269111808662,-1.7036465723345473,2.484251995460911
2.8611470087321593,-1.5149696147014862,1.9149577479973992
3.3619722753193146,2.86449366896849,-1.3784321916456603
-5.4513036053339485,0.9644950792323277,1.318359275101213
-1.2486002952010138,-3.4136818517922562,-3.1645691750825704
-4.465530086261775,-0.3685056417278916,-0.005901454582981836
2.8061645137797018,-1.472014502318268,3.114273451062105
-1.7110816535797464,-2.1706901798848794,-2.7002017152514974
3.4290290689646254,2.7411735610442443,-1.2970081952462489
2.7588340077244333,-1.9554168744990759,1.5332927813289925
2.7965023017215964,-1.0717873413103067,2.555090384093945
2.79538889383744,-1.4263031081471431,3.101261461996075
-5.884061906070552,1.639687859911498,0.807044371678613
4.1701414627331115,2.899101546172759,-1.0786149888609222
-5.682431395937956,1.6720236152058483,0.9111289439000246
2.656710950411296,-1.5245095197441294,1.6262029446984756
-5.279801809701611,0.9813561245626676,1.3941605990171262
-2.1077208759602954,-0.8067812738330585,-0.3531824303465523
3.6754194420235766,-0.44703940262083924,1.6281912323446952
2.755097812619153,-1.5171824695349017,1.7964832058639244
2.758206462256296,-0.8281799615096421,2.3984102625354464
-6.071229625437895,0.7531126922275595,0.866592127985565
-6.828139776685309,2.1327168987234337,1.0771015651044868
2.880282089756784,-2.0182948823456672,1.5840823869711496
-0.963766361404266,-2.808417208581447,-4.627352686770094
-6.010308801390191,1.670708976930058,0.8021286931429351
-1.212819323404757,-3.328864523900178,-2.9386741702998447
-5.693701141072933,1.6810957742805073,0.9180977730408204
-5.2856973175991735,0.9928306113386656,1.4057989035591067
-5.884979620384867,1.63036421335224,0.7957856120636148
-1.3821070425825954,-2.0328877634973197,-2.9639739626028123
4.555565842859963,2.9261196338621933,-1.196016233363271
-5.340918095985393,0.9756232989615157,1.3674736933546088
2.729253950365368,-1.9291315091661452,1.5157215861969076
-5.404954693124815,0.9520776929181585,1.3187862980216218
-5.690774425864848,1.7139762307130644,0.9577010795995557
1.8052027480613562,0.00910106989909963,0.897888919643474
-5.3159302340200965,0.989025463822955,1.391452266206339
-1.6467606696354804,-2.102657770244076,-2.6905099637738066
-2.166155397800686,-0.8196278314858523,0.11055873855733739
-5.692670142807562,1.6657426249382628,0.90039148539225
4.107084275662537,2.8302799546540416,-0.9373965317178091
-5.609416650953446,1.6951711150910125,0.962263123892056
3.5597137992282035,-1.690724203505106,2.5243094381435722
3.546163195646757,0.9138747125738367,-0.7049572445502574
3.578372191807779,-1.867100275333828,2.6809576947992775
4.54594401139078,2.954361001430145,-0.6555738850013101
-5.610488575385442,1.6924648820151642,0.9587312624374287
4.528237005536169,1.5122332912089234,-1.1139770713208996
-4.46874855060991,-0.36948469504982917,-0.008095368674168692
0.45887873180566335,-3.037045325743822,-1.297174037475165
-1.165175481931436,-3.3456816934034603,-2.80822479790011
3.9729303074829017,3.335766067092367,-1.4307430115141744
-0.9415381809097771,-1.9099256442151646,-2.2308766326464133
4.7178439869580995,2.247308308355788,-0.9780205475682261
4.752077391200374,3.5653077914716875,-1.5999110788322777
-6.978038876651623,1.2915015732156707,0.039294626844095924
-1.1928533867366913,-3.2951563307628606,-2.8635514328154543
1.0391387948876112,-1.6690659404351416,-2.3978730139115565
2.889883272837524,-2.026222062191913,1.5899418602361581
2.7998921682122027,-1.529228162502724,1.7191001862130142
-5.233907711966203,1.005963751184237,1.4381917762650567
4.55020766913398,2.769503746810092,-1.0420923120780148
2.762507968611766,-1.9194936916910987,1.5139267321342238
5.288293286601678,-2.3100593560248046,3.6263633882583335
2.363401985229493,-1.5846534390656521,1.2762548671599192
1.5688630449297258,-1.6276276700842751,0.5991253251175915
-0.8563471989872177,-3.5146968281889657,-9.613987743842237
-1.3935117958967755,-3.4377235608380814,-2.542241049328011
2.533876247789557,-1.7276877753716309,1.3777410128037573
-2.2534253808606666,-3.6591745223338528,1.4074518447287478
4.395314659188576,3.0571067731396684,-0.9254361068586094
-5.590509156610765,1.6954697768505538,0.968810837315923
-1.427293364004065,-1.9863093958727096,-2.9524682597738257
-5.6766964372395785,1.6625860930418481,0.9019170732187726
3.46500416804424,-1.5661862862082985,2.5604107868324673
-5.2955822643081385,1.0301684946177634,1.4467010649551846
4.273299369679165,2.0086060985743397,-1.0446144633459264
1.9799580991375805,-1.5373213709113513,1.0038035662437323
-1.708367760181933,-1.1777346952519805,-2.7629715455884
-6.720905179211724,1.352400077938003,0.19513903070140273
3.546283304791628,0.9860728758791382,-0.8362893479868243
3.446993293611498,-1.4749210949227547,2.462536196439997
-1.7636905797525322,-1.181613454631358,-2.8433754109428135
3.711529422518503,3.1098059799034776,-1.5611603116737245
-5.8256090946816785,1.70201681294097,0.899456037772005
2.5729314239582015,1.346446161641781,-0.5174417755804817
3.4613314408199822,-1.560610771093517,2.561538193217697
2.7682194197424606,-1.095677396927103,2.6941277634831384
2.7117375687374947,-1.5576077325272417,1.6166498371944804
-2.6378785782365735,-2.4097556442111583,-3.71149625232419
-2.658203126093957,-0.22872347527505313,-0.7170295400974334
2.9255960957464153,-1.2627513857390311,2.6621608180500895
2.8364437567608,-1.523366635128116,1.8913951694305353
1.8065257689894196,0.01071138493761213,0.9039654083969556
2.0339327976786032,-1.3252736034940624,1.091846070294413
-5.6012829638051445,1.6798877137225245,0.9469673110354633
3.20922442542242,-1.529593231429375,2.966201022683694
-5.150022925086561,0.9418750526402029,1.3807160917154069
2.787988350182869,-1.9216480012811599,1.503089045952404
-1.1968624962559418,-3.320760173562197,-2.901907450336235
-1.239609702005436,-3.2642100466679076,-2.8226875628115375
3.271053192445396,-1.818382199063271,3.0260820370097825
-5.272903354927824,1.0047448347298138,1.424046336140383
-1.2561742239029148,-3.2870294564370606,-2.8587677868876447
-5.638138044184905,1.678722387616351,0.9335184335368913
3.779942014590454,-2.2902836184751734,2.7447200078388314
-2.820111531793384,-2.198898894294759,-0.9809895652799921
2.1336647011551775,-0.7256216080016372,2.309173868250686
3.2361169596476502,-1.8486836875478905,2.9719390167900674
6.622343747190109,0.5577324034971556,-0.8896692963250602
-5.869084959970013,1.6172499893732653,0.7855819068472613
-5.6896546071192775,1.7767633334331778,0.7671981062172765
-1.2848643245490605,-3.321613502954348,-2.970156865823095
-2.455775403454392,-2.3849908771979043,-3.58670633548576
2.540477282937417,-1.7617511830446904,1.4035213084082732
-1.6288104435955153,-2.099677397705436,-2.7124913883224404
4.9159775700850865,1.3158243849241988,-1.0118603827586208
3.574285931631229,-1.8477056282322253,2.674938463485559
3.9103288338003783,3.039011425034127,-0.9964082528003663
-1.6136394692451812,-2.069176535834498,-2.7040497798283103
3.6233131720893748,3.559658001277143,-1.8638651820723742
3.584938277574301,-1.9039341930269793,2.692712181351171
2.9207844652557804,-1.4777308043455386,1.931846660177109
-0.9672837354565993,-3.2086830107907773,-5.16329117612563
-5.256129461336262,0.996737087975216,1.4200486475896537
-1.8582693530058383,-2.3251286102596427,-2.62721683488568
2.7244576736408654,-1.512063464315102,1.7042592000931105
-5.2426085035396754,0.9875941643589474,1.4136503511710476
3.3514637901295465,0.7871040645715155,-0.3476421336050157
2.7875356447712454,-1.0166849963351812,2.455528093052721
4.593903304378898,2.857848394313974,-1.3221529117709259
-1.9786995573631487,-1.5987870493302316,-3.43997834801725
-2.101513770390751,-2.3351534162326315,-1.065343183383997
-5.624766793338854,1.6800725319707999,0.9394875392032491
-5.520891057942957,0.9275209306414061,1.2519946329112228
3.283291712673303,-1.1496949961251153,2.3121836623357157
-1.4461204787435673,-3.195857593260079,-2.866807491886925
-5.825539024777117,1.6258714027042647,0.8099860144178755
3.1249133362604193,-0.8933618066342277,2.1944138699648823
-5.666007990763606,1.6655477649190233,0.9089008459623323
-0.1838892423186704,-2.0694357717342062,-4.198783563076869
-1.3222323572718644,-3.3288076039425287,-2.5976539985177385
3.481975603398792,-1.632256910288357,2.5079818962348193
4.586118430466216,1.5699013833953186,-1.2312755152055348
2.0207105728834773,-2.022271060910492,0.9908248400311974
3.7020908106027006,2.9801333840045787,-1.412607256589843
2.583808322704033,-1.517166384903568,1.6056309418442103
-2.2971268322379808,-1.5368375898616793,-2.697723124269207
-1.24231973407073,-3.261502126449051,-2.824896105198118
-1.6017974884393318,-2.071972679379505,-2.725023134463195
-5.437497544322931,0.9985941517275423,1.3631528813634466
-1.4354931373857085,-1.9829394729391638,-2.9771182547568276
0.6802385843176174,-0.31910411927012206,0.1448279996876807
1.8072979217675116,0.012134413924138594,0.9075383754693888
2.8146042398328883,-2.00535817478131,1.565808223447784
2.9302001587437245,-1.270859061954695,2.6636846892704855
4.019747734779064,3.371684998137495,-1.2852047340887613
-3.1500780421039805,-0.678924246810714,-0.39957241675216726
4.2928609166012155,2.948537373004289,-0.7150929596970095
-6.4905008775868,1.4278483478172026,0.35932299169568993
4.962547621509302,1.491920837547683,-0.4897353119003916
-0.58242547667563,-2.076518560629492,-1.3595758534822353
4.367619090491798,3.0199587724457335,-0.7899372629177089
-6.581558201554915,0.602720020914643,0.5226043267692607
2.5233277668546616,-1.7360668990680517,2.956791810135604
-6.012204190351858,0.799936613397144,0.941155113107965
2.2386650232554532,-1.403078874831746,1.0566305280834705
-1.4554385543474584,-2.0135884805355704,-3.180600119555374
-5.372965558803995,0.9599180753385257,1.3384735998155142
-3.8168361488365155,0.029222038904145094,-0.1190607026093354
-5.694473124801161,1.6647292130059492,0.8986095536850681
3.7226998197394674,3.574280513939181,-0.6965090372655917
2.964123341106667,-1.5207887937135118,2.745215958961029
-5.622768480413064,0.8867162494419589,1.170583364929894
-5.666859745684584,1.682305291191529,0.9283161139455951
2.8311173124403815,-2.0194903148614967,1.576121158117385
3.417322851186459,-1.73786254249524,2.763260808593414
2.7336513792521036,-1.5098943053708611,1.7142901893106433
4.100506723882752,3.5095185824882025,-1.6168829353069765
4.082674627327439,1.5097560424440553,-1.0223418580623704
3.7838471181932065,2.7928012894266225,-0.9625418172285182
3.756581341576928,2.7624098225449476,-2.4936519086346975
-6.961558093558367,1.3006379457495916,0.05543374502674261
3.2237454989869905,-1.6752806215861598,2.9038299365487945
4.613364681507761,2.762488160375234,-0.43271100401806284
3.379451175235889,3.5067339623785188,-1.300998118427709
-5.458055605240911,0.945523790292496,1.2937408553084202
-1.7896908588793525,-3.8523232376501775,-1.5212394168364887
2.375229320288725,0.38948072027106706,-1.234975099223041
2.1172309228237483,1.8431223966022472,-0.6304383684812278
4.9552109107990905,1.8711176866499992,-0.975038507397919
-1.5864147651643445,-2.0535420370339463,-2.7235523230077594
-5.9815666900081,0.7884288671373709,0.9375380674387293
3.865745441237957,3.1577503455947853,-1.8572760585960417
-0.967042638970592,-3.34832270612112,-3.1791773722989434
4.063072111614105,3.5364467912441855,-2.5366181052803998
1.7999771197288552,-0.01906357112150793,0.8475429746701518
4.86510652807532,2.68688607576045,4.0046766437156744
-5.602891644428381,1.6926833081716133,0.9614777782023423
-5.3950628488141605,0.9477497109171571,1.3168949645640042
2.7811546930749462,-1.5043363464176573,1.7727295608467328
-2.133601699771557,-2.1878090287719854,-2.7581500649673147
-5.293288573106438,0.9695904030969711,1.3758638023717298
3.7679606197118596,-2.219770612041835,2.7218213546202663
3.458084726769855,-0.035263089348920834,1.1450738715478552
-6.239465901780769,1.8913437762897303,0.9863399024379726
-5.895728384466193,0.8210990602820849,1.0041112337641094
4.082920965281816,-2.2184485502761153,2.4042913141982933
-6.101291876581185,1.7005723572844786,0.8074094546803628
3.100282818797731,-2.2424198329372196,2.4461957200822395
3.573078623248733,-1.7280234305171214,2.4908232098634593
-1.4466528174879467,-1.975216005678519,-2.957389537869773
-2.13121339680892,-1.2206195713510932,-1.5575443327178256
4.212240398301283,3.077703272746955,-1.94386621819764
3.264895918878307,-1.7914211568731084,3.016240140252126
3.97970327376284,3.3320258416838637,-1.0327533439313552
2.947223200505764,-1.388614117898252,2.701495294675684
-1.4476228585188273,-1.987516053514366,-2.9670528758547117
3.509209539382725,-2.221091950296732,3.074459206094172
1.316090978707176,-1.0820926847615895,-1.6005734338916848
3.376224600865405,-1.7351806570539932,2.7059970397347906
-1.4043464248334436,-3.40354271451031,-2.5807918982866354
2.39898298566554,-1.6250449228263073,1.2167037114834005
4.592204171196511,3.5776465406555027,-2.346087257492072
-5.622646121482259,1.681319776131014,0.9416483905934643
3.5304988178995154,0.9040909739499461,-0.6658253524894662
3.0846208973087914,-1.7025547961673768,3.1220719497559335
2.766973741477662,-1.5099839246498241,1.8085925738308466
-1.2020176690666153,-3.30701014686695,-2.8911650664635773
3.4475600060871394,-1.8604641595332674,2.79460677897815
2.842146018323833,-1.631860981387804,3.1600610147928885
3.3312926856396343,-1.8355374640826772,2.998935991645432
2.758032737763849,-0.8278218474629782,2.3979106614829733
4.487683047413545,3.8342226277766938,-2.3313897959035645
-5.637426179687787,1.695782552811811,0.9538020471928113
3.5028668060149406,-1.263884048420707,1.955025129983584
-5.602216805758277,1.6910862868254766,0.9598220369957178
3.2429847492489623,-1.707718286645893,2.993612512481601
-1.033913779116259,-0.7590585891750353,-1.5330775654681674
2.7698558308526,-0.8808022008511873,2.4096971977679424
-1.3668160348381078,-3.401227487522075,-2.5717519849929853
2.7736350132117122,-0.898352673879252,2.499503339722651
3.7779636599556192,-1.439354146471768,2.347348100229991
4.437517535835811,2.343394984816569,-0.8834541868768854
4.406754805514967,2.8380552291251155,-0.35577184279297946
-1.6371166219769069,-2.1166495556174305,-2.7055280265664705
-5.985410006528917,1.5867149012179533,0.7115709593710203
-1.2024151003739056,-3.318019558585052,-2.918146217164541
-5.277715062647073,1.0065521636164556,1.4246143989845301
2.884312510462847,-2.067677825555196,1.6065851565825047
4.084233320236583,2.955738597935868,-1.4303978489763887
4.6081952523438865,-2.796719225281694,1.4254897606215902
-5.361560312559468,0.9600877431139674,1.3423900940527735
3.614699048301749,2.9480962139109015,-1.3244999637492965
-5.716893224486724,1.7181392457242772,0.9540339759532037
3.246687026044502,-1.7134590927444031,2.992035307988008
-5.608569694055375,1.703422192722913,0.972238005667551
-5.508799439665796,0.9147026672032168,1.240787016720092
-2.290618806953604,-1.8682808841521399,-1.6562180319707653
3.5728471401481667,-1.8427309329456247,2.6734917615335143
3.5204869019943197,0.7800419203813913,-0.5042717574867959
-5.617615726785206,1.6873356519342737,0.9503672242833245
2.6142383742270043,-1.795104399824846,1.4256107204125381
4.585304761771041,2.930910238373346,-1.23655287081847
-2.034514950478808,-2.258851428417755,-3.300576725744071
3.7275246325838496,-1.0715309678999112,1.7382798671591557
-1.242757421035461,-3.277672509806798,-2.86764248750251
3.441663389624418,3.719340466932041,-1.668646776677065
2.4932257334662222,-0.9388086237400364,2.111220352636392
-1.2532453614803691,-3.2764302899845315,-2.860025962049504
4.1602261430754695,1.497699543499125,-1.1090795868939298
-1.0006723800568704,-3.375749504556396,-2.9684047549805794
-5.828033854984224,1.7487918558080429,0.9536360616450621
2.733399989428609,-1.5172002103298365,1.7721513237438782
-2.250298455983494,-1.562014392276604,-1.8927357838453538
2.8177700629478397,-1.5234194663061884,3.1287379238333637
-5.273663858548098,0.9992592878349722,1.41731625905119
-5.29882943193929,0.9825835913884369,1.3894115212807272
2.6226948902373,-1.802302467799874,1.4304718842334612
-1.4448844412647495,-1.981817503024795,-3.120441931674707
4.6557776798326875,2.5698327449246667,-1.1697596642435213
-1.3812358439865948,-2.045061330960548,-2.967130236529765
-5.717575819610935,1.7135341485764215,0.9483979123850015
3.9424541159505933,3.5719988743526905,-1.0985643333776085
5.054370626831413,2.371873195663739,-0.6558453427936359
3.9125742522225413,-1.8034421732392802,2.3084192724435244
-5.301079234461009,0.9837255713228563,1.390027969194514
-5.603416918041,1.682558752289296,0.9494068446822779
-5.61269614853403,1.6897411778827465,0.9548066841267213
-5.651081551443936,0.8732083663486057,1.1453966101726847
-5.528521887639145,0.9672595413037044,1.2964682873042657
-5.330753784386181,0.9944448919457747,1.3930268820820129
-5.3335473942369065,0.9855662733584944,1.381624753614051
4.613615352677901,1.1476493897186026,-0.7699569130513559
2.239469510166206,-1.45344304352697,1.1675926083128971
-1.229217804493062,-3.2860852436068897,-2.8683214079331187
-3.888980744135127,-1.467117291680664,0.34873702753775593
-6.247613807067181,1.5088774483086898,0.5341571139420901
-5.641376658422302,1.6726992599257313,0.9253783888424094
4.906834658096382,1.38432374656387,-1.0004554394979286
-6.438055009531433,0.6411576916813715,0.6147805530598313
2.6743203661279207,0.39539975592355026,-0.9858200310765259
-5.613036316586688,1.6862549004567553,0.9505979292935207
-2.1945166701146666,-2.3195978746259174,-1.717440552728335
2.5988058280326705,-1.5340375500586156,1.5581870918125214
2.5641143174781273,-1.514705468332399,1.5807946805880488
3.488758175836301,3.4306376951792767,-1.1609653897216583
-1.281024084953229,-3.1381343905425187,-2.783050773977361
3.6087244131274647,-1.9362058799559159,2.5571833444154266
2.8534714681559112,-1.4889722531375402,1.85374787690672
-5.3829081053283145,0.9540029780690293,1.3282444504834983
-5.96134193193397,1.5877440219901988,0.7206684261509902
3.8180236835198893,2.868387944495134,-1.4299634323153316
-3.186469819944642,-1.3319358273077617,0.7462999868208657
-5.584089267384299,1.69320805826536,0.9682568218541265
-2.5017154275880213,-2.304181839677329,-3.34551990905219
-1.3305442563461243,-3.237079731142732,-3.125748100758426
-1.3724653485387786,-3.3558744446666027,-2.6276637608711684
2.57151975978418,-1.5152245924976209,1.5897031064960847
4.876650968197624,3.070698813478967,-2.065588678507983
4.135736044427497,3.0766335678416885,-0.7551895531104297
2.7363422867259124,-1.512172153186579,1.7206337941440208
-1.3841800010014091,-2.0524537022940037,-2.9750760969144827
-5.980867507934712,0.7748979619342324,0.9217765221870566
-5.696486312182224,1.6840317271992404,0.9206355683907168
2.0679868054272075,-1.3906183312778215,1.181629376122939
4.067270622821068,2.7902333875665257,-0.939368503836957
-2.9649333330668446,0.22891901814010665,-1.6471029408007642
-5.8195124263319284,1.6341749143995736,0.8217200126693048
-5.258780946754924,1.004506328505193,1.4283656500061614
3.6012871997789753,-1.9998039652575366,2.7240055522072297
-5.267524853584814,1.017941240943454,1.4413930299903417
3.871897944675246,3.079692793643536,-1.1706671068393202
5.196466041445954,-1.866020702769934,4.19844112887857
-6.7244541341259465,0.6405453717070442,0.52074750948442
-5.610190046274517,1.7029359583054244,0.9711354999239623
2.800423492250611,-1.5295542224397656,1.7203526426493048
-1.7363499742599084,-1.8857833353363662,-3.051468054233769
2.846506735836973,-1.4900103569655192,1.846979021170963
-1.4548413092301111,-1.994484092317212,-3.0014951252272675
-5.850721709025316,1.628860414675513,0.8052456418158126
3.9122883226071337,1.7398865750970924,-1.3424247815950618
-1.1630229059780353,-0.05773751713536958,-2.9517101734439577
-1.7709993247763154,-0.5586640396163342,-3.5376486462828898
-6.007209640482114,0.7914543845365904,0.9327587639402468
2.6141894811672173,1.4995274545231103,-0.9852918920727827
-5.9312022874319075,1.8046949730483277,0.9855278922199757
2.7113408322606305,1.4374802098953836,-0.9550894118381186
-1.3791519962037724,-2.0396115895563685,-2.962680259998986
-5.814207914498774,1.6585903534328992,0.8521535819180582
3.731142523655868,3.429025048608932,-1.6157437506966454
-5.7541437937826645,1.648290113302095,0.8597328882567014
4.025441053188844,3.979195121956445,-2.024414454890215
-1.4798331848142443,-1.7944190120041905,-2.8722540439047024
-1.4204311794660807,-2.9226052283747213,-5.3820129062725846
-5.7079509641081865,1.6597857525523052,0.8883824795838554
-3.2220437614498563,-3.1299796304394882,-0.8029928733947396
4.262172844849926,2.672166564248669,-1.0232325052686952
3.747048013805621,-0.021311721791791933,1.4578507664603684
4.116738626065761,3.293662292526925,-0.8558085509799007
-6.124549937374732,0.7348018287411815,0.8275820689624983
-4.667907799109433,-0.14161704739220318,-0.43901572569125213
2.825690511001263,-1.5585036618565673,3.138972786955521
3.6443828252321318,3.0323903838627726,-1.3643756406813368
0.6208675610266711,-1.8909134025360523,-0.062280648195730516
3.9892083481212732,3.1526771792415644,-0.9384102665582951
-1.5080733619050861,-2.043531237261502,-3.1502839446856385
-1.1732125553690642,-3.321005293633401,-2.8484724150365808
0.09114398755816902,-2.767760590488544,-1.87077341558368
-5.839284067073753,1.623265136079417,0.8024181813906907
-5.674164853260645,1.6745042348611676,0.9167535918461384
2.7196575289586113,-1.5120191766697004,1.6977162804676882
-5.633085305104877,1.6894069095130497,0.9477315410178646
-5.28881687186706,1.0070292979712638,1.421561225649165
-1.4335120680317635,-3.1730056155952084,-2.7737013045899666
3.574217632613643,-1.8828977274884466,2.6915882893608125
3.408226907679243,-1.381652401927037,1.692945962937983
3.392830044822207,0.5890990719239242,-0.10350905612691383
4.108799136962821,3.112495917981264,-1.1768283343567387
0.33991805484663595,-2.9071951999976866,-3.6878451306155067
-1.4060015150815792,-2.0064010856896988,-3.0203661924964593
-5.213322206926979,-0.641922469067441,2.5108468319204653
-1.7004109515039931,-2.134145084601959,-2.715940918308951
0.5817422397899933,0.3488374465123649,-1.6267917648722061
3.7830668782415366,0.48708363560557455,-0.64415216012717
2.9446985085873063,-1.3685987237466022,2.695209049417602
-2.384205860907659,-0.3417015007609656,-0.6170010475110652
-1.3843624557170642,-3.4075356869397955,-2.545303164755943
3.0641892088068636,-1.7570088726860602,2.8451389725377463
4.54826867584431,2.698968467741664,-1.4977267150748164
2.902464926549081,-1.4731568247533944,1.908858457739497
2.8214848356282967,-1.5397691211375473,3.1336357611857233
2.164898652825468,-0.09187285738781627,0.8834423792351159
-6.985742046323101,1.2666146056372423,0.0075214603962561405
3.9601640381948178,2.224654911743903,-1.6720859637448828
3.236597445845299,-1.8514642128437093,2.9728466641112665
4.402676160499269,2.738484338833213,-1.1712031337932745
-1.159420989638223,-3.394217044971636,-2.8278362446781595
-1.241985643901265,-3.287698490214027,-2.8535015620902793
3.8753662934149316,3.1660702331546844,-1.0019625103571477
-5.664008268643333,1.6753379329325186,0.9210621060611468
-5.7928032720486735,1.7466964640447058,0.9627193879601619
-7.004424939178986,0.498435269439617,0.26159817660122653
-1.4514541662190246,-1.8067936579634423,-2.8670479565157385
3.7650549610957573,-2.202818481089191,2.716361445880706
4.584549398187387,2.6081743519545055,-1.4621922495835298
-5.667937381772766,1.6665387813807886,0.9094331589130552
-5.618167118285281,0.8983303830695122,1.1858069152197706
3.7607615796885288,3.389367925503428,-0.5959257394221648
3.93500114743236,2.9901363437457467,-1.4038280546940678
-5.833728890624891,0.8336447230210084,1.0391362782462528
-1.1917687274987678,-3.2859228521166153,-2.841796144624342
-1.1893908211707473,-2.5831567949720218,-2.93997044401612
2.6643167917842523,-1.8720171813702335,1.4765538620482102
2.838694825062666,-1.616458616987655,3.155511652821631
2.64462382942277,-1.5253474766618165,1.6107505550054115
5.1415953934479335,2.7177019169347902,-0.8075863820745256
-1.4456307014740737,-2.010754726080505,-3.0469414821107574
4.60372098363683,2.831214235728662,-1.203722705536206
2.0168603277948582,-2.0437132137543883,0.9453900420860442
-1.5728527688598317,-2.0190599283303583,-2.7397864099874893
2.349481016633355,-3.9424461916685547,-5.817747372702618
3.4829133395487957,-1.6331106976235774,2.5068840707665694
2.512541315402421,-1.5993139897813682,3.303137800605094
2.9550541194588362,-1.4493959780981966,2.7217641639967236
-5.430031419740215,0.9813526438996645,1.3452106852243153
5.012289343979917,2.110838717788726,-0.19189634293569896
-5.589554457353656,1.6976799923530175,0.9717213106522034
3.995938234446293,3.376554074523374,-1.2202413268990622
-5.927522165442672,1.805799302064317,0.9880318883155879
-2.3484526617685773,-0.8772640997735897,-0.07278776119558003
-3.615117752075937,-0.5078276102826402,-4.02785609580586
3.616810431176283,3.53728140487092,-1.5105112872852324
-1.5549112295640362,-3.569295307177098,-2.490316745582526
-2.7445685118466017,-0.795979850858075,0.1723769181648053
0.10652385022101665,-1.1081332798848464,-1.7072264645990873
2.9985158056961057,-2.1173914982989035,1.6546702991671267
-1.448934608598077,-1.9941949107648083,-2.9896264676286806
2.774648215782263,-0.9179631571003224,2.421627097743221
-6.548033147757681,1.4163020169555853,0.32689750068424694
3.0256495997021724,0.20133153105886692,1.5669271353038186
4.121383900904855,3.2096126525258066,-1.8301267479570593
-5.610141555505343,1.6860538944088121,0.951310436901615
-0.21252785257095216,-2.8785845180459413,-1.1137425547511106
2.670875432553304,-1.5163543621334443,1.7017324748790168
-1.4431000592628076,-1.9754232845357147,-3.108150191468407
4.173055012505755,3.356867088467993,-1.290849761168052
-6.167769433366067,0.751313936696929,0.8330133745960681
-2.9953238827129463,-1.3754111793274446,-1.9600502572539804
5.192036923406454,2.3195644638291393,-0.4912080340930026
3.8286394356117293,-1.7031414329920864,2.4980062465053
-6.547057903646929,0.5343026968817703,0.44392554449008437
-5.946681805673193,1.7005206769059926,0.8580187153951703
2.6280311940306103,-1.5294621894961113,1.5927891235111664
2.6149496866897226,1.4989616159857935,-0.9848972018493913
-1.4590505884444125,-1.9882882897627385,-3.002888944459254
3.8807853874251776,2.1267693587062575,-1.070198236178648
5.461610709862238,2.153755301587191,-0.5668332909488629
-7.033206499651661,1.3280298490805311,0.06414596523929397
4.265152382835397,3.1792917039549895,-0.9371503422538712
-5.621462210743162,1.690319215321491,0.9526130583198482
2.6551962081353224,-1.519776032674632,1.6878520665233065
-5.534716047744083,0.8995521674264033,1.2144404099146007
4.903071219179534,2.87623196406639,-1.4465570976074824
-5.605895284342201,1.68383206470767,0.9500909682522407
-6.934838124513214,0.49554947300306385,0.28085973010403276
4.8931782489496145,2.71073167495373,-0.32976259471703756
-5.803182928118132,1.680244748157512,0.8812170794552544
3.5614151338491067,0.4102028172586345,-0.22741369162187317
3.951504422335454,2.8752290110520793,-1.224050139040264
-1.4020256031831966,-2.029021536884318,-3.031489165074119
-5.256693770320514,1.0076935409421832,1.432812008670875
-1.1600849465434864,-3.341535716477622,-2.7887144520456943
4.59618870180468,3.012625783303345,-1.2191676903578896
2.0579236577015076,-1.3939253294731926,1.174330032716015
-0.6435313970674061,-2.1657429964341817,-2.257788408008506
-1.452981703619484,-2.0074493353609584,-3.047726014912046
3.413982087735343,0.621841919642478,-0.17044284224188885
-5.642614018594718,1.6976152549834955,0.9542557703647463
2.615094132160937,1.498842861099206,-0.9848242322384724
2.7931582640054677,0.4740662625993841,-1.1567427761219478
-2.5895476600720495,-0.7654610662380198,0.032620517013937
4.382803571316041,2.8075727269327797,-0.5447307076304585
-2.7838120140271014,1.1464150991384408,-1.9819668416453655
-6.589735014792493,0.5900549498254395,0.5049741524064623
-1.444583577948347,-1.9834476051803462,-2.974633218535516
-2.3151304826509436,-0.3273699251162111,-2.3615847789162556
-5.209002906073548,0.9988171955621983,1.4378614302276784
-6.618811849901369,0.6008653415463487,0.5082751670537221
2.7121475286195724,1.4365354638231977,-0.9542499764565948
-5.848286263495557,1.6464421678428094,0.8267074141453482
-5.2364966530443064,1.0000700849275885,1.4303838080399693
-5.823347321017889,1.6353465842280466,0.8218402202680438
3.4226828651180976,-1.5224339563058347,2.5537474142763887
4.404415271348833,3.1347361902492357,-1.7926662087868301
2.519610276247667,-1.743077769189623,1.3912788971218064
3.7361876225926176,-1.5910395197701264,2.5568885987824137
-5.620000194719386,1.7069836399569258,0.972677576795766
-5.61688122015753,1.6851011238728875,0.9479818139697491
3.5973514738793253,-1.9766420455039122,2.7163776584920414
-5.403321857421681,0.9611325702130182,1.3300184003703324
1.1318548880685964,-3.4699080745450357,-1.338453806749314
4.818329231414496,2.319811408826217,-0.43171371586935264
-1.323987050907158,-3.3401321268552198,-2.58021781739435
-5.834896815647006,1.641170491394865,0.82489980845115
2.774267660366548,-0.9091517063058383,2.423004107565616
-1.982983738645604,-0.940152458312856,-1.1205616590993859
3.5995596759811295,-1.882875138079911,2.53900030560987
-1.189246533483675,-3.2804234105306223,-2.8306147811363647
4.018356925345708,3.4623247148076257,-1.14171103650482
4.659215887603609,2.53660102570872,-1.932485876038617
-1.6061258738962294,-1.1430597157175817,-3.1347436451344355
-1.6453672307996707,-0.6912960539832484,-3.242304209704599
2.6170432567369275,-1.5158847112045812,1.64101858086712
3.2418302064312927,-1.7062015800208212,2.9947255565269693
-5.407523844685293,0.9624325338092516,1.3301855418268742
-0.8859210938742104,-3.4862439544197463,-2.3335800142278282
-5.628797733089157,1.6753554689391983,0.932622789576657
2.1618753526488237,-0.09675504812480586,0.871712814215153
5.178354190401174,0.787647071154545,-0.9320769574407183
-5.652829835496763,1.7000275952340091,0.9537429180054071
-5.759484494464718,1.6483172926433394,0.8580144806490609
4.27344515458136,3.3906521136126075,-1.284350520010052
-5.482618045805865,0.9313308887305167,1.268966487893013
4.03742296474537,3.3460578421759504,-1.17873386989357
-1.3749267054199448,-3.391928396706876,-2.5557781389469656
2.60989415195179,-1.515549359533213,1.6328435652682745
-5.749513124582141,1.7397810731280376,0.9687791205369918
-4.102485475197789,0.15289477396129172,-4.991515562618829
3.6002406398770543,-1.993651352513274,2.7219887198424844
3.5367797904493625,0.927226142632473,-0.7001134694399662
2.898745035692302,-2.033620575490423,1.5952573504929706
-5.520256927133084,0.9660850698052093,1.2977731165522313
4.731032333320016,2.775731361435558,-0.7023295776031836
-1.205293068567263,-3.312785850747382,-2.9101341216571774
3.5843463735058845,-1.900418380114195,2.69176235027984
3.38035932761913,-1.6163269235156066,2.7076948730133577
2.051492970251263,-1.431948732561389,1.1479155983378755
-6.935162482978694,1.2910966689819157,0.05287091385777678
2.962579746822364,-1.5087269364989555,2.7412696341964415
2.7730902679929352,-0.8954331733837968,2.498708757414278
-1.4769319796674625,-2.025358841851126,-3.061652067678908
2.3002106255662826,-1.548339784750262,1.261141739970539
-6.458699079772697,0.6489118950031947,0.6172176837508311
-6.04715121814785,1.2940351482336734,1.5136588693985769
-5.6263984505774305,1.680839065059038,0.9398536306893794
-1.2476173909292327,-3.2831289355490587,-2.8674370185399263
4.614662038680478,1.0431024231488917,-0.3710071418428091
3.6027386637372385,-2.0085361469190137,2.726802970680309
-5.889324889739661,1.6132256281410315,0.7742188330048044
-6.687975046586376,0.5741051066217842,0.4541186952187005
-5.61477911404272,1.6971258141442416,0.962802962358831
3.4067735249780813,-1.5281856690713356,2.527649213627441
4.220395263672527,2.6875092723201384,-1.2566622407799506
2.822415221502625,-2.011770628748599,1.570955144288107
2.0758055314813313,-0.0655002549327768,0.8903303643240862
-5.233919499974491,1.0071187135608488,1.439552747751619
-6.361249760754872,0.6728970985649014,0.677310666646007
3.9793087861673775,3.911214621626063,-2.7987975964449503
5.022871372232956,3.3189246268165307,-2.2373024400370016
3.9280199897546146,3.3599666651004423,-0.7176644040024936
-0.7807994244851428,-3.881297147287274,-1.8023666831450909
3.458701192731443,3.0060083686438337,-1.312271765631515
2.766524378343557,-1.5094796922090754,1.8080592465055108
-1.4014476566346643,-2.0030228764267757,-2.999208265615057
2.600291544488242,-1.5337651755197703,1.5598995778806133
3.7020147726967765,3.6342492442920378,-0.8142344229957511
2.073895656900072,-0.06721563076416183,0.884144372259332
-5.703786827001452,1.6675083173209648,0.898823291212132
3.3107650833210385,3.7126576531889017,-1.6107464770154973
3.4371126714499027,2.775081226454694,-1.433411873553527
3.775620168580643,-2.264814681992354,2.736378677057387
2.767942318456021,-1.5188878259533356,1.8113606000737763
-5.414226951253064,0.9542615083921762,1.318345905592989
4.533803570785997,2.2268009765230152,-0.7660402200064411
-1.4327038592536254,-1.9768636337491468,-3.0480802010722843
-6.472593397848729,0.6491946179383548,0.6130249530746558
2.8120702110559477,-1.5164161152155264,1.86001761606543
3.5795994616228994,-1.7667499276679632,2.4996547702399163
2.413466657128424,-0.7355891623487096,2.1140020978930862
-5.4653597651515495,0.9417352838677742,1.2868842236230895
-8.222610418748589,0.9226274920334383,0.36599382007486714
-1.9797676825026422,-2.819621681353867,-2.536224799012109
-1.3712115399722007,-2.052930649203027,-2.9510339244189
4.174518143739041,3.19976281991188,-1.2395827130445298
4.556292811036268,2.8956644687194832,-1.198667586522018
3.8834141447219994,0.16223281876514536,-0.054284720312105274
-5.419651532616542,0.9472061241348309,1.308241234779783
-5.60647634492208,0.9627849854122008,1.2657830231878728
-5.807699438022893,1.6294251696789752,0.8200093594780925
-5.813515144106764,1.6326880749572172,0.8219380978974017
4.025674041123228,3.222786927305378,-1.7519640125134326
-1.5810791943491531,-1.805027096786237,-3.093078386770497
-5.817325365519493,1.6597141249029432,0.8524526590840954
-5.359301568911179,0.9832706277977241,1.370521145073062
3.9478862924408844,3.351476721619064,-0.8874089644851324
2.47842270555461,-0.886101273479631,2.0934001496097543
-5.85926809199118,0.8764727109391113,1.0814261681251667
3.982395493673896,3.118266841847629,-0.8869518473593373
4.729809935313139,3.057436056889802,-1.444778708399812
3.671217394928749,0.8272691971073054,0.8269991385992171
-7.262260052484554,1.1841874800316914,-0.17997782932729287
-1.240006880897312,-3.26315562635769,-2.8239138375450596
3.5178151243677007,2.897933644186764,-1.0879943891304846
3.7303662212872717,3.639298342128636,-0.9245362528203476
-5.203134173475301,-0.6385137496200807,2.517177966087141
-1.6278230204978577,-1.866039569973641,-2.9845294889395473
-7.039242938894533,1.2648723412809826,-0.012060780783337256
3.198770130543125,3.744090839551154,-1.429134838873183
-5.619183715074256,1.6882830541379104,0.9509667769296721
3.2375065326662016,-1.7032513078491296,2.995144967075813
-5.244332636811616,1.0105104320668659,1.4401680708425915
3.540197265557394,3.452361231168434,-1.1566153867095388
2.766738841745858,-0.8581913323564088,2.401871882477151
-5.270177138611367,1.0019022589371387,1.4215754619507728
-1.399923555812643,-3.4017503470626376,-2.5772410781721242
3.5899265988172346,-1.9328957858744187,2.702244055168594
3.4608159604390063,0.34287967795312113,-0.055996523933586874
4.025725274296821,-0.35393839186406856,1.4545803551920824
-5.286631878114137,1.0139096820671893,1.4304037571107966
0.10743117648858805,-2.605225548183386,-1.5391060501191938
-2.554350357390805,-0.327313797945993,0.16490479145945372
2.5404244132005553,-1.5156520661614359,1.5552944968305182
2.3239587079038073,-1.4315514643324572,1.0509649185874619
2.7117190271865277,1.4369609084757773,-0.9548084094823113
-3.206307639523164,0.016255111756600535,-1.4638774775429784
3.07956577525413,3.911741206468579,-1.41717661217757
-1.4450166717088917,-1.9715049874384563,-2.963552884147624
3.1089777044355804,-1.6632620983181128,3.040395974481026
4.188607846421494,2.4662084573263967,-1.0606098700955038
3.235531666808584,0.2897976269142575,1.273664483345919
-5.685005840378298,1.6608670641839423,0.8971734195208346
-5.64273936469596,1.673550365345192,0.9259320015443058
-1.5359651595263781,-3.219195096567829,-2.9170700110014836
4.55957612132006,3.047360538608029,-1.3333323378202995
2.6324246628973125,-1.8104566526905512,1.4362818079299131
-1.1864655334763723,-3.3430451329026574,-2.7404391789762674
-5.652611922525371,1.6835473727192571,0.9344454124807042
5.070551030942547,0.8468933379842866,-0.22245007973184894
-5.278380217150976,0.986389324577523,1.400571311645668
4.198698654121783,3.441286507292125,-1.3444679896795872
-0.4852032512130677,-1.1835062535893344,0.517221893985453
2.693897603487996,-1.5163086584841552,1.667567967933472
-5.576593098201967,0.993035007075389,1.3112661855274803
2.94540182594454,-1.3743655256715903,2.696872062723798
-5.289517411441246,1.0289296720347387,1.4472130560287362
-3.8183271986586576,0.03962243145402037,-0.11924267337603645
-5.611016289436315,1.692869551303322,0.959033905222743
-5.619274793380188,1.7034295924396918,0.9687382910938462
3.455650535836578,-0.4701848245219928,1.9153371714743683
3.1772597603266397,3.7509451548459727,-1.9006966360223319
3.909706242705543,2.6681383952047084,-1.2836761037441675
-0.6557778419794007,-3.7577979791696676,-4.280288922633255
2.6095675565441017,-1.53161014487967,1.57005889160151
4.418429433201042,-1.4576246312721142,4.490035022182067
1.8947487963459186,-0.016392978337679068,0.8931933848637069
-5.68406536068423,1.6625795599132385,0.8994942425327165
-2.054119909685157,-4.887710953356519,-4.1962792724948415
3.272017806863011,-1.8230932495650074,3.024690960949048
3.9511927472212127,3.1296278307104286,-0.427071598256041
-5.5805204845225935,1.6861181072754183,0.9610943337838356
-5.746037566183531,1.701012168362114,0.9243531372169349
-2.4730154387472214,-4.051093740646213,-3.5314651790952944
2.6074291351516163,-1.5151883889724875,1.6296033815760262
-1.341590693377425,-3.3988568395307817,-3.371925410286756
-1.4675769576757396,-1.9895184990581245,-2.994635214374641
3.6310298279904125,3.494270120391421,-1.3070255838798042
-5.7990895371549245,1.6651863224150096,0.8648605203339895
4.482643138807081,2.8192876296364653,-1.373817082012034
-2.53189109339286,-2.0203598912267764,-0.9326615449364098
3.9081290036131136,2.7103493975224104,-1.3634459299927026
3.872113528898488,3.5891158458818175,-0.9262500923168878
4.66963906242047,2.905645659349724,-1.2428495821564516
3.543984231605628,5.336138427754663,-3.873627680195011
-5.2349218380592335,0.9228835231205927,1.3306125820234807
-1.2134084338153357,-3.290828639548787,-2.882657683420869
-5.2769290640325055,0.9864751841328196,1.4011455779732878
2.668515207488651,4.327614446253336,-3.4774568327551076
2.823472729656407,-1.6916644600199946,2.9544361226069444
2.9088496134390347,-1.486238166761762,1.920014393379839
-2.863379192158641,-1.2325089480285003,0.23954212771375108
-6.5591496843166395,0.594302850321609,0.5199591324089504
-5.68454943280348,1.6597439971411427,0.8960031510640488
2.7342462171745963,-1.5111821102506753,1.7166101897319799
-5.6141695673644145,1.6888266610861917,0.9532489908758619
-1.451281411721619,-2.015720155142034,-3.1584606500080405
2.7310848717881213,-1.513617370314717,1.715137578623271
2.6637149073534427,-1.5158159462990335,1.693028182932159
1.800301437596645,-0.01907121683696779,0.8477621093608597
-1.2998272242073383,-0.39616486595627753,-1.1031943784207658
2.343113091410039,-0.14443998827831542,0.8699400321773235
-5.2806566439169265,0.9884691672099848,1.4022873251295185
3.481578411734613,-1.6365454270731825,2.576438490863009
-5.356261640043651,0.8999680917305071,1.2640067491263844
3.55809558720715,-1.6866866081284937,2.5250009869689447
2.621992093372018,-1.8022786119954586,1.4290861184782695
-5.333184179277548,0.9740915368475482,1.3681834062410099
-0.610108020858718,-3.758706956133435,-3.3815780075792747
2.7252217227877655,-1.5170967341626533,1.7629240831931026
3.2164932618063045,-1.4170972206566887,1.8727383608564987
-1.7498073155178218,-2.4710236793269815,-4.3669982096962165
-2.1868463629521373,-1.7706554327320334,-2.4103130125258647
-6.133526018566962,0.7384146333341617,0.8289267881291814
-6.956785131171425,1.298850433589128,0.05489716738662522
2.599197473395833,-1.7824868066024524,1.4166514297005832
-5.252215946216144,1.0072920438360713,1.4337964578203988
4.669703944481335,3.3495499720978335,-1.8539144056995949
3.4675993606718802,-1.5680706181242026,2.6760128573396833
2.899592954656957,-1.1044033732939713,2.4922389318163884
2.8291799949337197,-1.492625528969087,1.8246845891039958
-0.3256244864404143,-0.12528118391436352,0.06761790775848045
-3.06322105324704,-2.200984834869431,-3.9560566008074978
3.512130044020284,0.8584607973230072,-0.5953807074578978
2.4227871537460337,-0.7522895130208798,2.124251300861548
3.4387303679045966,-1.4718236521723864,2.4636693839751183
-5.619557468082973,1.690306519034869,0.9532223918963647
3.4158997500884527,4.768773716075705,-2.7396798091723884
2.6880935824729426,-1.5221957674740052,1.7278019205211992
-2.4656895322492187,-1.6886635563910066,-2.2061646044538885
3.289934067390319,-1.9033240027932572,3.0481790315197124
-2.834420725789583,-3.9919934326660678,-5.339463085375646
1.7485287016347162,-1.1850591457862798,0.5967680184207046
2.563207336398189,-1.5153187494974147,1.5803872468719227
3.9535693276800403,3.0041593273562635,-1.0696296240360939
3.853014292269314,2.9044454057581697,-1.2055260013936016
4.838734917661216,2.507054793204669,-0.7029916309656368
3.8755918754526895,3.497226743351277,-1.4682418611464103
2.077873901918801,-0.06637947648372934,0.8927919055060692
5.253553867121309,-2.183501953539325,3.577082528980732
4.6627258997493435,1.3194155117288766,-0.7319899863448093
3.591900632020493,-1.8377417686768642,2.5238945105797144
4.528775146693491,5.0904158245428,-3.3778944625381224
-5.475541023778004,0.9246828346536873,1.2634164142707265
3.7911851801312757,3.463232350585926,-1.338275432804396
-1.2121062571562937,-3.2948937064760906,-2.870268533312838
-1.3974908711477487,-1.9917826973595036,-2.9634415098576787
4.12734047284854,1.9929357888640549,-0.9269186036269065
4.61150917277339,2.108741988126832,-1.2678174177476447
-5.782415874026946,1.739094963308256,0.9571895856905519
-6.193327058930655,1.905189095296162,1.017733286323246
2.710007481460869,-1.5134994925531031,1.6861833468659098
1.8253373503979342,-1.2972179872688447,0.5695613165714722
3.874455065635417,3.037366123732676,-0.7590768459659509
-5.855072578337917,1.6118915328865109,0.7838767511422272
-1.3938896414742883,-3.191606283742662,-3.1407321867923743
2.888921954771966,-2.025416919249817,1.5891217506007667
2.7729847473522713,0.5323119889007129,-1.7999972300247273
-5.741213461301677,1.7273422089569035,0.9568797691288184
3.8222697452099395,3.571839468961085,-1.9209587167919313
-5.724764945338861,1.7004718194824067,0.9306897218570855
-6.706290304795904,1.3776440116662556,1.3977149576187433
-5.845129321174613,1.6439059190824317,0.8247612119489159
-5.646116189285203,1.6668527226384366,0.9169541352302809
2.9629035661004757,-1.4491268927173038,2.7164861453959417
-5.851737862111896,1.6285554880069188,0.8045542399088145
2.6366917511730863,-1.5275614646572444,1.6024049454022737
-1.2521905186261992,-3.286969359257211,-2.883560695095388
-5.840908153666667,1.6233206995961371,0.8019512083913337
2.76867194986177,-1.5202097909352352,1.8123322644282296
2.988205669993496,-2.1087450591099555,1.6485238135898832
-5.6517098490615725,1.6845290210241561,0.9358947600139607
3.5099943761665036,-1.3137937147172924,2.287224997313037
-5.291020344010566,0.9925846207233571,1.4037739341715973
-1.6151419075138056,-2.093718667773875,-2.6767886764738154
3.8583270832631764,3.3118217108562513,-0.5337250403990084
-5.827173601595512,1.6350429177548023,0.820229324596646
4.353142797872999,1.9341254084200394,-0.7987628978735758
-5.552378434507173,1.0907524694763024,1.434630620515864
3.023887183990233,-1.4550666377653427,2.6173998303812662
-5.248250904484267,1.0061367484516603,1.4337230782054189
3.8742477391558707,3.2843072863158933,-1.5778266249936914
-5.664261764084315,1.6716511550134845,0.9166461076681253
3.3479050456672677,3.2062645867637074,-3.3929000164505076
-5.730362038799687,1.6429800507466048,0.8612867068869453
2.8885945132925115,-2.0251793375848446,1.58918776426633
-5.7221936986951,1.7165486822908012,0.9504274741140029
2.6152045979671965,1.4987404728679419,-0.9847674212378823
2.547627358874204,-1.7681174266061919,1.4077381317142792
-5.691400731994247,1.6917223163851745,0.9313409359582414
-3.3079162262443194,-1.6758439517585952,-0.5880801787362234
-5.38901988427249,0.9555192892353883,1.3280449304002309
-1.3899989927689729,-2.0395495430244632,-3.01797050866684
3.6133558750960857,0.6276229499352125,1.5309840201207872
-5.9451877743358965,1.6343274561814392,0.7807115676527981
-5.221091153945417,1.0035805956771746,1.4395514299698828
3.361270166958751,-1.2700793287700416,2.656385834840975
-5.2464761574532774,0.9911254617520235,1.4165627776911933
2.6345706079078157,-1.812162846848398,1.4377200615398784
-5.259818094237544,0.9999597436198453,1.4226550401481834
-5.17628740032177,0.9360237746647684,1.3652431268442078
-6.710685450416155,1.4605403309169418,0.3255846003796974
-2.4338994978280204,-2.278099773249776,-3.2981780763089437
3.7523645842462705,3.466570178796842,-0.5968481849261427
3.8807878841825487,3.897641773453159,-2.623288192524152
3.5810811747590727,-1.8819871842174583,2.6856908867138096
-2.458412834072145,-0.08710023290292403,-0.483508313277653
5.251846253046337,2.6477500087920456,3.6667661038310735
-1.7293635579632354,-1.1727197761717214,-2.8063115979711024
-1.1716735717587976,-3.349622860107736,-2.8248430846757704
2.949962794613251,-1.4097942130702505,2.7087033376788052
-6.123737908204933,0.7346267148154082,0.827639709772824
-1.1709150641462631,-3.3654432349749697,-2.8604710949092067
2.685980897350679,-1.516716281658356,1.7187619983580944
3.7956464819573266,3.3505501395836004,-1.8745197477989612
3.394176069017109,-1.2576208379944671,2.4560144575453497
2.0679921739075144,-1.3905223550604817,1.1816394346539592
2.3136302429137197,-1.5604208285580756,1.2688812359184571
3.772330907533437,3.711658748110326,-1.1129814121267387
2.695798206983318,-1.517585744888254,1.6715392627075085
3.877039117013998,2.1371569553153393,-1.3826148784284187
3.1357048636855502,4.081035115925119,-1.833488005783965
2.116693903933607,1.8437580452877622,-0.6304945047200621
4.204701630863046,3.4216842072335254,-1.403783955123319
-1.1662853464750118,-0.7890759556251226,-1.4843724355546766
-5.647988220401682,1.019851431282535,1.3196953665121294
3.2611449785288884,-1.5315942734081331,3.5754725625741313
-1.4043975830911088,-2.021440082570748,-3.0219090765340373
-1.491195452699093,-2.0282890078124347,-3.049631588028452
4.148061720660951,3.3543344619066118,-1.2082285886317468
3.2462871457373828,-1.802410375245588,2.9448624148132
3.703702520205083,-1.2722589080970044,1.9931396414208462
-0.8307044234520882,-2.7972380899822853,-1.4271841058600303
4.036002378240362,3.3261284819354033,-1.3434011367378222
-5.633646293310419,1.6860787519811185,0.9436361978885375
-0.9755579311419356,-3.3484340863078095,-3.0713325588096123
-1.0504611715136731,-2.4550544016491975,-2.978584145966035
2.8965389624906903,-1.4814466762670793,1.9036096581438582
2.484060819366613,-1.6859612097168486,1.3479580730203815
0.42278430777895515,-0.9841857046617419,-1.4855958817962154
-1.2465518594195661,-3.274607286799379,-2.854291673781001
-5.809702650381344,1.6316180416651838,0.8219300218281839
-5.836177390118572,1.6435184528932334,0.8272396533300627
-2.8896849933721933,-0.08163804349230838,-1.532379358726596
-1.4503962574730405,-1.9937844245150447,-2.9893999334304753
3.9620858249224784,3.1781637920264245,-0.9287028392795195
3.3529065159424762,-1.9066469485138264,3.016103197201602
-5.598903431775775,0.4526322001211769,0.53744985826217
0.3901733573084897,-0.4722860106280118,-0.33017589477408316
3.614825977851505,-2.0800725839130494,2.750027552565586
2.6361571095341025,-1.5260237920333168,1.599875271894793
2.679632795807152,-1.5162998149620035,1.711369524130293
4.008015781919545,2.9183862038867034,-1.2922830513352372
-5.685307855054909,1.6993298680362292,0.9422788473796386
3.2092107455808296,-1.529697557621861,2.9659766495380135
3.556053326414949,-2.4526413230673043,3.296380776749866
2.7831516470105493,-1.4046350479793952,2.889773930129553
2.3804595234636334,-1.5989046489236673,1.2861716503083653
0.8015460025810756,-1.0894522637350255,-1.0336397345191204
3.559103044663766,-1.4752802915727672,2.284580057799585
-6.72001208098522,1.3632425105145005,0.20817442552532597
2.6438882543493802,-1.5250579328056089,1.6093135158152174
3.573636492122033,-1.8452868552920383,2.674214143832201
-5.2951964754187815,0.9943944698806755,1.404552025808225
-5.702598428687732,1.7013075119326055,0.9389365240860619
2.8004241452837846,-1.4987709808350889,1.7925616763268952
-1.5392729633965583,-2.0094821404151415,-2.7474896858894966
4.373647254577426,3.8382374600251694,-2.2574935675031442
3.5618075670435827,-1.2701810604334804,2.6342608474695854
3.753123645578176,3.19428259707343,-1.5446887736986024
3.781525022743196,2.7553457572759252,-0.8847576343385372
-5.622521237142519,1.6906081643578945,0.9526055693461386
1.8071982846278918,0.011949786528934398,0.9070762201908441
4.065772830775414,3.464261069848666,-1.6365594448697565
-5.387838949604302,0.955873663471861,1.3288484515353884
3.5836521796224665,-1.7873318671150185,2.5097517990313194
2.6934857499990468,-1.2797435361555265,2.9680548410497862
4.1939582547555325,3.174172489554231,-1.5012163911966678
3.387073552766551,-1.6209741665055657,2.706277843614627
2.731886532405439,-1.5175995319595468,1.7712720167893357
1.88662414980894,-0.015064885725356818,0.8960506955108382
-5.317182863174019,0.9116966984102692,1.2905947963063638
3.1928326421713606,0.8557902190705429,-0.7532998615653914
-1.5059726777784335,-3.503867505787387,-2.5148635650692497
3.232702960733392,-1.7228681228201617,2.919021262280458
-0.1713779434481679,-4.020782253591997,-3.327511082208811
-1.5258967457978654,-1.9315474886133224,-3.044839200195383
2.05780613339296,-1.3931177437396678,1.1747322381055227
3.385757202878183,-1.6207570158920555,2.7076395621864204
3.5839630775445435,-1.792408157001557,2.5075135812504947
-1.597699149043165,-3.6790391373545965,-1.9476204889231032
-5.272786234275993,0.9185123675098801,1.3131169094105692
-7.030131789728526,1.2577722202385058,-0.01741912722358905
-1.2036974040928,-3.4054993026187117,-2.997295216948356
-5.355278288567832,0.963313792900137,1.3482490051702145
3.3392216164807946,-1.8485466494891445,2.9975184602083083
4.074035856727601,3.5259807812408472,-1.5556871916362278
3.6060065299637487,-2.027752683754271,2.733058901467301
-2.701213016626032,-2.4288369274169246,-3.7546055937719074
-1.2123226155244953,-1.8586495870227093,-3.5318594293591374
2.8041631767196615,-1.5249123843376717,1.8544608297105298
-0.9667560583485784,-3.393865316154217,-3.018937633317853
4.758281220832509,1.363707434284978,-0.8924131273371515
3.3525721226491267,-0.9430731803866034,2.068820370522001
2.1619994473703725,-0.09573483720004951,0.8722848569773031
4.514437302027684,2.7965199158031466,-1.1190729306981908
-1.194665218763592,-3.293745217036659,-2.847405088617648
-1.6990616973680681,-1.1153797351549493,-1.9136101137902368
-5.295778607657204,0.9767983215641074,1.3835692732982434
-5.496060884566185,0.9225737940992493,1.2542385189589345
4.523890478769489,2.7190245366401116,-1.5064808300924786
4.822278796125763,3.5821103017899856,-2.392225283803223
-1.2843995988210846,-3.349207945835762,-3.055968475154891
3.2339998510045787,-1.7303689778100275,2.9214505204063514
-0.18438313766012523,-3.0936653045374647,-2.6033719605222534
-2.6605079525679973,-3.222159287342504,-1.389633228146509
-1.085030054153537,-1.2047925549238176,-3.0204985759413394
2.544071701317559,-1.7649433005110802,1.4056523979843392
-0.12520032943942258,-1.4293170997674536,-1.986416216562415
2.5654946755726487,-1.5162098860481419,1.58388113258288
-5.994872899595786,1.666153644554548,0.8018335898042345
2.782006168734679,-1.976046605361677,1.5469547921022468
-1.46116469364284,-1.9727660868725887,-2.952632113592063
3.0122323485038605,-2.5929608359292073,3.7683146753530408
2.713883045512553,-1.5169733352631427,1.7501502518700593
3.870434174955809,3.4282422650039646,-1.3921779898110727
-5.303150527513851,1.0147884178615918,1.4260603666085647
-4.467910550525141,-0.36843530880795816,-0.007401753388268185
-5.511976694881642,0.9068957445131467,1.2305268976203196
-5.615006685076421,1.6881185717590421,0.9521424453958842
-1.379012249264256,-3.398221376233533,-2.5508230184174923
3.9583456036324107,3.967139111622638,-1.7925204685983425
-1.865537278545728,-3.382714845280401,-2.305887607775726
-1.4382477795533977,-2.023057805993426,-2.9702275931151294
-5.239061201627,0.9911237806262374,1.4189767909405806
3.7869362768582806,3.467690042974984,-1.477068283099498
3.9664616971242164,3.0915903025874867,-1.3395312054602295
4.143429961277298,1.895741741297533,-1.5230608062317323
-6.8156722479553915,0.5302314986939081,0.3606685979370132
-1.6052232547217384,-1.674344848595201,-3.2097637805829993
0.19754756194401438,-2.5838935987863247,-1.317789483237087
-1.679173936437762,-1.1233582530669315,-2.827850125223636
2.735681092194534,-1.5101022767631795,1.7173076309678483
4.6964047475491615,2.964177261008157,-1.4401226546871353
4.2201774044935805,2.9174452597643037,-0.5928183932857937
3.241826189759581,-1.7761822356542987,2.936263381542132
-1.2581650481128486,-3.295869653829348,-2.9157384516344567
4.532404465283932,2.70394480475777,-1.1462563184046497
5.141528237444095,2.5595893408478463,-1.7285761028188837
-5.28218333627846,1.0104387569053035,1.4277514572580732
3.184922957954158,0.8897619114602286,-0.8181499139699324
3.7885691801483845,3.642730241318757,-0.9331305676268145
-1.5421871710591188,-2.0201218758804775,-2.7301959928515758
-2.6011352944254407,-0.7201661714077564,0.0519088450290918
-5.641744089602244,1.6772732467187579,0.9306334757680477
-6.461121829433075,1.9641700830914361,0.9992900539677818
3.834272458269387,3.134317089054098,-0.8655623660954613
3.441685706761662,2.8932925448668607,-1.6674297475616877
-0.4288577703370065,-2.862641024019793,-3.4571427991156782
2.346455878114877,-1.589403676506144,1.2885339365557784
-1.3994763751792292,-2.0113024399150308,-2.9982683673706663
-5.472668888384891,1.0334975803035489,1.3929403096328994
2.7556941803241157,-0.886282855917484,2.504060216938145
2.28072628820852,-1.5310933317071682,1.2494769405945374
-5.287794868001497,1.005995933541807,1.4206730575167328
1.8049342680786744,0.007796301540816659,0.8966209019857406
-1.3692323963482724,-2.0508475736958194,-2.9440887005641154
-2.011776578607702,-2.1204543261218496,-3.0044809326452824
-1.1736204095679572,-2.857770187373832,-4.768720511220948
1.420412317487277,-0.5728423806278675,-0.6963398547424522
4.378079131299822,2.0387121651748514,-1.1244902256960458
-6.861714737231972,0.5671957521083217,0.389348985324081
-0.12302383801454228,-1.4326853415889276,-1.990995031264332
4.386554130580818,3.856553830225938,-1.844676440247174
-2.4897327863868726,-0.8959802567739801,-0.7142856772450934
3.632922378377524,0.5372328039408281,-0.49592311636798825
3.439037088728156,0.6502106767861062,-0.24508014731649494
-5.442822574713428,0.9315440580141816,1.282184383074008
2.7869159069816023,-0.9965898840317937,2.5304878011908163
4.104757250124439,3.0054862040679473,-0.5286059408137465
-1.2379580866093847,-3.284160236301425,-2.8783392596017845
-5.205672789620675,0.946860651979188,1.3684790513955323
-5.239364183722169,1.010332900253732,1.4415770323912132
6.170897703362465,-2.7295259983980915,1.604736282338056
2.769488322861222,-0.8837557998040655,2.4958702536753816
-1.5401149965672232,-1.9843575807728384,-2.7511206207225176
2.9380447323437955,-1.281363640100785,2.6623417691289837
-5.256526473850575,1.0068513120437377,1.4318712479586246
3.5151844737598936,0.44774993138905217,1.104483522845453
2.973517004024396,-1.5326116993087004,2.7438553007324535
2.6299572190247984,-1.5166520883396348,1.6561850846331219
3.692890189942827,-1.5799831018554036,2.293672644994172
2.9759759154979886,-1.8900780222346896,2.9555626809377835
-5.2738585184046345,1.0025427526213377,1.4211329224040334
-5.726586414422537,1.6749993047998064,0.9001551227131818
4.01798350204352,1.9081962480393053,-1.493537754607895
-2.7213186372073963,-2.404385159666548,-1.1715233074403026
3.860612663379292,2.893221491024046,-1.2061859302712072
2.274675933000873,-1.525690214761981,1.245908491739805
2.8271996638020696,-1.4935323217276943,1.8230385910785372
2.3037124049366393,-1.5514396247285007,1.2631767772562719
2.9250380345138467,-1.4825902140965328,1.9404722279237787
-5.5865695915664295,1.6918360375756407,0.9658314525283827
-1.5255701846045093,-2.007723049915397,-2.7260465266388914
3.922870862285176,2.9703201970222546,-1.3607475801881757
3.0380854398769626,-1.735016229108833,2.7907488215774903
3.477639841278632,-1.6218646587645194,2.5770549714172106
2.7186271350996396,-1.5176627038118389,1.7561226828459249
2.62463247688141,-1.5160714270647526,1.649671471377416
2.7605390711155575,-1.917742950244016,1.5129222820390023
3.0033801691030977,-1.3146163125698354,2.572067082325411
3.2442601003745617,-1.7087076487610173,2.992857376988109
2.7548842269641085,-1.5067486162835633,1.7396376593308946
-5.394508088654027,0.9601787340151633,1.331762839896336
1.9838809409308922,-0.04256379923934041,0.8867019744511148
-1.205739145711845,-3.326897255328921,-2.9235137120474106
-1.7406138569677552,-3.767115914587331,-3.4726308145265774
-5.776412304393189,1.6918973333495462,0.9036858261591317
-1.6222600773037044,-2.065178605863181,-2.7431517479957104
-5.964841462471399,0.7755587895786626,0.9277790025203059
-5.461180979513576,0.9408337263708653,1.2871803306634702
-5.514071227262225,0.9167756568335359,1.2415189682016026
4.27255626506885,2.913902393809182,-1.10278480985504
-1.2447914173714627,-3.3241350616346765,-2.8632030549081384
4.394316616786057,2.6329959468526356,-1.3171512865528712
-5.656573361031424,1.676102153618376,0.924396976162255
2.625552547832185,-1.515984296948376,1.6507472518156323
3.21966654202729,-1.6626048003118492,2.9000085712575285
2.858654652154854,-2.0000564522087116,1.5713635499973815
-5.275989030145539,1.0229390253004986,1.444541352717214
4.037738246948269,3.185568332390382,-1.1023116769793886
-5.806851763884043,1.6273714222935123,0.8178735090587729
2.8423265349025617,-1.6326961079546876,3.1602961169841217
-5.689010569476795,1.6792835383361027,0.9175051357866214
-1.4486765918129343,-1.9917680305251966,-3.125610453621293
-5.916790941986682,1.598016202674362,0.7473420283569202
3.8976776268435986,3.0958383017644913,-0.8949843962087062
-1.989181239968438,-2.3021574559638527,-3.1435805116462117
0.59065379356852,-3.382097476846232,-0.15939243987381754
-2.0895787874875578,-1.4791650693277112,-2.563026509349053
3.4262974817660936,-1.3191484404690215,2.845894122144682
-5.3695397686825705,0.997099759736753,1.3835276244077914
2.5344073845161734,-0.03353369961005194,-0.18646273715923886
-5.329922199441541,0.986654119851857,1.3840913766336052
3.285695536680425,-2.0463701771868954,2.7530855265721805
-6.984408353909578,1.2846135745324139,0.029111815718260624
4.063460187256576,2.830987193729979,-0.8058464490976692
4.149133747239675,3.5068319194684165,-1.5781743053696968
-5.750529277668721,1.7394761464594435,0.9680877186299937
-6.905226137936464,1.366434126800753,0.15122523244487177
3.8981149081898905,3.2332372570458863,-1.181883361734768
4.084882556768212,3.4669912856155904,-1.4870577162244918
3.5836827111226377,3.482979035125363,-1.2740619661846246
1.0413689117292402,-0.575057492193674,-0.06009963989837062
-5.705242397638986,1.6670715304713584,0.8978329046967027
4.413880487091431,2.0139503651747046,-1.0800696527171187
-1.3503408802029007,-3.3563698913411133,-2.6080460930478826
-5.7459338085169955,1.647959766372705,0.8620353835006968
2.7751043614768287,-0.9199903392995505,2.42337824027041
-5.80764091043367,1.6258066399242725,0.8157758704439398
-5.247992745002155,0.9932539516665866,1.418583775128558
3.1656400448700146,3.5730023818466337,-1.099811247116199
3.431978373163619,-1.3519366445126875,2.4221129968619928
2.5214688485758576,-1.5142300329811773,1.532740185781402
-0.8829579948551773,-2.58782337078379,-3.3046762645192422
4.243136285910274,2.1932420459852264,-1.4207559186368675
-5.67713156111419,0.8781869178805111,1.142792328897289
-1.0178210182452372,-3.5387566777642543,-3.1931185174064534
2.0723575921894506,-0.07083657255161092,0.8770637575567187
-5.3959297481076804,1.01551103055668,1.3966867511778152
3.4832231420010618,-2.1279691070255287,3.0515300124308595
3.56814969493731,3.448966696672469,-1.1372968325244288
5.792832720549813,3.087545389939142,-1.8901544806434252
-1.1410498052843778,-3.361092337953386,-2.739094563002315
2.4449579220115814,0.37597397884968276,-0.9381285691955494
4.292921234274202,1.9194941415161562,-1.089251524345372
4.7285198192029645,3.4316651517871555,-2.038628675938957
3.471734823366993,-1.2422468470959862,2.3073230948530234
-2.247571842565747,-1.188881399375679,-3.8163173916174746
4.724767915416199,2.8746278312800184,-0.5081465073992978
3.2494610326324294,-1.7255719078356724,2.9983817315703085
4.86658652545365,2.7558108226715476,-1.5177025737669307
4.183010699988053,2.1467390508067066,-1.2594830170393971
-1.562874077271428,-2.5239852562929825,-2.861283718456473
-5.841084275459687,1.7322083266558321,0.9298684541087872
2.991142503288949,-2.1112999181299315,1.6501160699388435
2.769578267216633,-1.5045862481889587,1.757196253539475
5.116451433785197,1.0626991257032978,-0.30046303200271196
3.574825988973775,-1.849860392170243,2.675612761520965
-1.4587747459959075,-1.9843648960396245,-2.9653214409370388
4.284145299104283,2.5538552014930365,-1.2102022861385473
2.525660123531319,-1.7486194730950904,1.3947018423826223
-5.4225272234703175,1.0593672864795813,1.4398473415422661
1.8960941071858641,-0.01431109550265887,0.8988798248940398
2.7668281622139865,-1.9232003754553877,1.5163578823326531
4.152064788710945,2.916525382882933,-1.1548750144824638
-4.469583218896459,-0.3694498343943988,-0.008618376594914802
-1.1125755855319237,0.7764631296722952,1.1063859013185864
0.8288511497111662,-3.314170515796079,-3.512713178036353
2.05516513290301,-1.4096576336991489,1.133218410983687
-3.2497337816058156,0.40282533121989994,-1.5108349450075178
4.931961448098727,2.65056969551745,0.15064298075961946
-5.614329744582512,1.6907693074970878,0.9554796143694253
3.899676991094716,-1.4586191648519184,2.4014569394654144
-5.118307403848922,0.981013555305597,1.093777036715977
4.447755710991964,0.7113136638148451,-0.7809935509540041
-5.394205391942761,1.0570428638757976,1.4463277487758905
4.008884247267867,3.1988318651837604,-0.8295547987325327
-5.6045348805597515,1.6948144889732726,0.963443928197105
-6.570728669924594,0.6185453397225085,0.5448335021377692
4.1500699829280165,3.173978522123121,-1.211091438002356
2.9172417113926334,-1.4889499664060972,1.9301342102841854
2.804394130175271,-1.1337467820640352,2.5755593786070254
-1.592138239766889,-2.1008555175413526,-2.6581546368110387
4.607640141922723,2.8909602588352104,-0.3917657431036645
4.043210527668556,-1.6245934029878362,2.3575377912194377
-1.2807699322974175,-3.3526081859028243,-2.556062203733228
-1.450194046434749,-2.684884170684704,-3.2728250994651766
-4.828503143699153,-0.3613391027547821,1.195633196195136
-1.3735989726617326,-2.446937336700777,-2.188539780945806
6.864683393847664,-6.022564267330436,3.341150146183992
-5.640224685661409,1.698332244717757,0.9558814991730886
3.8709405382545587,2.4098015803604307,-1.4249737747678408
-5.40528807141975,0.9515163038017151,1.3180142941678783
-5.623219880946976,1.6897917745974365,0.9514171198861237
-5.61201960275804,1.6783232543252886,0.941609696776059
0.7522546235954256,-1.9737390910767671,0.017357825781059842
3.1245296715803415,-1.7322521230038697,3.065685174793213
-0.4558429008444749,-0.47331252298104604,-5.928296560130998
4.002619475136268,3.208536498211008,-1.2056051230886466
2.6882724111256278,-1.5178503126732323,1.6615592989958115
-5.81323485483665,1.6251097669965713,0.8131234881923323
4.023364731606902,3.2985551019282693,-1.1151424099967129
2.7895779437185158,-1.4076725738216225,3.096414808362405
-2.683610591790984,-0.8219473322112845,0.05566478972493074
-1.6156836086752209,-2.0935725257960462,-2.676703405682083
-5.64435709611491,1.682864660068911,0.9363484480580271
-1.1915179137293725,-3.2855622941212395,-2.8208572554020708
2.9101089998665968,-2.0900505430961354,1.6225840995242753
-5.678206840221949,1.686934580321389,0.9300380170818203
3.3298972611836635,3.3852908673624293,-1.3066453395625366
-1.2324549015944883,-3.2689018264744907,-2.806583767468504
-5.218665332295374,1.0009435733802858,1.4372257327500109
-2.6657217855332913,-2.362985538088877,-2.5662902526267137
-2.6968876034910485,-0.9596149291552818,0.3011771668001861
-5.314244372412724,1.0186955567985674,1.4270631197726378
-7.128515547723892,1.2229260453405209,-0.09061645147608452
2.359182874743718,-1.5811627767853094,1.273673795237237
-6.565809689130977,0.5966932234377196,0.5206136694521345
1.0707540527105568,-0.21738894490928964,-0.796806726643722
-0.12524492110946836,-1.4283579814679919,-1.9848743462057754
-6.734571464893967,1.3687519705044489,0.20987798181947007
4.4723168784245075,2.8986600185804376,-1.2460960609468534
3.219094443506564,-1.6617378136414644,2.9000990338028942
-5.631021748146,1.71163878609274,0.9745366164765363
2.5681239786087815,-1.5151989698367296,1.5858869655869872
2.604362203382176,-1.5151548001177326,1.6261480498908363
4.34042337746316,1.9001704569287206,-0.7579544059534841
-0.9943998643635747,-2.810954126081034,-4.6481588751347855
3.2633835849367943,-1.7846690016761593,3.015884478619082
-1.2013939964329288,-3.3050555988474293,-2.8910414952458017
-5.4277615931479,0.951551380644176,1.3107336613354237
-5.257219522148863,0.9907814318136445,1.4126558360098855
-6.066889303821164,1.6131126115469145,0.7158927353377734
3.6183117342007445,3.2473839806355747,-1.4998367643807737
3.437764376502911,-1.7248662093402443,2.584737051436036
4.255149785552272,3.758602333314422,-1.7605200624068575
2.5357214732066553,-1.7573583693269401,1.4008667652199915
2.4438775866677958,-1.651963708469681,1.3243564294482533
4.814286492487176,2.591872619443143,-0.6419602821327772
-1.165830297563794,-3.3432184390398434,-2.8075371074461537
0.09364791396685648,-2.7332590086270883,-1.8553517740160712
5.159929297169048,1.145145892583629,-1.148798617129529
2.8071799643710107,-1.476450113689809,3.1154965013898357
2.073313355676328,-0.06950005512333092,0.8808783622495587
-1.1400567380058646,-0.36195394467151365,-1.2057067079531645
-5.485403394445474,1.005323941346325,1.3554979077720928
2.519735063243611,-1.5148185977708033,1.5313866546671513
-5.3287864802161495,0.9900873642955856,1.3885184944165723
-5.25532488196798,0.9974555126709026,1.421159741547407
-5.333914839760626,1.0256571189701198,1.4288810957632212
-1.4159503428900135,-2.0712633241570795,-3.1020280174983967
4.269306063885013,2.050928342896861,-1.1437035917771177
4.006749799649265,3.6567278276694926,-1.831418830517336
4.10817235641442,2.920272017439124,-1.4390687399569835
3.2497747728688604,3.962382029993489,-1.5265801684091156
4.02289298102008,3.2506771547132303,-1.2099621307535073
2.5586185072905985,0.5727781753172705,-1.3989208400497801
-1.8259008912477959,-2.2923960341544656,-2.6444045269716194
3.994518510551616,3.335972335236669,-1.442079685236076
2.818931585752766,-2.0089351229023564,1.5687237769305082
-1.579883703588356,-3.613929370802063,-2.4847792731066654
3.3192726846503717,-1.5141635940132236,2.426047504489853
0.33095183498398956,-5.504697126832199,-0.9544558550724995
3.847931231592703,2.7006983315824913,-1.3062222460915225
-5.647232114480068,1.6890396618798862,0.9426635217492108
-1.2678322308739454,-3.297648402267012,-2.897471748986272
3.4243718246509283,-1.7297441233507613,2.7524991782927875
2.4411989265402667,2.2251740235772832,-0.4102527375357815
4.026095194599102,2.466476304860461,-0.7883349189379323
3.019667284977242,-1.4221154865658288,2.6066087619134755
3.887779401635246,3.6386143338972947,-0.9096334096899048
3.0013081132247734,-1.3107972040833196,2.5712765352134
-1.211889005608554,-3.3241319578538833,-2.946447898971504
-5.682365208602767,1.6944336913572684,0.9374888069691087
-3.8964180452301758,-1.4511118621055963,0.3462338918071177
4.250082624480109,3.086440884682141,-0.7963332243146962
2.4326899912620723,-1.6427106929910917,1.3176226516835663
-5.390859645388599,1.0274871279833313,1.4124910332374452
3.4103225354283815,4.684808193719642,-3.480698774373094
-1.2745677846655663,-3.291398524642761,-2.9131581457693607
4.161936874992907,2.166488266897026,-1.147650202558775
5.2731724078351645,2.6032417426690286,-1.5608057176296894
-6.746871890778796,0.6418583799908122,0.5149954271231544
4.6114039099089865,1.3750285775157516,-0.7029323092164913
3.23941920712818,-1.7619436170740426,2.931708199751006
0.747688295015935,1.1462485888761567,-3.873863563816228
-1.7086207452595379,-1.773447071688509,-2.075555956775743
3.4266415058744983,-1.1251512502520016,2.1880484844506793
-5.4345431253281715,0.9319413811575235,1.2853515618333793
3.2365508486608427,2.8168504023885887,-1.2517292027421638
-5.718511343748831,1.689366183108386,0.9196868229050585
1.380895946312913,0.511921570972683,-1.241703934048238
4.096260585330331,3.52369088638144,-1.612214001889091
4.657014994042949,3.1784985080879826,-1.5558879499009588
-1.4090013451925285,-3.3922928681831555,-2.6097784479351414
0.41777306164359496,-0.39869787330675344,-0.037280876382449014
2.8774246648987782,-1.3297841872548772,2.689270202254645
3.589539386098178,3.4486736910664457,-1.1949668813451488
-5.728959772123489,0.8598166537411567,1.1041981798041585
2.8383179247404984,-1.498044794657164,1.836887162927209
-5.771917465142649,1.6576246620600807,0.8648785127400701
-5.822825783212649,1.6779696017299806,0.8721055768935867
-1.609694074874446,-2.630375368477609,-2.828184474343585
2.9290902146653104,-1.2881249255422555,2.5462220253530448
2.7881351072778804,-1.0174226037602718,2.4584563041992866
3.936204965945558,2.055945912238617,-0.8848213126336151
-5.81709035795675,1.6294011423718926,0.8169033430989362
2.9528452654619635,-1.4322208106520544,2.7161076763207777
-1.589748950805127,-1.1268469209227194,-3.085953904611309
2.4810739112916047,-2.9045485223946494,0.9718469074143669
4.004410961664949,3.2587523335830375,-1.268286811843975
-6.158617238672339,1.5404557058495687,0.600437598485467
1.4243875047124026,-1.840201389578065,-0.8611209595000984
3.7447612076657966,-2.1259413139135543,2.693358786615795
4.779683432899688,2.81786147038741,-1.308596998565684
2.823675177042738,-1.5495078695762436,3.1364329677754705
5.8396397195578755,-2.8624737118600554,1.3436745077645935
-3.895936158556914,-1.4499445564862259,0.3480047699529871
2.117006390371931,1.8433867946307796,-0.6304710236250968
-0.554901646450755,-3.7268871757227804,-3.310551329092425
2.057973319873557,-1.3934493054843213,1.174888301235602
-5.329216773321188,0.9701146439366326,1.3647766323261825
4.059494221734778,3.2634924294937244,-1.2200822385151744
3.2295684533617264,-1.7050943372853227,2.913311706898631
2.834862386682628,-2.022950586216457,1.5783021557985575
-5.694033707250209,1.6648610731869633,0.8989085382934993
2.964387437171691,-1.5229522153423871,2.745945763149954
3.588959084591423,-1.9691834066631828,2.719529599240556
-5.697499930251749,1.7195585105964817,0.9620577716827017
-1.4001900086964196,-2.0139232858350744,-3.000974558450443
2.7125241186597404,1.4362065431896118,-0.9537217351401852
3.8377339544722506,2.1877246585462484,-1.575440434228642
-5.676018421715608,1.6677334266151167,0.9081886369455675
-5.287957823325484,0.9992467671386587,1.4126444067387844
3.958801410353962,3.3679024138219704,-1.4560494413990264
4.064101827515957,3.3609515700830723,-1.220637632918202
3.252321913940688,-1.7365103781144886,2.9979436929839274
-1.4540163913412816,-2.0047075631945694,-3.018218824923553
-6.840772573660497,1.3308826864629033,0.13056526563605722
-4.468638095002155,-0.3689395760340002,-0.00794022275143045
-3.9259316577016294,-1.43533176346098,0.30141840148454957
2.1170707594941955,1.8433743624279408,-0.6303750013461207
3.4147168625685533,0.723519087104227,-0.2962175160858658
-1.2821256880727752,-3.312646983954816,-2.9229280859243567
-4.136701165060909,-0.9176105080676047,-0.012201597211937122
3.7962760670393094,3.54062738360125,-1.4708850100200006
4.497442183416813,2.8785481738614105,-1.7669892562509109
3.93649834562958,3.1662637366523514,-1.4287509554075741
-2.1846225805390724,-1.5808857958008509,-0.3679480889440503
5.26552642475452,-2.2270354972142097,3.5939899832126656
-1.515946269780679,-3.489017497905395,-2.589180493500415
3.989152603268307,3.3276503053791417,-1.0008973825469714
3.724384261690074,2.998891480837476,-1.4578452871711909
-5.6634109266784,1.6765839714643338,0.9227223036595016
4.216747426450531,3.2992146150622057,-1.19477817529644
-2.230755420443108,-1.483769247384607,-2.0923132875045036
3.47896517536929,0.8904790220820762,-0.6268372695531748
-5.454177762295255,0.9429352480057709,1.2919453978603412
3.2475841769965834,-1.8100475272625869,2.9472969109771996
4.2597914772092995,3.797011831803806,-1.8764111128058523
3.2359122552917943,4.651853959697819,-3.1919535887279724
-1.3916633386316073,-2.0050526492168053,-2.9719669224655605
-5.626693906687868,1.6797955547968328,0.9385304204710094
-2.0790742175963124,0.5940404549589144,-1.697874200954786
-5.252327295337294,0.9949377793416954,1.4191612331358645
4.348286840160096,2.0521035717120903,-1.0700831798410335
-7.050056987158944,1.2689645331214106,-0.010795473821027392
-3.8093680413621085,-2.111026445149633,-0.9893392345662668
2.710956570131155,-1.5138665807516225,1.6879111548400652
-5.847927240274347,1.6279706553525974,0.8051157687339238
-1.3756896000621974,-3.4074678399593084,-2.5260477814143827
-5.252108353698396,0.9946328542922682,1.4188722452470401
-5.356936667074106,0.9816400714493989,1.3693647929389519
4.476930115332053,2.8318941141372274,-1.7575841400297187
-2.2023820331597572,-2.8629482396808794,-2.6608089758053413
4.329819512195456,3.446597590620117,-2.436632708379174
3.686748803971852,3.531348906325484,-1.6656622536035983
2.8168536701854854,-1.5191804732610001,3.127736764257677
2.764003903524462,-0.8401640653592413,2.39776492966416
2.1167700684315056,1.8436228902455616,-0.6305716020349055
-5.655478118504525,1.6705633125276576,0.9182464181314904
3.5653807631697645,-1.7037158177529013,2.48330453744517
2.768804802593823,-0.8828406026617301,2.496187612455103
2.8282621426203103,-1.3589533849194269,2.7390699127851805
-5.848793743763493,1.6095527122580044,0.7831859868261265
-5.596387466252319,1.6924208146736266,0.9633009627704221
-1.4126449193369919,-3.4705137239332644,-2.509497500057137
2.7658549582471306,-1.5235265668221751,1.809750798656788
-5.264543424481356,0.9846249585853739,1.4029947539943113
-1.6076568622964131,-2.0436958432611694,-2.747080703661021
2.7590909459416673,-1.51745858642797,1.8010722423298469
0.3479327982671674,-3.6931482382141847,-1.3540331016221858
2.6613781806905883,-1.5163874972829654,1.6909850941056863
2.076647621265166,-0.06658161623307947,0.8914288753005847
5.038115413572796,1.6691168252796094,-0.7252092517236792
2.7400824103231116,-1.509324285498441,1.7224145228070868
-1.3527766053824324,-3.358970842804266,-2.588526530748761
-4.377992001156088,-0.7331358339948904,-0.04910434574001175
-1.869335052325114,-2.771633517208016,-2.4464511253310133
3.264049247456005,-1.907791217662496,2.9788429155754117
-1.6497648698203178,-1.857910795010992,-3.0046295982185343
3.386251953282222,-1.6200718435365862,2.7068847212563636
3.620815391043204,2.9759006830675485,-1.3727372046478268
2.847202031471984,-2.033839294962219,1.5856886621056252
-1.4596793079396793,-1.9738094358341969,-2.9727450081974465
-5.219467933332717,1.0024141603949461,1.4387019623433492
3.5947220856850186,1.1958721734228746,-0.5603734979175939
3.13572370373664,-1.781748195301733,3.0812365577798992
3.4591970850543468,-1.559299616620685,2.5622952878634178
2.788461247694817,-1.4055624339852932,3.095927457130167
2.942161923423315,-1.3488831288007996,2.6888004834248167
3.778856812610141,2.5878874880002383,-1.2021963280501315
4.233963565823116,2.869019826495927,-0.45247151988049905
-5.594853325215104,1.6866599565905505,0.9570333842600596
-5.374455159087712,0.9714633359642031,1.351631253670912
-1.4010421810587605,-2.002050163746001,-2.988349124194841
3.2433803423162386,-1.7082343214047193,2.995319311086444
-5.481532641787786,0.9269334213340139,1.2641236975751893
-5.645497804309419,1.6808925430577188,0.9336568326913091
-1.3674809978626359,-3.400838665930672,-2.571830631890936
2.835474515987001,-1.5017873782167344,1.8340886495203297
-5.627103581558733,1.6746770726532931,0.9323808052042788
-5.4917705112606265,0.9581874351614879,1.2977212234394822
2.860166522024796,-3.8257958503624896,-7.370586592793658
-0.7139069727633569,-2.7598101116515577,-1.746603337392204
-2.552604109754666,-2.3841665278331985,-3.653474551750515
-5.87532174466994,1.6079265932641187,0.7725804304840022
-1.4416609418163107,-1.9725476392030115,-2.9640325450316225
2.742623633655407,-1.9416422731097165,1.5226839167367143
-4.586227444998117,0.07344964530780636,0.4689169123300517
-1.83913198570442,-2.465349398954117,-4.38397107704888
-5.2429607183394085,1.003815653547413,1.4327038302327424
-5.730669275571215,1.6564011225079334,0.8769589720315026
2.7585867831817863,-0.828148800598715,2.3971101946556623
-5.252619213232621,0.9127531459223741,1.312894985914218
-3.8476607060765087,-0.4469311026821101,0.5534127552457956
3.408034210901881,4.216099999771945,-2.1894575401095584
3.9734362228264435,-1.5564090453853696,1.992606223748282
-5.263687906601253,0.9927100541043545,1.4128273346247398
1.8960535824124871,-0.015198401675579303,0.8986638227024127
4.263219376098236,3.955240112887904,-2.0307415047887196
0.4680768127654827,-3.4065729592914233,-1.2335902158327534
3.594975168813639,-1.962536824771402,2.711888469823967
-1.69502938581746,-2.1953374318989334,-2.6302333907198796
-5.710672726186501,1.698884581106479,0.9334426819061383
-5.607620557888128,1.6944728110234202,0.9620310734854309
-5.795079862949694,1.6302212380724272,0.8250809141278649
4.112614166639588,1.9974673654100945,-0.8267632032171015
-5.307281756602275,1.0266577172982743,1.4387405997557032
3.930948756565593,3.2770996323170403,-0.8993879404354949
2.0750262586404755,-0.06663767211966355,0.8883050027099036
1.1779926444751785,1.05942932803453,-1.888745730213144
5.306547292629721,2.484280273162138,-1.7003642604109073
-5.641736231898885,1.679655433578799,0.9334357227668255
3.496337498094064,-1.7153731796422709,2.5370827247966425
-5.608052767825124,1.6863442276163578,0.9523362380913822
-0.9003828501926933,-3.57453159251342,-1.2757451392071146
4.75917431545454,1.488551620984203,-0.9686214931591788
0.05695784339332535,-3.885956147614737,-1.3011023181650183
-1.46886927977595,-1.9984753263466142,-3.022552629090463
-5.942578539964614,1.6243400095086011,0.769828500786533
-5.597851586421757,1.6957140642850979,0.9666915371855949
-5.215481703800328,0.9980218547421353,1.4348106315548634
-5.409359794913013,1.0351781696969278,1.4155523829048466
4.010507350395855,-0.9855826648579145,3.2298204813704943
4.4763337676213215,4.119747846896742,-2.2473652208913326
5.343703250815133,2.6242518589782735,-1.5239038321085285
2.82412177475775,-1.5515127009344467,3.1369573898652385
-5.583402677460934,1.6934140897981935,0.9687239853047986
3.57797465194049,3.5924023621865033,-1.9451333474764865
4.0695795958405565,3.1160975949402436,-1.1257666052631825
-1.4348132752501004,-3.4373263510365466,-2.570978746716516
-1.7338117858833522,-1.8487683388846843,-3.7644296915590885
-5.659634287316044,0.8716332077312523,1.140748670567759
2.7480434510196146,-1.9073581092524932,1.505311740084706
2.8430236979992256,-1.4975627869346366,1.8427283827808976
2.561597500294715,-1.5149981861575947,1.5784086233483359
-3.9795230755357665,-1.906071708711338,-1.504779703495401
2.8845521799474323,-1.5277786166874692,1.9435731768957532
3.281642302164438,-1.8656899968258505,3.038335621117856
-5.600231044569875,1.6823779976345596,0.9502386173177781
5.14847863970194,2.844853469083921,-1.8522335607158127
2.6146441362064325,1.4991954852551528,-0.9850517470273352
3.1939717609529183,2.9149484558044834,-1.5090393065524152
-5.3966413118119485,0.9582892402792345,1.3288350099419501
-5.751152934593931,1.661655489713218,0.87642109322322
2.896627182569031,-2.0321063288084473,1.5936515526478956
-5.762971647397255,1.7449297763181093,0.9704196546136308
2.8244327679236387,-0.9418996408080886,2.2537957963583213
-5.580028593932405,1.6934975466502502,0.9699279096491475
-5.407781496751109,0.9632901440285027,1.331115041327208
2.6847165560483544,-1.518996946763058,1.6580411341306398
2.2827212541248025,-3.895674313207302,0.49143147477184257
-2.690247554976829,-0.3657224941390296,0.25649971654302983
2.8256455298439005,-2.0149321324083425,1.5726585888088622
-1.5031759945124443,-1.1037487591178605,-0.5819570016449809
3.36872930673948,-1.5714638892113615,2.1531306073319163
4.0315306739995815,3.9775866376011506,-2.893199009936191
2.666865578448739,-1.5161600817041019,1.6969161148472622
4.891323207428453,2.4025520372470806,-0.5499414826988226
-1.4008757048874603,-2.068010178824992,-3.0580912261482696
3.3504783739614097,3.5367265558772893,-1.4810539731765222
-6.131744891600138,1.5436473297897226,0.6129956178777863
-1.3822561099196322,-3.1751683688050414,-2.8246354879335844
3.5575881457447855,-1.6904120392521418,2.48034071506182
-5.487049340470288,0.9256838758428598,1.2608497208515699
-0.9780049564792999,-2.3132009178141986,-3.4259190780770257
-1.4650822059660487,-2.0055243358533548,-3.052434034986016
4.45586501861423,2.9919353181775956,-0.3936623456684078
3.463560938277499,0.48881238267087657,-0.11246492623759716
4.555734571570226,2.458702210608397,-0.8626697027189434
4.349274578327854,2.966849616776903,-0.1340594259385862
-0.5910903057528744,-1.3171986026032272,-1.129527764834824
2.793844946120731,-0.12298002992916103,-0.48274755721877916
-1.5581174870620857,-1.1281831411237393,-3.1438759607698876
2.6870826403349146,-1.891762927852017,1.4906282482111153
3.8573931336170952,3.3967934874456622,-1.0249081568475233
-0.6385199867871953,-3.7336976509540922,-3.3223235600822814
2.757307610736728,-1.5180427809468684,1.799659550775698
-1.2487586564371729,-3.274793143192696,-2.842389316620587
2.159805685517412,-0.09941139336372552,0.8626573560811038
-5.680995839731625,1.6588836931948512,0.8961568181763263
2.9638512883947463,-1.5187252503800734,2.7445152915778794
3.9137483981138224,-3.497931587996104,1.7308002392606314
-1.2132742111395032,-3.3245356269446122,-2.9444777488269387
2.5650796876674784,-1.7540576139252049,1.3959994697947795
3.297772251105105,-1.3736346101537202,2.5370844476477705
-1.781217963724387,-2.950809857231723,-3.1050568171721395
0.5761604424928206,-0.26006086034478526,-0.22784393607239045
3.4631938606939423,-1.4862834463180752,1.8155095768672942
-1.230240442329263,-3.358304705392038,-3.038140521835181
4.647596539532253,3.078317293717497,-1.4275042159570615
4.983871051026337,2.0798172535483603,-0.10865128896286937
-5.320347193036301,0.966912873464822,1.3638831805019889
4.1766137726958545,-1.6640598343048563,1.9847615334449349
4.068337188883903,3.2869773757886542,-1.2138949599797886
-5.21137103423142,0.9997995466005243,1.4382505724853936
3.0864948742160196,-1.6025233158875154,3.0328013064551165
4.517980581411711,5.177462626538552,-2.8313649859579684
3.4341912905553618,-0.8895547505742946,2.7662216410778235
-5.344433228944626,0.9758673282139263,1.3666168038160285
0.7077782085993812,-1.2685560318751192,-1.47198207735574
-5.60101316447087,1.6825062709009773,0.9501330163298827
-2.880673172238339,-2.4765320818383088,-3.863530854827444
3.457981051932776,-1.5583262687816917,2.5622226764467055
3.127411215121908,4.266567337408093,-0.960443350195136
-1.1354558129247077,-3.3438326005027688,-2.7950960699694263
3.287242904453591,-1.8706156074457305,3.0373426657274827
2.657063313813415,-1.5161429543186633,1.6860497434420056
3.2265808130887814,-1.7922310023129744,2.9536075234684493
-6.641797833099466,1.3824472392419436,0.25637885370523006
3.462467955460726,2.2209613195480196,-1.1219315587892944
-5.603245617197643,1.6697653479627066,0.9344309601148242
2.4216062509995955,-0.8568142080793139,2.1131043502105493
2.6211065121098756,-1.80063392145682,1.4298699868705043
-1.95849683606605,-1.400598978386355,-2.745168027943215
-6.275889119014509,1.0846941043267861,1.1917521964561066
3.9837229617358094,2.075168925317826,-1.026310832347811
2.8182247306855337,-1.5255128068429271,3.129239896626644
-2.4659722774034667,0.03282463310391569,-3.0983699083367715
2.9595207217204003,-1.4845447715148636,2.73330235790976
2.930358810628437,-1.4749131599067733,1.9422879458697895
3.096211496029615,-1.6455912288320058,3.0452554780099526
-5.5977945830439255,1.699996930300708,0.9717437423824917
3.973897744026616,-1.793095513692475,2.422331713461742
-1.5479469932461634,-3.2021738090947127,-2.90714567311862
4.175974055763865,3.007020310231652,-0.6634834688879759
-5.34296313233467,1.0418598877138177,1.445080355556443
3.596575785784514,-1.8630877039797924,2.5347079191884974
-0.5841256126255387,-3.749066921520314,-3.282332167936944
-5.576413861452175,1.0259801425744115,1.350256704139622
0.9040691703235567,-1.5155927145262105,-2.2251478781238476
3.8112784697033573,3.027182368911875,-1.1322522672154427
-6.055305634395576,1.557411824481873,0.6542245530617311
5.02663370983842,2.3482549357827627,-1.4961042067355659
4.722278251167346,2.527247117143362,-1.1311671636735505
4.357329942863597,1.5456643958912655,-0.9496367288563511
2.8823347203304794,-2.019805972436782,1.585582608729413
2.9233082167488065,-1.4729134452308694,1.9339458388456154
-5.380222614654316,0.9672831939391662,1.3448124915066293
-5.365331869075043,0.9571991458829672,1.3377479067349727
1.0000087252988201,3.498238253695556,-12.962495225275223
-5.245909220454489,0.9927682421574398,1.4186886870272766
-1.4806793434523293,-2.0244717264237857,-3.079922579057444
-2.2477794313604185,-2.048822646865294,-1.2133266828020217
5.03255947598457,3.107216877203624,-1.9103276097416149
-2.3468371554659955,-2.958578721927784,-4.2303400453075755
-6.943268057983135,0.4116538367632421,0.16991788756635387
2.6832601141525747,-1.5181670156889968,1.655077388543717
-5.623360775927783,1.7104541041877512,0.9756550065165206
-5.636203553369218,1.6932329067941074,0.951206190344305
-1.3440839220815215,-3.3454511948529615,-2.6024510492870427
2.662302589249692,-1.8355225852272468,1.4540775902977134
-5.887133800136788,1.6124896567930245,0.7740719633442236
-2.6512409992410007,-0.664905755506545,-0.13302717912968706
2.8397184637649464,-1.6211180252137658,3.156935245391531
4.231955556431832,3.0623506453432885,-2.770903929668781
-1.8804757079421526,-4.188507430940346,-5.46152851475065
-5.605807786282981,1.6836126097178914,0.9498617373173988
-5.602358816593745,1.690226958013782,0.9587655643808655
-1.384376750900597,-3.3939647982129677,-2.5670077067203185
-5.658702673979005,1.6677399404283753,0.9138714650774987
4.350291282299789,1.844396441760024,-0.7621353408303229
-1.5754789967059606,-2.01576597132445,-2.7519278173077795
2.581973300837803,-1.7685190639698214,1.4055680187022286
-5.628991339938497,1.692087585545612,0.9522238092180475
-1.945441793312218,-1.2608015419554297,0.30620773117897326
2.630694848569002,-1.5278976140206044,1.594599690369087
-5.556542713423135,1.0083287682525706,1.3358716224985985
4.433785910370423,3.5670607640552037,-1.8469999161204236
2.411070266594288,-0.62678136169249,2.0839760343176112
2.692417028167785,-1.5167345979613802,1.7259621936656395
4.402043817026536,2.8258807680084366,-1.606050544524205
-5.7578780003525365,1.6534113462020485,0.8645278862575801
2.7669446370431747,-1.5111519121681696,1.8091840820047318
3.962216739181762,3.633420766923016,-1.655812111362301
4.275923989432472,3.1666274396957954,-1.020542324255894
3.407737401298356,-1.7100192044358047,2.7555476128524874
-6.120528371072363,0.7333283603705714,0.8271511893995108
-5.7404796853859805,1.6540202454721786,0.8709455649637122
-1.199085616532953,-3.3054736404673704,-2.8566749710810293
-1.309551149542332,-3.3634322506182595,-2.555158032704362
4.513392025584058,3.58843612448978,-2.5572045167919404
-5.745163681439009,1.6466061922782185,0.8606969948458724
2.8152376329895135,-2.0055825738934954,1.5666289977925545
-5.5293392290478645,0.9448344698085078,1.2697018246977736
3.8332476130662685,-0.0995265517458397,0.2354373558795715
-0.4071970481738549,-0.11323557638823491,-0.28909555632575246
4.07045300218164,3.4236470670026504,-1.3012120448807798
-1.1627353883950444,-3.3568884914468264,-2.827160188720265
3.4637154046555554,-1.5638215375693147,2.561071641817755
1.800294375214612,-0.01906838490527775,0.8477589599148047
2.954492971503017,-1.445208388243722,2.7203660725065286
-2.7508859545169013,-0.023261880594490872,-1.1788455194154726
2.841049958099472,-1.6269860689451412,3.15861542090643
3.283107384226599,-1.8727045153777362,3.0402024286775706
4.714599695223655,2.6387677274910706,-1.1676270164443587
4.213458094292713,3.1277079463294473,-0.921275263119898
2.615056445857759,1.4988616511480677,-0.9848415348380761
2.869523282225059,-1.526103484783058,1.9289195097476064
-6.123573126623326,0.7346761623832885,0.827751829000987
2.402292320282872,-0.6079137638907475,2.076930675693871
-1.4595300504572102,-1.9885546219129693,-2.9953161146329967
-5.244087979327538,1.0114762798850112,1.441389129625246
2.8022318600585705,-1.4549062556034307,3.1093877996667283
2.3905238545066836,-0.544144380203615,2.0588488088478694
4.757308901569267,1.51137789533044,-1.0778556351811932
-5.244876532919924,0.99334531800333,1.419707062521167
4.304084714088998,0.1001356652890668,-0.5658280679523566
3.296903883154548,3.3940405145417065,-1.1563274976698166
2.954263044836795,-1.4433393793019582,2.719787722920891
4.998768158598017,3.3429918839583386,-1.9898235962895114
2.837986281246996,-1.498304775835207,1.8369952885196945
3.9730800377448636,3.342889903129612,-1.0225970122489791
2.6437910107889313,-1.5261617871919397,1.6104721258574142
-5.340013864748852,1.032290238590667,1.4347325426006823
-0.5142099632231665,-3.806317334173636,-3.257327193023983
-1.1881288865346453,-3.309655780028279,-2.8691785926142646
2.95856733574648,-1.4774140480737414,2.730741052304214
-5.386917790480765,0.9527997539172794,1.3255162159315637
-5.718385302453897,0.8547127197141702,1.101612202625513
-1.6130413885012842,-2.1130065527250887,-2.6676271949086137
2.1170032891687818,1.8434326700419676,-0.6304245900777252
2.8453866418636125,-1.4994916276616583,1.8450213946973175
-5.478015007297674,0.9233852507142828,1.2610770412104033
1.8073638274764805,0.013069272116827941,0.9078728014408682
-5.460141630268915,0.926562577384872,1.270655079631136
-5.223984863300795,1.0034427610170749,1.4384457403796749
2.5140614540854633,-1.5141486648482285,1.5243944470105932
0.16908447322039447,-1.0700641155982273,-1.5546251169589758
0.2280150246057391,-3.410343696235923,-1.0686096314418678
4.262090378925894,3.057960406400295,-1.0919276815459702
-5.914647778225258,1.7380016292177363,0.9125685240442875
-1.4144527072303907,-2.042485744252273,-3.0749610247599777
3.7602145039586916,2.8604113579213175,-0.8348943551463508
3.8881645923776773,2.519091749208963,-1.0977103393327903
3.5773083406970385,-1.752605255430272,2.496482047471583
4.127244727351985,3.330721480440638,-1.0253392619684067
4.456395350057056,1.4286581352176195,-0.9708495585547324
3.154940990528336,-0.5925863758834136,1.391394577235102
-2.6147527957615453,-1.1413841344417586,-1.0264867223270697
-1.5240397607768987,-3.5404334603836545,-2.502979507012124
3.9007472970139534,3.6683408632150614,-1.04219352702451
-5.388937493481687,0.9555440130193276,1.3281009900143088
3.79417701988969,-2.3746921822484546,2.7721334817376104
3.8246438873412876,3.212906901079743,-1.8682749264103353
4.461624698959834,-1.2182342777534367,3.726086356433648
2.649181120264152,-1.8242297340049656,1.4467490417147484
-0.6353758818138966,-3.785515285031812,-3.3069298407371446
-5.602799671308774,1.682157453629702,0.9491375444130414
4.001346211289941,-0.8568707436504188,3.016391123563966
2.5237746294127454,-1.7190217235249965,1.3718622881895528
-1.2618724139523436,-3.2893346810497133,-2.8331910378972416
2.794145548052241,-1.4987766496788595,1.7839854396832984
-5.913510580290672,1.650756956873292,0.8104026283286053
-0.89915794188463,-3.1231979449156166,-3.2924001219146746
2.753080918448808,-1.517414573532608,1.794322610174535
-1.4285793132647353,-1.9704265109530863,-3.0471663726061213
2.115674131459305,1.8440958192544628,-0.6318799846154788
3.0281212177612478,-1.4883745958934855,2.6283014869021293
-1.4124720558882775,-2.0299599830329416,-3.0590258608910665
3.3919486390077433,-1.5328170272836992,2.5138115551504927
4.181865635540485,3.046524688142079,-1.1883348719069744
5.060657474989167,0.4781059549592619,-0.5471027364829724
4.885525763685941,2.67871789711248,-0.26463240279372013
-5.987957302907472,1.5876788318926902,0.7118690112951501
4.337693529049762,3.0136941223170908,-1.069808036903882
-5.635421337111562,1.696384164887685,0.9551661644687803
-1.7108769836260838,-3.289198593535901,-2.411616813760614
-0.12439514664999615,-1.4433910874398177,-2.017676398624428
-1.4600611235911043,-1.992726036315498,-3.021891964199693
-6.861478323230489,1.3509789841134392,0.14739828761815169
2.4131752990476243,-0.6486630150595452,2.0909175458580864
-1.3226754880887475,-2.6572994373049554,-2.2487869582341116
-1.2056747784597224,-3.3268340269575334,-2.921866052653631
4.511895674738798,2.8623836347512994,-1.2495260842437501
-7.049207238977648,1.3183391768909223,0.04751264318988404
3.2636830702917594,-1.9053926702694572,2.978312949587567
-1.192604352887398,-3.396095256541597,-2.9450927787227568
-2.273396655121252,-3.6498020771566293,-3.028876530242965
2.588203379990236,0.6067613528382378,-1.501570476156482
-7.017083874296875,0.4649999547283592,0.21796319240717502
-5.571662659182491,1.02740588078162,1.3534894752182831
2.4933957281778167,-1.7198399041210979,1.3757009960716877
2.9487690562359976,-1.400286636401368,2.7056302633756917
3.6762480639036954,3.356607056280533,-1.2344816990082568
2.7888360036074777,-1.0089938911034935,2.5363371182983916
4.703352290953105,2.9363899289642013,-1.4236456909626165
3.6539239698903407,2.8675921172349046,-0.6927473851220419
-6.1290962194734275,0.7367878476864185,0.8284476919511449
2.5657384332773563,1.5042637745210632,-0.8705077728368018
2.3817031967279236,-1.5998330054459955,1.2873583109848519
-6.939939518627539,1.2924571735754755,0.052904235867149006
3.507298886066525,-0.9719013480050993,1.8558402706054773
4.175249653829884,3.647111502761859,-1.5117414240714766
4.636258500283806,2.586625774247633,-0.9790771343395339
-5.611035714299811,1.7059019708336987,0.9743442525019328
-5.810032045836841,1.6513641336635443,0.8450292375317173
3.539912326748884,3.408282139963643,-1.157020178770055
-4.6566829147066615,-0.138291902198751,-0.43069503584908886
-1.2460749598210852,-3.283412206395718,-2.852290250850482
3.568443028490336,-1.8511788646365361,2.681330953727955
-5.801908260696854,1.6394575629014314,0.8336980835445812
2.841833340067526,-1.6305914262260308,3.159456396712515
-5.280962283143766,1.0093862987068833,1.4269055755248712
-5.643080899742606,1.6974751535411672,0.953938099218288
3.5462205473030584,0.9863513565044428,-0.8363927252419361
-1.172202019021645,-3.3643413389730434,-2.8535015959702386
4.181992225195691,2.6063195668084482,-1.0326975925985038
3.2776816778252056,-1.1272465866319528,3.016372367173798
2.367357800873106,-1.6080155650420136,1.3008303035656401
3.68918948641899,2.9208495455700723,-1.2072995679312393
2.8760940312632646,-1.516140316256906,1.9324146229443282
-5.3743614332311855,0.9568979767783095,1.334450027974186
4.390656411336665,2.767206208424974,-1.5276337690745883
1.8040231071133814,0.006129849075432665,0.8924187878336615
-1.2021935129073988,-3.3176577505472964,-2.917094188418774
3.6637766678279355,3.4837354464494226,-1.549346548581176
-3.8702512044668334,-1.4637414171775425,0.4519419398361405
-5.615727331052949,1.6837141252323784,0.9467299300470808
2.1619332732238554,-0.0958460077736887,0.8719939652004217
2.786216999817783,-1.2350843654612333,2.741095450021924
2.6302968820769546,-1.5160288499295425,1.655949656691011
-5.421813169950018,1.0595815592737292,1.4403331915309654
-3.6951318868603154,-0.5417586230590722,0.402543066553776
-1.3844029719375943,-2.0284237467216335,-2.9856511508403165
-5.230157764610365,1.0065408129950715,1.4400954546492184
2.712847933189472,1.4358180400778933,-0.9534526146126512
2.5600012751055923,-1.5164759288214402,1.577950635378154
3.5968273634014385,-1.9735051461054973,2.7154083038431254
-1.7467980698310774,-1.896023173779232,-3.067248284088152
3.2275080890617076,1.4298162951008762,0.0425448906964178
-5.41625827257645,0.9453748354223617,1.3071828074599727
-1.3357286379909146,-3.3341387311408472,-2.608308291970497
3.7636858146812724,3.5058356613737196,-0.6054811610903894
-0.7388992009563731,-3.7357211563019272,-3.420726651808152
-2.3803372558346916,-0.6143998129290343,-3.5213904481978777
-5.739683418544394,1.1048968897143938,1.390321672367999
-5.2684331566983795,0.9247283049348392,1.3218739799436927
4.256259765489879,3.575988829882381,-2.04665194938503
-5.332037209190736,0.9630459417282671,1.3555049641684986
-5.8666734204205175,1.618629396471472,0.7879934341743006
2.66030062258918,3.3460298640902137,-0.8816131878966733
2.6400024602406593,0.8075118222998228,-1.9233374507007432
3.624758625243517,-1.190211655675938,1.934124691412676
2.9449243610053024,-1.3117625992025164,2.671554834605844
-5.431315983172898,0.9341808620847303,1.2890492811925425
-1.2469460353523274,-3.2796002542577027,-2.8590257574971614
3.7572184019825032,0.23079018748327212,1.5925400845577729
1.9847029917666086,-0.0414958021641927,0.8898902296923364
1.9388702937570643,-2.6562699548021613,0.5052577011997829
-1.2046895709410756,-3.311278293664039,-2.9093264097774667
2.5596867436315014,-1.5182857220322832,1.579383995034507
-5.259090500896593,0.997329707412101,1.419784200228395
-7.009721777859448,1.2979192269011337,0.03645372098569879
-5.2816789099490835,0.9946986103149378,1.4093155432076074
-5.453280186094054,0.9425424348045892,1.2917736485186682
3.9372780588345906,3.147288534167575,-1.357586976086388
2.7604725802602283,-0.8299665275492867,2.397791169295829
-1.2664368771812884,-3.2899607093971928,-2.905900245191465
2.805543606354664,-1.4693584398101556,3.1135189481210768
4.627162949586323,3.3091152209618917,-1.898664491906038
-6.970752925193959,1.30454594732885,0.05701333116820997
4.320188298371678,3.1317497984097384,-0.8535285266080679
2.787283009790985,-1.9806695026782184,1.5501731677474866
3.3654266703310793,1.097633351005734,-1.3193280245076007
-5.620384521534894,1.6979798733105982,0.961969636247826
2.790994036525521,-1.5084509371606751,1.8353282189709552
3.427013808033786,3.8452400704293273,-1.406548515286172
-0.09380067992485205,-2.9788669773273466,-2.459958023690478
-5.23705753544166,0.9995199206319185,1.4295509482788493
-1.2610146302886875,-3.273970227286679,-2.8245989848856277
-5.239795301702157,0.9969481907729083,1.4256200001419252
2.966552135689442,-1.4777268302299809,2.725839168192111
3.7822617011836055,2.9529023505126184,-1.4330564291338466
-5.622191673979304,1.690707059493655,0.9528298078024611
3.630900332611737,-1.6219727790121194,2.381576074542997
2.518366099361447,-1.5146693954217658,1.5298560311095333
-7.016395022503519,0.47789814085024984,0.23342931458331442
2.823832728423709,-1.5502133374446827,3.1366046531115623
3.014421564514141,-2.1311190824836657,1.6634890336890187
-1.4174367922164628,-2.0428385104778743,-3.0965659208957095
0.06588122411152256,-4.157475886001175,-2.715023149266982
-5.682972617558392,0.9940040486786028,1.2777529365950615
-3.837221940566198,-1.512849635403835,0.47906434076453175
2.693798827576165,-1.5185357003604727,1.6699173363615556
3.016984920729769,-1.5004496054744663,2.5245426306263496
2.2731447947952064,-1.5243706717410936,1.2449675163036233
2.399874951452651,-0.5837491779710855,2.0693718543440975
4.726070853766341,2.626924218221746,-1.493309401753466
2.8158193111955883,-1.515089905693391,1.8643314496439338
-5.279132296958408,1.0049875647501265,1.4223037551692947
-5.739121129371331,1.640182696967094,0.8551283987873434
-5.768325404745139,1.6336996079061272,0.8379375432450865
-5.265064570749332,0.9918910430058574,1.4114109903035932
-7.013234730771365,0.53512795252129,0.3020884648516491
2.786592397964303,-1.5001056409753475,1.7752135079580251
-6.020114251944762,1.6911524741824548,0.8229424146845848
-0.31272536581930477,-2.2579233690507015,-4.317788903296033
-6.122637071735848,0.7341575473909567,0.8274439720624497
3.75942600757331,5.243513003778104,-5.093773001548387
2.117220750049973,1.84313724380472,-0.6304491393816429
3.2696030451225884,-1.628606654548124,2.929672195470232
3.9841748048115257,3.6722169535170663,-2.0234132817000763
2.630142879627019,-1.515810200515994,1.6556797047129215
-5.261140358135587,1.0054667801430934,1.4287319095700994
3.58139420483298,2.817299139063194,-0.9997275646604626
-5.868584434501391,1.6337937645434772,0.8051895384582636
-3.311781870397826,-0.7939330320307507,-0.9553959929487466
-7.021981879756946,1.2555638450053337,-0.01734327959334856
-6.812960921105096,1.3375760655652993,0.1475466813191251
-5.659862499726368,1.7049062420139398,0.9571719256295081
4.107447158932459,2.889593670539903,-1.8560478948448742
-5.823100148645477,1.6354207555798679,0.8220083991102848
-5.325061192233394,0.9710403793994127,1.367224503090589
4.502369079698333,3.1833940189877783,-1.1640608247257391
3.945369482914412,-1.480364999175483,2.144845762644603
3.5632227612718803,1.038480023226331,-0.9141596909964844
-5.647255474513233,1.6803651023336643,0.9324608942575845
-5.464642529673012,0.9320017970417256,1.2756159184617628
-1.591344145815288,-2.07295837400032,-2.705548203855843
-1.197920612198639,-3.300869655223288,-2.8626916558621773
-1.496270696852995,-3.2051679560047712,-2.860447359902937
-4.267167414881829,-1.5572079003306398,-1.0818281016473292
-5.190108970482457,-0.9206076993051704,-0.2403556253646577
3.6363024326294044,3.467303090440015,-1.1634052942284898
-5.7931648279867725,1.6444037304114216,0.8423767255596603
2.451632577331918,-1.683086886729558,1.3505433216270133
-5.385130862669329,0.9518130668972429,1.32493249745544
-5.624334641069679,1.6913502863004934,0.9528834457240907
4.576665494537885,2.931180025610167,-1.3703723012201594
4.305025683122469,-2.0487690838263672,0.5161092138910077
-2.837750172424861,-2.230029580732648,-1.1572236733637462
-5.665001061696748,1.6837075658101481,0.9305733316457749
4.654940938379057,2.8928083717716992,-1.2791419984019585
-1.2596335513921637,-3.309721270238756,-2.9394621690169482
0.09077145816994284,-2.752931302940127,-1.8373809374534005
4.198796213371593,1.904003862972401,-0.9289914889985699
-1.461211061824222,-1.9780737931926455,-2.9659463513855653
-5.24042971524906,0.9927141780611324,1.42041015186513
-1.6136070784135785,-2.0691949675968533,-2.7040463883774692
2.787643888402186,-1.4042948415114735,3.0957131632945343
-5.589938934523203,1.6886202375307287,0.9609478468458976
2.9010722995074514,-2.0356408702050746,1.596630914265918
0.19353392420186788,-0.859958031269211,-3.458439900601675
4.107660331158238,3.5773077351819422,-1.6373067782079362
-6.4172270494471375,1.5314514831767632,0.5051009593508536
-5.662375762561747,1.670043012738546,0.9153742658740801
1.1841444901885276,1.0612753705687226,-1.884559945695108
-5.676394183153117,1.691466111214317,0.9359579315708493
-7.005574369601516,0.4748915024564515,0.23340181966319598
4.4608890407278885,2.5575698064350942,-0.7396861340551338
1.7826465959691198,0.25037070552374013,-0.4869828930535701
-1.6085539178758903,-2.0536477341707884,-2.7298935847443446
-1.5688812818361917,-2.0028747829871514,-2.7657665024873883
5.038738521517663,0.6930610012272211,-0.6618975649790132
3.6333006774651397,3.922785444173631,-1.9338269101857466
4.204797744558963,2.984163720070645,-0.6241782470292113
1.4814297764283204,-0.30319705074292,-0.9046491228821105
2.731969107437568,-1.518202503699134,1.7719646086699723
-5.438358584999938,1.082756978887355,1.4623297112718288
-8.002737912731664,-1.8879747345951894,-1.6775686040031232
-4.654806687714076,-0.13777290963391,-0.42928178121062976
-1.2027665020674327,-3.3542724261696724,-2.7586006312232585
-5.773087149031931,1.6406818716393872,0.8445827325127714
-6.979497525836332,1.2920349104829851,0.03944340043833818
2.70150350490273,-1.517264737575084,1.737042713110249
-5.286006091791973,0.977785375693677,1.3879197538931287
4.003089593989212,-1.8302166120194885,2.143820778147834
3.7426070728992826,3.0102215077357304,-1.457523314326213
3.7856331216476984,3.6792826792931828,-0.9320042761945007
1.0927314347038224,-2.850175036476184,-3.284970759839428
-5.607608468162664,1.7037106368688804,0.9728920344984948
0.24772915387498198,-2.394334873771014,-1.247139803309451
-2.4527723653994515,-0.9117991874023326,-2.5883631656791137
3.7277349239374735,3.324200156089298,-1.279629825222847
3.462376586155418,-1.5615537445660945,2.5609475855449806
-2.6310714887852282,-0.7052762653622495,-0.09133928847602599
2.7839495250216784,-0.9715926174225888,2.523686315881641
4.668253369909789,3.610772698970773,-2.6675763466714844
4.717404634189991,2.7471774471014094,-1.4428459391952349
2.8147952968553414,-1.9631678053475716,1.545398832127456
-1.5537026697952963,-2.0235262484487966,-2.74502575841592
3.561468773902297,-1.8305817173113792,2.6722044012306747
-2.0947446292029093,0.2833454214835074,-1.9880226600201387
2.9823031215882922,-2.103968879876724,1.6447080415411406
-6.121372311271837,1.5397221923172921,0.6117819690679628
2.043645578259971,-1.321986352489334,1.0984036723811603
-6.935794145708191,1.2909071199717088,0.05244112348315546
4.278260493212248,4.684543337051979,-2.4676994855784966
-5.633656256990663,1.6922689761193723,0.9509081384201752
-1.199876871070429,-3.2994153040280962,-2.8791014001361606
-5.829338279576343,1.6319675842647055,0.8159055143114603
-5.786428818968077,1.6689855438804662,0.8734750143644147
-1.4738630287189418,-1.992519468567608,-3.021426993407934
-5.685765450431611,1.6722604086398931,0.910314548177139
3.473884518107708,-1.3414842879824944,2.197071828167352
-5.512319947618987,0.968466794324768,1.303173526042019
-6.357776604573197,0.6849163927735935,0.6926455359868225
3.599209395442529,3.5508966336360905,-1.4436727036106973
-5.285191677071693,1.0081171444646264,1.4240278486687192
3.915573721661605,2.9563594952534324,-1.2651233114358056
-5.467224327192292,0.9293714844926013,1.2716665559845621
-1.611907818034602,-2.081643783152709,-2.698449454657253
2.7674778049866915,-1.518367261038262,1.8106515263708347
3.716164007024517,-1.768713419783543,2.473644074056925
-5.735883266038431,1.6436532624822657,0.8602682444949253
3.393950683772602,0.6874524271702671,-0.2294545203975573
-7.0528527932486265,1.2700225015150197,-0.01046834263163874
2.6839076012094294,-1.51836055499522,1.6562684915491734
3.209461827334346,-2.13811134891667,3.0338599528719277
3.464913981042065,0.6953376206793251,-0.32873125984206
4.083508439975421,3.3789560366356692,-1.1061943177555433
-5.250679479521218,0.9954322550204964,1.4202824254174804
-5.3477938693552,0.9907503836277041,1.3831093179116938
4.0710738691818245,-1.208755696436687,3.345637360026013
-1.1579487577856205,-3.3306830126007196,-2.7776366982305114
-1.4184907971086884,-1.9729838859597018,-3.044980165721188
4.199808688621925,3.6341197279621276,-2.0542359127529277
3.575397011583988,-1.8897668027165548,2.6937707706384875
0.3154253079711982,-1.4839090204525134,-2.8109142326732908
4.747960901827046,2.803354539097168,-1.3457409795689843
-5.318836923817817,0.9788902871681637,1.378528523771844
-6.029828651657035,1.5710633352619192,0.6786185044589338
-5.631919232247422,1.6945185435589911,0.9541212902765077
-5.360363252112367,0.9632938662485246,1.3465687033500862
-5.667979291146037,0.8932504442791198,1.1635748816491125
-5.658654101461246,1.7052688575117267,0.9579941333026929
-5.625787607989026,1.6800675164201735,0.9391470762258989
3.2417986806359727,-1.7759400403394143,2.9362211707938344
-1.5749988795320504,-2.0067870639907217,-2.765100375661017
-1.7691841151593946,-3.3011251361052456,-3.059211406765043
3.98570656389426,3.2751891443961956,-1.2627256478377984
-5.492411245148639,0.9156542574781454,1.247251126230128
-5.769177638513011,1.6683830643457611,0.8784206602659222
-5.458139294563989,0.9813884689040293,1.3360954463736752
-5.394976331673512,1.0475344681405891,1.4348402614996918
3.2416733332740746,-1.7052792543629498,2.993336714025876
3.4917556590892764,-1.716417113122557,2.6070503131675804
1.7183161164963958,-2.9254691592499515,-4.388191571620933
3.504080518955442,-3.1174061022928394,3.3724793658421897
2.9547283318782007,-1.0550534330181007,1.906167403216242
4.478184122411707,1.8163654104749802,-1.1810447804212032
-5.697943153419003,1.6641603027660992,0.8968036700910763
4.571520319287084,2.827619371741114,-1.6974607863118631
-1.1682566627317301,-3.351568753602552,-2.825502240548509
2.7585928350694395,-1.5168750319982964,1.7999411223507966
3.344903788705742,-1.8720794078260323,3.005935445376263
-5.642174601043764,1.6977471151645078,0.9545547549731774
-5.397079955976335,0.8869077902566445,1.235273938713805
3.8628191267402863,3.5664535486437927,-1.8360366870648186
2.674779501309096,-1.3966122572832385,2.6600722826904084
4.022732803328685,3.4237255142461027,-1.160240687057099
-0.8002454245478383,-1.0969965783361455,-3.0862802522295802
-1.431783721018718,-1.9979607942948232,-3.012976708281234
4.5991596343533505,2.9264266745259957,-1.8894719272726803
-6.129907561957263,0.7370926008361129,0.8285434731358653
-2.9563967026542484,1.4692705795159515,-2.6925263793297547
-5.610291103257047,1.6886633559993518,0.9543281948157942
4.0085565521210595,-1.6428288426788817,2.6482798869699318
4.200001178171999,2.943104460909425,-1.7007754814324634
2.4116400814975227,-1.6250441235519717,1.3049958441586864
-5.225091813978069,0.9990151182329603,1.4328530828517032
4.5054310988438715,3.868296149252904,-2.3421512653610232
-5.315155411690676,0.9743341697290688,1.3743441397959826
-5.38137598551523,0.9693865381132367,1.346922246088119
-1.2010858296006817,-3.3995851658752376,-2.9781149759352634
-0.8596756179130731,-3.874273782447046,-3.9055389821215303
3.792642276532136,-0.0336002593411613,0.172661533051256
3.2414072608089066,-1.7736401588264834,2.935462195140373
-5.922320011620392,1.6444941565801905,0.800154877494354
2.8836359392867585,-1.4785202414544614,1.8879851384391833
-1.19097996255841,-3.2996933211522133,-2.864325017719819
-2.7985375504653494,-4.030491763465171,-5.216524441032945
-5.683547960766936,1.6764896958156061,0.916011871139352
2.6372491154747864,-1.5262164740785376,1.6015924712561445
0.7213513017569123,-1.8486235104058744,-0.008559030065144337
4.611508339682029,3.0630659060773064,-0.5744066527495414
3.450065398837489,-1.4764875124984553,2.461367018934768
2.835401968873312,-1.0241117538150928,2.432874832713541
-7.0494711345820305,0.6211209049973894,0.6391295201613759
-1.365425903723039,-3.1802376709840963,-2.815622214083428
-1.1579671789038362,-3.4112285048443893,-2.8551702323501194
2.808892131935793,-1.1361705844598493,2.5784235516532363
2.322663503533892,-1.4338671515537,1.045205236152419
4.084989825952037,1.257206152362909,-0.7071708370793306
4.393323622160782,2.400126826956607,-0.8842985426826689
2.019759752455878,-1.352179487021981,1.1212368024541217
4.854048691231717,2.8099716134189014,-1.2074605302025714
-5.4057938750077925,0.9488856111226829,1.3147408586412768
-1.463406733798286,-1.996600414400128,-2.9954004908550655
-1.415295595305128,-2.028995420875088,-3.0485403373039923
-2.419200384980174,-1.4062301862877793,-2.905121501082128
2.7912987522662007,-1.5236359509337403,1.8383625473853247
-1.3675601712334908,-3.413696962684661,-2.546426953142015
4.113912625144772,3.323726810157326,-1.4587062337754564
3.487534947523398,-1.662750355668822,2.520429188760121
-5.297062742926033,0.9946872103452282,1.404289917830851
2.2626803394847443,-1.5151522085988538,1.2386437927728555
4.458002935726009,1.9864633163476464,-0.9914421351199741
-5.643770270579677,1.6938788214484264,0.9494854569085887
-6.572435862330594,0.5991821696008706,0.5213958522570888
-5.498645644636276,0.9317468751559899,1.264236139534428
4.066933870990908,2.9973363110211655,-0.5160307276897925
3.680628381805666,-1.43360832870902,2.571047857978664
-1.3798849148216272,-3.4167813440740935,-2.516697608549109
-1.2519854488631148,-3.2720373821072806,-2.846198699080014
2.7938085873817147,-1.4209283290367458,3.099516976554619
3.473341469067321,-1.5785503052307903,2.493484471459395
4.56750371171994,1.1868254522413344,-1.0012408169795977
-0.6134594452452087,-3.7228936668944344,-3.371801671634558
-1.694794441313808,-2.170287023842126,-2.6847311954861044
-6.455365803007603,1.4148120957791672,0.35552025200580695
3.6188173919033524,3.594451877396892,-1.7138924838223357
-5.731933471019945,1.6534881325745374,0.8731211158163089
-5.254659134765908,0.9816357104144906,1.4026834086448219
0.6729129118263911,-3.201414096568039,-2.2520180953444924
-1.6160096813190064,-2.0617081361571388,-2.724643147189196
-1.2455456292650429,-3.292879085415947,-2.8890732753875326
-5.905799010275639,1.6311057469528691,0.7898339775981839
-1.5719471482204506,-2.045240411914319,-2.7335002256103125
4.558740508516792,2.4569206739998335,-0.870082348916579
1.660094529909869,2.030078105397986,-0.5661206308602249
2.49409256212651,-1.6942177852535267,1.3542049962448677
-5.622686018724127,1.6905587167900142,0.9524934501179756
3.959458509175277,3.2122167508029063,-0.755149655855679
-5.68521005744027,1.6848330586864853,0.9252729498849492
4.650135909219722,3.034935782498934,-1.5134889864574608
2.790652954743691,-1.5232049701407684,1.8375883515833524
-6.496595719922314,1.430285171298622,0.3601894123745508
2.3584518734961932,-1.5812566203981544,1.271946908646513
3.9216079610457952,3.153146969202876,-1.4284442357740947
4.942410974874055,-3.48011432869755,1.8259862698598988
-5.305655767018659,0.9797104587847212,1.3837922870997652
4.85234377473807,2.562907399949701,0.4017621425068715
-6.20252746278432,1.6364140165391676,0.698826429109593
-1.5282628741736344,-1.1701915540929364,-3.1359896411179107
4.660089783234039,2.903106251712763,-0.7488284884393572
4.005994726542987,3.4668520475012423,-0.9469899730259279
3.4762042176057224,-1.5968599208756502,2.497821742483064
3.5724846027892956,0.7798817146744117,-0.6766322939835299
2.534343628450072,-0.8522128260813986,2.1793013182628793
2.7738898679210275,-1.3968639073313773,3.0968840799854656
-6.502530913814064,1.4323820607981528,0.36070866797595635
4.100533819750772,2.8770877589884907,-1.8732049010950504
-5.61921608241252,1.6864132678557473,0.9487586839489224
2.976744826548651,-2.0990324509087963,1.641864319877908
4.107356138426752,1.4770214738274956,-0.7872184358013007
-3.149721855661797,2.2213582725867482,-2.8287693273065453
-5.987929544746048,1.8274839397306426,0.9937207094712444
4.783063204771833,1.3909559278650028,-0.9054468852633383
2.8033889421743714,-1.1278014596642993,2.572414437475566
-1.7608216407596013,-1.8977420884083753,-3.0856486639490712
3.454878583381394,-1.9566068344311387,2.8341210422082157
-1.8050297319204762,-0.6245725024202974,-3.7423039820664328
2.794290877987366,-1.4220579932884596,3.100142111999852
2.5674150791887422,1.483599270282637,-1.0489029533977987
5.01185602942511,1.6707135019822992,-0.7972029028791204
2.0159830463579,-2.045632799877288,0.9718197414924805
-5.5998645762009565,1.6986932501306908,0.9695331511061023
3.227676011372462,-1.6946858584500348,2.9099802833415027
4.991207244559634,2.019353358875222,-0.47926142043568104
3.6799084246688016,3.053583854060245,-1.4664373000512663
4.221986142743173,3.107881197721603,-0.9229533522439975
3.754633467709486,-2.146196442614825,2.698099102089524
3.611012242151238,-2.9762744172784252,3.381383211089582
1.6423126950101479,-2.4379826415337127,-0.21800358791736033
3.2417947727336545,-1.7759529259571836,2.936211085333986
4.532800040647676,-3.90516601716397,2.40208336701715
-5.254967507200226,0.9914572152413399,1.4141881321280956
-2.994324531495751,-1.3112501445469198,-0.42320810231210226
2.7432181043899555,-1.941555765868975,1.524026625295678
2.8622831689858836,-2.752973081085211,3.1971929046777476
3.2559714137904505,-1.7521579064772124,3.0018998360346636
2.1420733111928936,1.8521834174110694,-0.6651439596783957
4.951373442221562,1.6541696684941358,-0.5903316864630564
-1.4338177322545362,-1.963861385672565,-3.0512647879009713
-5.6663104737458925,1.6824701164177966,0.9286898447061349
-0.930188592859831,1.7666890964157709,-6.472002674532931
-1.4623352243863834,-1.9934274896922326,-3.0179101577319902
2.525274310670077,-1.5179009163176165,1.540606958863501
3.0096862681774077,-1.3467665013499928,2.582005907304454
-1.4139548245809046,-2.920317274403659,-5.376741787978316
3.2500645539795014,-1.824727577623087,2.952034529964392
-5.631504310219037,1.1373592180276866,1.4639279456561483
-0.5763523016668699,-3.7232979927487517,-3.3399286347351294
-5.460745059655822,1.0009982133037916,1.358419772977018
-1.3099565826559332,-3.144118720534712,-2.760534031838215
2.8078934838603202,-1.4806235896033448,3.1161382322569446
-5.971081510186276,1.5730751005947141,0.7002367328321387
-5.288197864007135,1.0086339206776778,1.423659105430173
-1.4158584331115052,-2.043721237420416,-3.071678717257084
-5.277956656763789,1.0032284426481572,1.4206080131434267
-5.651972686550381,1.6770258340312703,0.926990365211614
-6.805220493711295,0.5459574923056913,0.38265727936726623
-1.1840986053246063,-3.3334829395363417,-2.896817442839127
4.17510939950828,2.8786397659574576,-1.224940496197414
-0.07736879462762822,-2.614078377414168,-2.1055167008065214
1.7712252098027752,-0.07996560823460765,0.778883282043971
3.6128085826299254,3.5836285612854,-1.432560587377178
-1.4197248921039207,-2.0397732998828233,-3.0734375050940215
3.0784623598646337,-1.2725880741624944,2.1975778763964806
3.307127032314096,-1.4400068203025873,2.783841533397511
-0.10583421688011249,-1.0493041002670616,-1.6407822527770348
-1.5705337077237524,-1.8605266830305909,-2.946783044024944
-5.674817534200831,1.6905340823754749,0.9353792468939786
-5.509022419912644,1.061552213528099,1.4142492489284895
2.6421962052211163,-1.52516577394937,1.6072047322947323
5.160147166892874,-1.5477162157290478,4.5164145131977
-5.614934924484987,1.6987313851843888,0.9646388904689014
4.663870685502164,2.9405857383092178,-0.6719920273429604
-5.57754078557324,1.6931151197030916,0.9702938428202812
-5.72436110084312,1.65144248595431,0.873198749547255
-5.7009741024095755,1.6840901823388679,0.919233480036729
2.07614779191144,-0.06644821425765858,0.8907421426552039
3.5058534182559096,-1.7987961088542677,2.634826820614631
3.7687237407238943,3.5290122485934696,-0.7310668055614258
-1.382875520567968,-3.390538178481697,-2.5753034980474836
-5.4446083442762605,0.9331427165553361,1.283491584402305
4.798405350271942,2.802898799646862,-1.3583884744561774
1.8960912043428768,-0.014316590837325742,0.8988662625345626
2.4215124576529727,-0.8307815304059529,2.262772017129627
3.455698095194554,-1.4843541331003647,2.4587951505725507
3.726999069495088,-1.1204458568699078,1.772005507498693
-1.3753110633002874,-3.4807307382143997,-2.9082465380530977
-5.255688096927339,1.0089302491818488,1.434601088920448
2.9383694863740355,-1.3201677670890155,2.679375697531284
3.4125334908488907,-1.7179104387615838,2.7571041241418457
4.996735108228505,2.724816322516438,-0.5488722894132431
-5.3235714292992755,0.9939925087663948,1.3948323310461241
-5.664847475338639,1.7054696077146767,0.9562003182097156
2.806266150647747,-1.9982235117377614,1.5605089614475998
5.150908966513613,2.2403927054461006,-0.315348743898171
-4.3087112412778845,1.1093053905359909,-0.8103516653410064
3.25664190645941,-1.7550718194642188,3.004820543473283
-2.3594004357777183,-0.32788990971223175,-2.364683383372948
2.68786808625814,-1.5184475998646578,1.6617061556384627
-5.640152830530156,1.6939447422125582,0.9507484869365597
3.5064070787318506,-0.7178506730421019,1.7214496503624606
4.81059967377214,2.700770245580938,-0.4470694983032939
2.075968780160774,-0.06644053809881358,0.8904206513153005
-2.621235963469815,-2.308858981735765,-3.434110846509563
-6.683640391360794,0.5720872526129108,0.4531464649230931
-1.2032243965008214,-3.314801003418293,-2.911134683112827
-6.601231962354136,1.6696567546340262,0.3125811230225453
-1.4601342452229098,-1.9789040674805602,-2.972300489231945
2.6260022218726795,-1.5160015448616555,1.6511305686432298
-6.592523125219064,0.6068385906607188,0.5238987990401068
-1.1936245053862204,-3.2872600438189745,-2.8452117168288864
3.6062312387237037,-2.0290551655517484,2.7334935409453203
2.334745611181743,-1.5789865512917873,1.281644265499946
-1.539791038033944,-3.5170560092529892,-2.568905265732718
3.304676185719089,-1.3109420570465509,2.674875618788351
2.482105790798611,-0.921537063094342,2.107016898751515
-1.4372481256631835,-1.968564318430197,-3.078889542476522
-5.310574832617852,0.9906325097790596,1.3950961411215943
-5.80643446915859,1.623654374597571,0.8136418675794669
3.560828204033358,3.4570156346521603,-1.2450799270247124
3.7468924379385475,3.0253228690366063,-1.5404503882558602
-2.383783482997271,-0.8929889038495833,0.12338959411664634
-6.829582160376552,0.5302046401717639,0.3561048869327399
4.454658951113177,1.4950973326867887,-0.9173351927730243
2.9133190471875827,-2.045823469201077,1.6040041699341756
-5.601204294298857,1.699684700579411,0.9702593034455183
-1.2227794675110093,-3.311198199171496,-2.926620111867653
4.3953908311730565,2.57859078181918,-1.3028438423715993
2.8473309197507475,1.5532244503572528,0.30677709437612793
-4.176066210661421,-0.1781865747754117,-1.721135576919466
-5.2436161636171965,0.990904799706148,1.4172338959708466
-5.616838571986448,1.6911224039048909,0.9550723591610295
-1.7438870895086898,-1.9203381782110402,-3.0727302007618644
2.721964935447138,-1.9228633637095967,1.5111877013385802
-5.622219137576239,1.6906988182323408,0.9528111212644339
2.0732876267173417,-0.06954267616903477,0.880766344051039
0.9435347145189691,2.8553622269417263,-8.871683462101647
4.983617714613254,-1.3777760812455724,3.201314576044077
-6.556547602971743,0.5931769292836919,0.5194766098852818
0.03313906886374454,-3.0515560387434895,-2.4842637727783843
2.6147837956769773,1.4990834018897692,-0.9849797282564097
3.32977661470532,-1.6233819178632398,3.0597524840648433
-2.776903371790604,-2.4016340189786733,-3.6151452802623005
0.6028552166052338,-0.4985681048731365,-0.08475516568542726
2.8384581820426673,1.684332649651777,0.08982978766109777
-5.858467587774183,1.6305244507431986,0.8046627725819885
2.403637208918552,-0.5688625871033248,2.0661850742348906
-5.8167953938476105,1.616077849103144,0.8013420524944997
-1.812404884095773,0.9173307280486434,-1.897296399170657
-5.361476090361999,0.9533754268425287,1.3344859898088108
2.432543761604615,-1.6425878425679774,1.3175365114808195
5.743788398129672,-3.9251523504684074,2.0948125635352035
-5.442887162789181,0.9370241693105426,1.2886389488642473
-1.3055761396015868,-3.313353333719117,-2.5979019483746906
4.054638319521343,3.0354052097418553,-1.123543263788132
-5.487376335751093,0.9595060369716233,1.3007110695237936
4.2031024426213985,2.8551604470877834,-1.1977442255270758
2.738225095463776,-1.5096398920398437,1.720244601709634
-0.8688944832624006,-3.5645219088446427,-2.9803172963610582
-5.38187778005829,0.9530778027639926,1.327486902247185
4.360705143029963,2.772946413198578,-1.5840576908501915
2.5627261040379143,-1.515290622043582,1.5798233930952208
3.5472230917997662,-1.6177690942893796,2.359404393466529
-6.99449394359663,0.470729489381021,0.23209377668844525
-5.3155356841199,1.0157104623150301,1.4231148622586638
2.9207616808847243,-1.7909895619399392,3.218326616456675
2.761184002217873,-0.8312453916917288,2.398021879298881
3.8354537613861037,3.4008227554058323,-1.1037392528363672
2.356682864963176,-1.5791788284945683,1.2720134780264734
3.423790755328326,3.189827847657073,-1.0458131694780786
2.710858214722692,1.4259392917001543,-0.9500960627163322
3.7931837172740495,-2.368882933628545,2.770131489309821
3.2198800848259674,-1.6631479214090157,2.9004311769757423
-5.226474732754881,1.0038769631839477,1.4381475936512544
-1.9876437100959614,1.4113039660876145,-2.2381677253452446
-1.6362479642895964,-3.2132703322468434,-2.9486672099310076
-5.664277958364191,1.6774710889339737,0.9234807455358374
-5.398817827524408,0.962484137068409,1.3330829926067524
2.7397167495294763,-1.5083079276800835,1.7207254400375176
-5.863948276002367,1.690512012147531,0.8733696306863871
4.2784055884790835,2.0120571397531974,-1.0616071808270349
-5.291039356556406,0.9837029399592696,1.39327234351845
5.6184788490122735,-3.3270184413541832,2.012134134610302
4.785101840171176,0.6768057889962904,-0.35746061070507634
-1.369943654851056,-1.8817370435332923,-1.441808942089308
-2.5515349857708474,-0.9020593182499222,-3.135428827224843
-1.4367767346954265,-1.9795360517161993,-2.956911215747706
3.8496831027153102,-1.3705010783151699,2.1738615285116563
0.653641947017498,-1.8105346779488989,0.21929021253643358
4.54125577730159,2.5701642804068987,-1.3068870035997397
-5.36684833618298,0.9979074033454607,1.3853589051344326
3.4109413538937754,-1.7398708889587273,2.743036179771506
-2.77196378125869,-0.8308031934977177,-2.1841341232188975
-5.705754170204071,1.6911350943593275,0.9259467205864758
2.6936933589073053,-1.5174361802637808,1.6684870517186914
-5.723245395773607,0.9018355734462382,1.1557142947995436
2.7940693163371533,-1.0104294746493014,2.456156178200495
-5.825372809054687,1.6364670988677368,0.8224933164146863
3.604718499223117,-1.5615091408095028,2.3320746523141795
3.830891505930858,3.7527256022707185,-1.1585579430309376
2.9959118283948385,-1.3693127514510361,3.406258180794546
3.240458472676728,3.9737352051058665,-1.5525576293963899
-5.621384017006656,1.709463839437798,0.9751390040462626
4.032016848374013,2.7824954219356193,-1.2218532379661402
3.3652919073728804,0.3641701058986095,0.09132148424638385
4.07322289033792,4.261041359207226,-3.0212561123227
3.961822551073896,3.3190454228788457,-1.403879550906922
4.688775054506397,2.8483715787274493,-1.950923517821641
-1.2888267941347735,-3.3380118974560804,-2.5725660136914477
-5.476939154594514,0.9251523355822684,1.2635156683407098
4.695948225860676,2.5731171636499193,-1.2728262792980178
2.918677400716763,-1.4842990822754114,1.9315468319773712
4.435734235841743,3.9634541234906426,-2.114438040015582
1.7915297303434683,-0.019410793891728076,0.8733426579019584
-1.4435628223283288,-1.9794435787973028,-3.0982416337469307
1.984750978069959,-0.04141823495984866,0.8900966772226057
1.7892646816699325,-0.01010769232195498,0.8633911074340509
2.7248232353976696,-1.5195269264980884,1.7648744802644551
4.008864843096417,2.52158345996379,-0.889995763079308
0.49365604481098935,-1.5067946732482251,-3.494711771437772
2.0733748432890042,-0.06939716353293914,0.8811478387927204
-5.673737389571893,1.7050137165050057,0.9527510215323309
4.260019271101662,2.982772257751403,-0.7107115455204961
-1.4077089635292472,-2.0161017881482377,-3.0190027291098906
-1.3772488044997682,-2.087550451134075,-2.9905025354250436
2.6426556457365615,-1.5167971165518945,1.6704979477022686
-5.489657312602385,0.9204468263386243,1.2538115337248756
-1.8280389077984724,-1.702085494126051,-3.0477409883052973
2.5760303585365594,0.8431173253181159,-2.553404882987683
2.706221912560428,-1.9086917313547818,1.5020436878913501
2.0569429182851935,-1.4143634739585855,1.1698111350562996
-5.246522088940444,0.993406712745732,1.4192434548774469
-1.42797844407695,-1.9668008241719277,-3.0530773023989703
-6.203316427104796,0.7139869021977283,0.7773223363238831
3.27655988323954,-1.8432755830498988,3.0296491779975874
-0.13264151318656367,-1.46619309921928,-2.004515517323481
1.9812375096227501,-0.3147616638046533,-2.2853510159771644
-1.361487457170534,-3.4252761633358495,-2.468897480187763
4.737351329685252,2.976288932448856,-0.6904964918440266
-5.700179644573976,1.6568635405989136,0.8874951632694154
2.5411706717719564,-0.9198609837284266,2.2006275610115877
-2.4988031675377083,-2.4074619898186573,-3.6251186668824817
-0.19036844159343788,-0.5955383315776634,-0.9630245755225102
-1.761121365732906,-1.2148223686207702,-2.775020986588997
-5.514880436873358,1.020830761664926,1.364219100685479
-5.598403007411529,1.700525309233372,0.9721653303242646
2.2651867010497297,-1.3843917258906973,1.0539196485124218
2.6146809321460993,1.4991820974623575,-0.9850355924815648
-1.4070818927399824,1.5778696711189726,-5.216079398980399
-1.40107905983151,0.6288499363585269,0.8241830408976644
4.222308507481135,2.9332498833109724,-1.140517910327344
-2.0457368494492947,-3.057454553039014,-1.6272456377421967
-5.780968975996424,1.6281422569313886,0.8272625105624326
4.43454207570583,2.7705345063342333,-1.567379845828
4.132928311399947,3.3743362255461453,-1.4665416487104808
5.135851079437452,0.7639937012985705,-1.2444343272481084
3.473621147770306,0.10322185107700714,0.44598156464630717
-5.744157723179897,1.7413881190841423,0.972422995452247
2.3701324671566764,-1.6103710586099473,1.3026195361557815
4.411176368944887,2.742935731000891,-0.84535746239107
3.8105116640124743,3.3341051829458523,-0.916796957081549
2.615192872107714,1.4987466811250787,-0.9847728397467808
4.2838526072217356,4.690833842332576,-2.661084569872766
2.796967675125708,-1.4326847278435664,3.1031102090669345
-1.4488802881587268,-2.147020432589023,-3.31852225112712
-4.466690351143028,-0.3684766655777407,-0.0066346951134417026
3.4770432399271574,0.8463407193039975,1.168983094266891
3.5029037918519768,2.7343076259918986,-1.424415168889852
-5.348419261603863,0.9753603845784511,1.3647190696952771
2.751909900017854,-1.5083361270545,1.7374288189887042
-2.3365430497728306,-3.656920094718495,-3.205531049884921
-1.4971175683745435,-2.032454822535606,-3.0403217158932097
-1.2587108295039604,-3.0167395925590306,-0.20974579095173987
-1.1942016419902204,-3.342896191272193,-2.9178080186804363
2.6359787263912073,-1.5275306844869343,1.6013941316198066
-6.177689015925716,1.518398897265489,0.5682643191790434
2.737371846532107,-1.509254016621329,1.7186269997656962
2.832601040566423,-1.4979715646362461,1.8304777553617881
-0.10491639136246597,-1.637471612158563,-2.2121332182469406
-5.285968711138978,0.9909098383307029,1.4034407116825414
3.511987401386334,-1.1754226676855208,2.431862035786978
-5.622769216044406,1.6918200381953552,0.9539485783916286
3.2753747643700217,-1.8379939722488587,3.0316088945159088
-5.795867721483147,1.7736450843979856,0.9933878010108421
3.807048744059489,3.845198842184126,-2.503268227036314
5.1870335989849625,1.038334878870947,-0.47274194048039586
-5.337153919572686,0.986494115810947,1.3815461695977949
3.4068503473602894,0.34122226069419476,1.4200335338625476
2.7294111954484093,-1.5169363262879125,1.7675761873046185
-5.256453101869215,0.9952998575949401,1.418244849456307
3.0175082136174183,-1.4054217019351198,2.6011025782509196
3.4227039201175473,0.7354750012606206,-0.3215221233144876
-5.593555039173897,0.9728698542943448,1.2819103210219707
3.4006991904522716,-1.6833946433090223,2.7202855310811795
-1.386469569847679,-2.0232924184717347,-2.969165875848908
2.72668609479158,-1.5171190618123749,1.7645788173701613
3.3942318263406315,0.4813552143287385,-0.04795718845038242
0.08999042053303555,-2.753731674935825,-1.8334102066203648
5.1338580532709726,3.4525747189635276,-2.799249705783943
2.7123755515783103,1.4362587215691525,-0.954051987114694
3.2534212177185227,-1.741333408270997,3.0016460293808755
-2.511307124543659,-0.8897072528006409,-0.18327126615292252
-1.2937080847833349,-3.3343906982335043,-3.0201888724361416
3.0181335020932254,-0.49822502968969395,2.6090969426326938
2.049376036544227,-1.4064984588451526,1.14213644998097
3.113899105716154,-3.7503207654003283,-5.488376124267505
2.2635635997676524,-1.5161031186913827,1.239007596641264
-5.270853444761436,0.999354190390771,1.4183440574092405
2.7963425994165645,-1.084886131686039,2.4788335165584887
3.4546692805762262,-2.0714642943521775,3.205484726573361
4.838675945435172,3.470945412332209,-2.2904013288413543
-3.744351250584982,0.5218784647679937,-0.9663870451399901
-5.623619781019904,1.6902785139053593,0.951858107825059
4.930434856029684,3.398348788257587,-2.7781306388354374
2.6174654744413157,-1.529685014205198,1.5786039248849144
-1.4357289786149694,-1.9784362123171069,-3.084217979768163
-5.243508777648857,0.9915696466245958,1.418054491587703
-1.251927352601389,-3.2799659690428675,-2.8522446971816966
2.6888432098551265,-1.5172013465757839,1.6615803402859661
-5.827949507253762,1.618808191479805,0.8008949593222553
2.8029939734731038,-1.497734187787597,1.7948622646902983
2.637009544609555,-1.8472806576563108,1.4610065543993582
2.078034822544868,-0.06648302023430298,0.8929249774318945
-1.590677957625722,-2.0348346982705396,-2.7370414042221403
3.703521369996512,3.2300123017909166,-1.1103768857171137
-2.7155932929088946,-1.6120393210501602,-0.6785253219137873
0.9532785586968541,1.0659860100106133,-2.1104609776114356
5.912490719001459,-3.035206495396696,1.3949870856196585
3.454052069020791,-1.8416564609884618,2.3476514119385414
-5.292983661564514,0.9977386163183164,1.4092247702798517
4.520994655339894,1.8785310324705922,-1.0979325526286663
4.363883249234596,1.9322073530416586,-0.8337355023089804
3.4830242110813283,-2.127865492200567,3.0511388327724767
0.5368462960735186,-1.8430615633646839,0.139688232717911
3.768037693536989,-1.2654148618843053,2.246230567977659
-1.3744260038432865,-3.440538766621532,-2.503146862506712
4.8827620544910495,3.08182143999721,-1.8537905498789176
-6.639600527285163,-7.608210032519139,-1.6517712894355199
3.8027245936455265,3.6437854645484666,-0.9146991374381871
-5.301418838087687,1.0132286974480191,1.4247814037834179
-2.06859204179997,-1.171184564018211,-3.8637710158301837
-1.2528155426691778,-3.2636691403762454,-2.8366846770482366
-0.1353214011410657,-1.4377851857536244,-1.9961860893397867
4.27441657589047,2.7800924234388478,-0.8930201045628215
-5.647756676425684,1.6812814904129443,0.9333736303348596
3.43889831117404,0.8303064189715657,-0.5017027568632162
-5.26886008682992,1.0014817856031923,1.4215076905502724
-1.6247874258634478,-2.049353748632526,-2.7615552960292677
-5.38762865892732,0.9643123472863966,1.3388888977186548
-6.729406627250975,0.5487120751630403,0.41061322741693207
-1.4171460552084298,-2.039458637267465,-3.0909462441099333
3.4710112796007553,-1.5710215418179527,2.4835233265235623
2.629499284187152,-1.5293119737974645,1.5946188970964812
-5.734673733773813,1.6513386835111783,0.869696864091747
2.237891381427722,-1.4028419499060578,1.054381179709513
2.858362636758469,-1.4753073997065524,1.8614910056681249
1.7121368761142561,-1.8321520975184735,0.04867205097676377
3.239544465377837,-1.7037554099035153,2.9938083605278685
4.1067454930427125,1.5304168482660914,-1.3890105223676423
4.644817036108447,3.038008867186284,-1.5379395951605983
-5.618722427515967,1.6861332887761522,0.948591427641521
-5.352431869234501,0.9789645040038355,1.3676707371089334
-7.947232234442642,-7.99681695849865,-4.549290387590956
3.9111589094101302,-0.6919035333511778,3.092596581153319
4.872293039160224,2.635970027424344,-0.2728687177361933
2.3351657282857805,-1.5793595871981325,1.2818933864256405
-0.8139814184370551,-3.632050248012319,-2.929556779193661
3.2341729823342034,-1.7314038220873003,2.921723538464603
2.6232124767289307,-1.8028256265745237,1.430627627210529
-1.5868347587273142,-1.8508425682220344,-2.976171523646651
-5.285436507491039,1.0201040314087049,1.4381131836359462
1.8283267739729596,-1.6730915349140327,-7.363889754816343
3.057241343428109,-1.7443959970198075,2.7762125363857186
2.662813759230173,-1.5217389542759472,1.6313038450137765
5.139129128824872,-1.6015874873046019,3.18764599099589
3.585879335896229,-1.9092747748314243,2.694610116936657
3.153709574394007,3.451952115336008,-1.7816289188920706
2.4208056902444386,-0.7385700918291653,2.116004733433989
2.3957652243637066,-1.6332013091690993,1.3177297066730493
-1.5985956097311467,-1.1326171759814754,-3.090028505145891
-3.6720535911763936,-0.5712344421378288,0.32364299561143234
3.4942339968506975,-1.7197882385048877,2.460492223484314
-5.709175953748104,1.720455040153329,0.9592848931387776
-1.2160322030415307,-3.2994588218484533,-2.9012481150726654
3.343818439262902,-1.0756644717773955,2.140037144845947
-2.0991916022860946,-0.790013579941192,-0.051007922293018405
4.092623093994212,3.299633514205243,-1.0718650696230316
-5.680956430745831,1.6707760075508942,0.9101460731160477
-0.38210722651330564,-0.6615333730191018,-1.0863033744493606
-2.2049716105970796,-3.7958426410503088,-2.9579266412012095
-1.5445061993817897,-2.0311006170413832,-2.712840671923351
-1.2541791386183017,-3.276206151406653,-2.866737746874795
3.838635307926489,3.083098807400868,-1.3203633892418032
-1.59491522466216,-2.1053695225639673,-2.6496943015587004
-5.421465397554546,0.8795888652637802,1.2186835123744848
2.783473226978428,-1.5012087748787328,1.7722406814422706
4.715014195317039,1.1123815849403462,-0.9997582585081732
3.7636492712296374,-2.1947227470059567,2.713711738701934
2.8911819194823623,-1.4709111845793428,1.900888080125453
4.4747406620318255,2.445850221715229,-0.7545709947119309
4.169257369447162,3.552950913808439,-1.8754525207663153
-1.196627104559614,-3.3142209145008024,-2.8609975918313535
3.3048668469652736,-0.5924448811832399,2.5064646011973153
-1.3424572044848666,-3.367230299804961,-2.556195073617063
2.9178220632424603,-2.096541007001378,1.6276304803186847
-3.1766869142270986,-0.5921678064555413,-0.10929397089188672
2.7948409829114285,-1.057367698733076,2.5512496782215814
4.027076489078849,2.580639619036726,-1.0753241869840262
-4.096971768137494,-1.3093343907908206,0.2940055916624251
3.245750898573788,-1.7997754903870118,2.943520080458667
2.8248737995133433,-2.014213204987341,1.5722453680630992
-2.8650056084278535,-0.6627718158637663,0.3242711922020841
3.5543282194871795,-2.5038756039308603,3.0756684652376243
-5.663254671606102,1.6673941431441177,0.9119731576381779
3.8930015627419845,3.3809826898406943,-1.0998439822529742
0.5632531795056089,-1.8270739634367001,0.055956481656374256
2.5077516098636097,0.47420039185156915,-1.179751237669634
2.021173297884823,-2.0415053885055214,0.9612744542844973
2.7100189152926504,-1.5163322250476088,1.7452051558290544
-5.716654614714591,1.6824585395062934,0.9121768368389792
3.7664597222296425,-2.2022197672884043,2.707143912466645
-6.500901720991208,1.4320264263663285,0.3608246406051985
4.7220515718536715,2.7141604963451154,-1.1136279697492784
-1.0678238651338703,-1.9041135627808354,-1.066463605754495
3.60785238577775,1.003228932911708,-0.8963199663769734
-1.193519834522781,-3.2894830493679357,-2.8511355564638783
-5.8610320050155265,1.6320725037584047,0.805641733436428
3.3343836672153495,-1.8371733340562533,2.9973477641709323
2.1128693520068516,-2.6180881107185567,0.18321320920436193
0.7418990398841917,-2.632592921811069,-0.927625086026896
2.94560435385751,-1.3755674746548485,2.697547733906091
3.5217301995367487,-2.0577201750401466,2.646309231387801
2.9488633973763747,-1.4009777632564933,2.705900457038364
3.492589352909816,0.9084890558501657,-0.6689373904562184
-5.307409726991778,1.0014499640621244,1.4089104394049212
3.6928805064723456,0.7726537700669147,0.7006813180534407
5.104694854524064,0.7988409257749062,-0.8994338005268826
-0.6729108256050809,-1.3939458174982726,-1.3826958592993688
2.7411698228922985,-1.5091344055486455,1.7237448784371812
2.9216445107163183,-1.5156043425165775,2.3250714305534848
-2.8722201604215067,0.053921096007582645,-0.6966872659037613
2.794224228692858,-1.4217922012359145,3.100061752181589
-1.3350792819019988,-3.3314336526088932,-2.612639948791714
2.5462142614893724,-1.722540391762927,1.3629862855315817
2.615078805394225,1.4988500159129012,-0.9848312031153419
1.9803310728043446,-1.5117234579721717,0.8796476807854875
3.1885055556646718,1.3294428083227015,-1.297878513947907
2.633003508322484,-1.8112309945453036,1.4361337127250902
-5.606579683169072,1.6820226493417003,0.9477401988404586
4.70514991575305,1.4064513327024573,-0.7549859578957797
-1.585407304731257,-1.1156648302388636,-3.0471043681825623
4.534922609185838,1.682085148819434,-1.0332116745829694
0.10249853788025723,-0.45553769831040647,-6.8733560122594834
2.711839597529082,1.4247162505863376,-0.9495844940116929
3.793322355697518,-2.3695970396439603,2.770454542127427
-6.563107146759061,0.5955852817793219,0.5201850259308597
3.3704421486126535,3.5055773926326848,-1.5478504930876602
-5.736530567749631,-4.4824718489367585,-5.38693710617832
-1.4069288411825551,-2.0096012603584135,-3.020201754518523
-5.29076773761276,0.981652409775327,1.390937785563913
4.050020405594599,3.150360338270631,-1.008326756233557
0.5889390503843525,-2.207223276243805,0.08773649619696158
2.954751684044594,-2.080672933805563,1.628607991770896
-5.878580227249745,0.8251055540635823,1.0144326896550906
2.6875123839747705,-1.5190676451732625,1.6619453414799992
4.951890771219626,2.179832269465281,-1.2062807708752432
3.884293416569126,-1.3868609447949054,2.2672487142927236
-5.5639220062046,1.6854266661180892,0.965722753230905
3.9956911630332126,3.121963559378801,-0.956691037099371
3.9896828036610614,-1.5476539715195912,1.8906928762115178
-5.727133151344174,1.710666189639376,0.9418949971516251
2.5436905666645098,-1.5155054365171168,1.5592188169386705
4.159074494736409,1.5826114911021798,-1.5187096280229542
-5.684948437777117,0.8627330223949357,1.121983829324603
0.6410075329761481,-0.8075664851838669,-1.3937554075119831
-7.1060500315693735,1.3327122118163057,0.04577626123390146
3.845501599567372,3.329666194975342,-1.781882474710001
-5.263298437213236,0.9825242219457007,1.4009181445484036
-5.676574200625155,1.6602105362663,0.8991653507986649
-1.3076583800048953,-3.351482432026877,-3.07090510978195
4.5490297392166035,2.979536226073169,-2.054867629431981
-5.579944962643817,1.6904471442194815,0.9663704074119368
2.057995594149535,-1.3933303466796407,1.1749296606627655
2.9463631786608495,-1.3815436118713884,2.6994629401819057
2.8064329161216497,-1.1330564260915068,2.5690212282020957
-1.231413297303957,0.42569240982614676,-2.3791263758610524
-1.2708710022767569,-3.2831520892239596,-2.8821534685648253
4.866834963321487,3.4976443270424302,-2.029332805264432
2.4802452984590535,-0.9089416550983946,2.0993048832957135
4.732002572347565,1.1648634219438803,-1.0579532877879403
3.0158914752361756,-1.3928594919185486,2.5970606141103203
2.530498083376924,-1.5146805561442962,1.5433496023854893
-1.367540261095319,-2.12744696504063,-3.0966124739109513
4.0087660161773755,3.3672276962812693,-2.233148357469137
2.7084106215384334,-1.9106595655128804,1.5033729104974562
-1.6511954847341213,-2.104440704916865,-2.6940628073156963
-1.4500641988710645,-1.988345707215497,-2.980092772939488
-1.3993663897657502,-1.9980481977618196,-2.9813677508862777
3.7116701147595896,3.1088950455452244,-1.1986883701699362
4.021673953466157,3.247825398316044,-1.2050555987839588
-5.404909868414054,0.9425038720128303,1.3074878581385798
2.8989867266177933,-1.1035806850070689,2.4923285127632
-1.2359646257210088,-0.5240245066537447,-3.1661952137042677
4.112935093519308,3.5229072782981596,-1.5159436252878498
-1.9885398490000366,-3.6378992183185916,-1.440920926171948
-5.389157202257164,0.9554780829288205,1.327951497710095
-5.330131371590995,0.9830955316131034,1.37981802421215
-5.675960946325962,1.67520253892876,0.9169856422527599
2.957628226725132,-1.250993708498651,2.673127433846519
-5.4783024688956425,0.924142734292813,1.2618784672345713
-1.5607978017561568,-1.1119207387997276,-3.1248735885761048
-5.70889421365744,1.673316865145237,0.9039760822551114
2.958662029527119,-1.4778533452168374,2.7311439958474604
-5.590201429817639,1.691701047470037,0.964482487808896
-1.3680575661612846,-3.3724740095770023,-2.586178504301252
4.638337866885727,2.9068868836776702,-1.993161701295683
-1.0013027377433124,-3.3722565451027813,-2.9701856614158495
-1.4444153758577258,-3.4729935220704617,-2.5107777177001736
-1.3504624132029606,-3.365171522645985,-2.94405436199538
-0.9788408788137757,-2.8013273371323275,-4.636054406197208
3.6116934326612484,-2.06148289062692,2.74398291693286
2.0733845966749938,-0.06937029817081487,0.8812058799450776
-5.380706242437854,0.989436176036369,1.3708333684996186
-5.299166823139051,1.0139044808757127,1.426313699901628
-1.3975124181450844,-1.9917436350695055,-2.9634378397724563
-5.330426794507985,0.9800703714837358,1.3761469382097709
2.0739401500014787,-0.06711871168926643,0.884363030962593
-1.3591584309201588,-3.114887393932627,-2.7455292914294165
-5.8036461809063065,1.7561100958542992,0.9702297074129922
4.356175073105334,1.354534640624895,-0.980746447096485
2.8218970516613875,-1.5417446032258098,3.133898116940707
-5.295003786381671,1.0132129799739564,1.4268528665544633
-5.710508241817366,1.6700517958139232,0.8996097381351228
-6.053860862045377,0.759912653412786,0.880286496932487
2.4291719305317154,-0.8213099455624997,2.1467507151940555
3.8972966878343414,-1.5462767195910498,2.315054054684563
4.759819447700152,2.604859051296903,-1.56434454257312
-2.031110728282839,-1.8988390781380633,-2.306101678305263
-5.576530361549557,0.9613164961600766,1.2738040771126018
4.703122517555261,2.6910754303288273,-1.365409922567971
3.2274345104905393,3.7759848907205438,2.5828941433243684
-5.239627335046804,1.0087245045040527,1.4395906511458787
4.133377920684048,2.594365726107145,-2.0057469747823715
-5.694084030080567,1.666836684643111,0.9012139079391678
3.4734656216466546,-1.5811769320874682,2.492300924446385
-1.6237260290114628,-2.0770057258895798,-2.706539406850801
-5.575801582484915,1.690071748786635,0.9672872582386207
-5.705665808153163,1.6706603889557616,0.9019120357135187
3.9005981454424776,-0.05435350740470836,0.09430561872315549
-0.4343177651383329,-2.9867597551621805,-2.754736805727354
-5.411246047340911,0.9492819696649928,1.3134328368113772
2.5523519744254224,-1.515154990396497,1.5681137528491607
-3.81778811215805,-1.5757027089790898,0.4052032486264716
-1.1975245022981758,-3.298226124549672,-2.8507076239490403
4.246632871107433,3.8568172389154034,-2.065484277655817
-5.359425291704956,0.9620693624418211,1.345427337928144
1.8124260213326921,-0.01935027420743697,0.8559880782834405
2.3936508631276983,-1.6099686163590188,1.2942535126580368
2.8750588766975578,-2.0137060378420126,1.581239606729526
-1.5853351734184435,-1.1313952707081496,-3.0957923548676463
-2.643136756134677,-0.2043228374433559,-0.29459655862862094
4.443707094492835,1.7689517941505024,-1.0242326069978953
-1.2068888509648572,-3.3174165289962434,-2.9108126837353594
-1.4555288172119034,-2.0080686271898256,-3.0453594244099498
2.739214875026934,-1.5087958602160632,1.7206102105693208
-1.5874508333323545,-2.061026440226008,-2.7230679205089126
2.804582728010069,-1.1387253864974145,2.5749728014904574
-5.315724680804549,0.9951462579587753,1.3987522303552347
3.676987627445246,2.8953375024352526,-1.3449355025280676
4.06568108104694,2.8073998419737873,-1.019402766455022
-5.603179020899236,1.6836985948632952,0.9508243720645633
3.976680446660005,3.349181345026088,-1.1775845987504021
3.896061855861648,2.651983399998293,-1.2437681731994938
3.761141671363117,-2.1804689167539952,2.7091016395642584
-2.0040726915233,-2.0491763155096283,-1.4906150617487919
2.909885987742968,-1.486557280644723,1.9207624335389908
2.661630770210405,-1.5163912873911733,1.6912698235249444
-5.752042037164961,1.1011883221233836,1.3819127302558691
-5.256967466828354,0.9857504782499316,1.406793168147009
4.787785247817166,1.2965659846426663,-0.7010920493960802
2.937334726710668,-1.3125639809776763,2.676875658962867
3.438140593065342,-1.8050774988179126,2.7766052286978433
4.126427157148002,3.133010910003533,-0.7661242139303914
-1.2472639892962014,-3.2647156855625155,-2.817633996833449
-6.094032426831942,1.5525383077266142,0.6358046608077291
-5.583434079952293,1.6924756302473947,0.9676107789338071
4.543159338409043,3.0014097177542722,-1.471868021545678
2.6351024429999628,-1.812688947598717,1.4378977523939678
-1.32010901708683,-3.3393968988276526,-2.584095456650799
4.487938275476012,2.8079994749845483,-1.6818135140087271
2.755491376595144,-1.517524367604155,1.7971205435100537
3.770688649547286,2.7700043744152834,-0.8629545735742359
-5.7745664612125305,0.8364743504793086,1.0617557316811874
-1.3923369378479238,-1.9962746913678662,-2.962206163804398
-5.489517481990558,0.9213778379007529,1.2549572339243662
2.766165363324917,-0.8537362831297575,2.401360617451538
2.7597304382035874,-1.5174996624490824,1.8018275961449877
3.606981735219295,-2.033537262071843,2.7349050279569433
4.0165483097036665,3.0896951519250337,-0.5864889477678822
3.215427628742881,-1.657814999650372,2.8997052043127725
2.8034803445552536,-1.46026689377018,3.110917594049007
3.9642882959008916,3.3159087750455667,-0.9864887166083225
-1.3491664084190822,-2.146494299590516,-3.0828883215636034
2.1393854535306973,1.8547398772920998,-0.6665943723120831
-1.44038445310461,-3.3129393540128915,-2.2622826861708702
0.7275859238898481,-2.703141913865238,-1.7080395251042086
-1.4831685203814222,-2.0390233129114583,-3.127444287210363
-6.342146261319905,1.4729094393661413,0.46090320286149866
3.6022102230169355,-1.933623058817592,2.5549018781398822
-5.595709543033499,1.107900040847154,1.4407771337707456
-1.4357750297443095,-2.0033280136919633,-3.004412780849973
0.787226851643892,-3.6558091849171883,-0.31562868331092164
2.672023604560384,-1.5162902805966154,1.7029054698552255
-5.681347693423269,1.6617001952132888,0.899351493734308
-5.6376912785219515,1.6655091088780445,0.9181367539417169
3.9657032873897458,3.4600480284791226,-1.231073827338108
2.830053636200679,1.8156083304034651,-0.3754043231176496
-5.615171466658029,1.6880691241911618,0.9520303261677248
-0.18277837602378041,-2.8529231457355686,-1.0939572218147995
-5.708197119222981,1.6494623572059295,0.8761694406056898
-7.372276733416819,1.1682222410039378,-0.23479816083633295
3.432738146693834,0.7228914084831309,1.1600368530812846
-5.30410200104552,0.9953827618778446,1.402818428941772
3.895587628911583,3.2199077281632635,-1.109996169797154
3.6212729863415194,1.0226208441972924,-0.9379484431174328
-1.294713501783493,-3.1568132121892947,-2.766857089070028
5.187568304564998,-3.462581826150135,2.243984453274798
-5.243973190377347,0.9907976633090749,1.416990970976497
-5.6224873147932835,1.6807565566598077,0.9410385218594863
-5.6176722343661885,1.6914565093827338,0.955191800567569
2.822087748960142,1.3543230667267494,-1.0038633826507557
2.830607557224705,-1.488987634851059,1.8273910135165288
0.448299486579678,-1.794415424998205,-2.3502922763768592
-4.46630296193855,-0.36848336127006354,-0.006390786406190708
-5.851065950158694,1.6197296349759887,0.7944016565771314
3.209315675735882,-0.0024279711757001715,1.855375225061879
-0.1591263485942653,-2.9943271237447306,-2.5063394770353944
-6.120281198699952,0.7334025317223909,0.8273193682417518
4.070292633000355,3.3057775675939123,-1.2201339469797217
-6.130044879941935,0.7370513945295452,0.8284500404457295
-0.9759973791048215,-1.9898683705373137,-1.1764690711897272
3.199106590082054,-1.6511994295332362,2.908769142731231
-5.526618306944708,0.9343299251608945,1.2581749228343915
-2.346612752914976,-2.413295252310573,-4.029292302121767
-2.296949408595884,-4.217173703753362,-3.199786839109532
-1.2605622391200082,-3.2865115752483924,-2.891668090814187
2.712151075428267,1.4365280881143896,-0.9542477293581852
5.353169102213843,4.34923120836736,-2.059416168881612
3.251326799268722,-1.8321842765828795,2.954452987598556
-1.5565886747838682,-1.1156350437884157,-3.1093231478461
3.951984115174108,-1.859623990292549,2.4261406803870136
-5.608938810540988,1.6940772304803797,0.9611341196601375
-5.277041780760714,1.0006950898426616,1.4179124040524969
-1.2043636754102331,-3.3090369489400877,-2.8966859585321596
-1.5946514241339202,-2.5401323808674405,-2.9732145881057988
-5.2613141585266385,0.9938411543424763,1.4149373322255372
-5.414758411350687,0.9654282696628282,1.3313685742300576
-5.6823795228066905,0.8799539905852183,1.143170669253176
-5.242025694669111,1.0112026980171862,1.4417377400368558
2.5366750995369367,-0.8732532923301939,2.185901097463082
3.7995725508186307,2.850078622930986,-0.7375287219655517
3.4568829855079097,0.787451316910746,-0.4306954677844492
3.8623388074509957,-1.9790853815443212,2.3125823748162713
-5.436662761761137,0.987833135251071,1.3507083191107503
3.238107115381313,-4.1743457074622095,-5.2839598605670055
-5.405517744305036,0.9612893231849391,1.329488202553974
-1.2671456575029387,-0.9769025325790914,-1.508172071786295
-5.304369419791397,0.9737528829034767,1.3771715555303878
-5.664007426030101,1.6815799773710873,0.9283984732336885
-6.467555569400489,0.647283800153359,0.6124082644085974
1.0676504620977445,-0.3301587643104842,0.14810439064500283
-6.394350101233244,0.6556574409609217,0.6461542634177498
3.7535378854601493,3.3335770176366886,-0.9127092615542927
3.451118424474719,-1.4783995719780436,2.4622639294837776
-5.810092162413633,1.7066731255830145,0.9100139317572308
2.7732219760860777,4.457391002548362,-3.7917824579071
-5.349960186238632,1.0138507972173247,1.4097017196618282
-5.611349953770465,1.6856912789110252,0.9504882292284302
2.717205114297773,-1.4650582608922185,3.0288548485492917
-2.9812707829777203,1.6573284308049558,-2.3337881734892254
-5.3332871645096125,0.9634041255277097,1.355520927558266
-5.25310097403199,0.9917210770623033,1.4151080790555437
-1.1937649936772117,-3.2969247241673636,-2.8654800733710295
-5.589200837764362,1.689887565140392,0.9626791560141774
-1.4031553981782865,-2.0751535993913612,-3.0598446350843393
-5.89028785140115,1.640031371049223,0.8054076691898423
5.343771367290681,0.6826164252276986,-0.4190015966813261
3.610568537617375,1.0803044901243402,-1.036691107966709
-1.8133176054178777,-1.9152811941763255,-3.112200103444739
-1.70802218945103,-3.161772397881982,-2.31098335453302
-5.400352923407177,0.9597761594349024,1.3293828262863174
-5.625080796610708,1.6965706176260147,0.9587742382452193
4.2729822958261385,-0.136076318548112,-0.26433630626612836
3.245230907694922,-1.712031655405744,2.9953885941176672
3.2882291272612436,-1.8750632097646815,3.038518970901233
3.4009132669407838,-1.252797593273309,2.5073180900387184
2.14014603129091,1.8547406365010994,-0.6652531902171945
-4.142080611938629,-1.1062113665129232,-0.5375792789004026
-0.2925949374641539,-0.6412645307804121,-1.0194446568454996
4.517868663713637,3.022904699220718,-1.1680108274413767
3.906328019649348,-1.7892964121035013,2.7226051746511786
3.4695136994387066,-1.556362680961057,2.4861338588706148
4.172261505081221,2.6485068141275563,-1.2837283811399343
2.7666558802042873,-0.881006969360989,2.4967924561979165
3.028965453303371,-1.4948569656905497,2.6305025457893616
4.116338078363921,3.0778514063919173,-0.7533302075358433
3.767400468405509,-2.216547190653055,2.7207341890453223
-6.470990143643534,0.6844441768133875,0.6552023618334751
4.608538200330845,3.137164232026206,-1.4161269670575436
-5.244644648908998,1.0016646108629246,1.4296133192305682
-1.2118200887800048,-2.886166914697674,-4.830190292233526
4.269201116212442,3.304548978560017,-1.2463594594738245
3.1806123887428184,-2.89689274659719,3.502335946976517
2.060618934299275,-1.4016326518652078,1.153703702520653
4.556585404616776,2.932073831787332,-1.3377744241528324
-5.472980388659061,0.9207517886681424,1.2596056510141969
3.877027751294834,3.0801878415019646,-1.1907127554501287
2.8204753768502555,-2.0103082837893473,1.569636435505187
-1.2408031866427718,-3.277529869805654,-2.8429254578615164
2.6608983021340413,-0.08857431888665036,-0.4279990835980081
4.080640390375746,3.234198956536529,-1.271156618758967
-1.3619933587503905,-2.0504645581724055,-2.973591080008559
-1.6918904135656443,-2.1786612967486616,-2.6563163382869006
-5.726476560034798,1.67503226984506,0.9002298688652869
4.321881636248881,2.7848587197723065,-0.5543242864728564
-5.6026083321762306,1.687023140968643,0.9549185143206442
-5.496668978672379,0.9526973981500113,1.2896376178225823
2.812798688702036,-1.5012239516897643,3.122587065365999
3.84592289997638,-1.4418937853818699,2.5717591292838575
-5.827112600660295,1.619963585653105,0.8025271149828338
2.909261247286139,-2.0889420813004222,1.622550811081036
3.906686814730641,3.328192801218847,-1.51953988403671
2.6201552072255847,-1.51593938032161,1.6445449281951974
4.695082351136769,2.8519505272687864,-1.37974100755293
3.0297987890910374,-1.5014589233395639,2.6326177123598895
-5.455446567822345,0.9400530147660069,1.2881260855182424
-5.2540033418868815,0.9940642072616477,1.4175828741231797
4.768494960539173,1.4932341138864327,-1.0459911138769145
-5.525070028481077,0.9209997777314856,1.2429270381162256
-6.937104241507673,1.2913842521342556,0.052572504778589456
2.1619946251604154,-0.09656008754149027,0.872228561582768
-5.292659540727501,0.9928106289079688,1.403506946215843
-7.1538810045686345,1.2221458028554464,-0.09984700522821718
-5.69707567357274,1.6937393329343466,0.9318516666029935
3.9653434681101767,4.01045428851979,-2.2160642460124547
-5.811368663576457,1.7411253713968788,0.9500872882539453
4.4897156813011865,4.826891259279582,-3.2123844162795088
4.236842138549554,1.6532693667321388,-1.5747771075537984
2.7782575343591107,-0.9113946396391501,2.4993747675208433
-1.4667057220398252,-3.447951050136832,-2.600051562213752
-2.0823142091934588,-0.46240348950972976,0.2937894100743592
3.5629541424813502,-1.7017551313280568,2.4833380548605484
-0.545372434378786,-2.4012865511011126,-1.6006834382148842
3.909917531583585,3.1665479192468218,-1.3938326005920139
-6.568260105984392,0.5976693347735806,0.5209687067638605
-0.5754262587791812,-2.4117471977531872,-3.866053326675426
4.150069662944444,3.370847696381206,-1.6328938497507444
-5.273511971337888,1.0035816705894822,1.4224735257409578
2.9639423987107705,-1.5194690728682754,2.744782026604138
-2.0035741110401992,-1.4948350524486673,-2.5553124176484974
-5.706553186646313,1.7001207703034824,0.9362456626101816
3.453993608977056,-0.3513414307524387,1.5319414748915332
-5.381859748065689,0.9984055714450939,1.3810568631502929
-5.466320890833923,0.9438963168710375,1.2891247839707694
4.178936687116755,1.8341102678212848,-0.4243487458255333
2.0263102683279497,-1.3396540185633534,1.0562829422561255
4.134200870303461,3.24511386034042,-0.9078355318859501
-1.6220381613252293,-2.0914648987270517,-2.6731456533562876
-1.403944708514951,-2.007732291417661,-3.0006814000048254
3.78912316525432,3.7063423907602755,-0.9972762806661977
-2.5968203009607027,-2.9412966033530785,-1.8275924281611537
3.5465029623592197,2.9042982518145237,-1.3881511771002226
4.913415317880957,4.572094371231193,-2.895850118561382
-5.273478962957458,0.985606061167795,1.4012426678395482
3.6744481001757405,3.036543565884424,-1.4958505554975055
-1.2453611884267362,-3.2715508717190445,-2.836760497889243
4.097743472379081,3.4341207525025514,-1.1446792751047057
0.5941868440013344,-0.640387529506008,1.4942294928421034
4.095070511377071,2.803603020191326,-0.9413135633795072
-1.4433139025457111,-3.4936858773916364,-2.4311643077244365
4.012802242927296,-1.5072781041948815,1.9653683161883806
-2.36238502490276,-0.7662161327327635,-0.16807445825285303
4.3820144532668515,2.6736226727427543,-1.3311428872092206
2.261605327283506,1.3967139952589172,-1.47401808849908
-6.934493100666693,0.49872302195475804,0.2847223116697952
-5.688813168520206,1.6733950769898165,0.9106492471395545
3.3383191690720606,-1.8447155698500475,2.9963946140332887
2.775451897554903,-1.5025938441265385,1.7628950757960982
-5.426038951803103,0.987962362046062,1.3543222754967763
-0.07489275730746334,-1.8971704875843298,-1.435682896116197
-5.327126522928459,0.9728739225935268,1.3687182325510383
-5.6368498940688765,1.6840114732201377,0.9401566531873249
2.7413417434037597,-1.518309795908915,1.7825377689164754
4.15515391850688,3.5055165197538796,-2.0071672361319797
-5.4008985526840965,1.0055566826268523,1.383304629515494
3.353520405280412,1.0390622959654607,0.9526317496200434
3.9805568807887646,3.3209479757147924,-1.4038895548476715
4.044980913942007,2.894574329970522,-1.4891588390558512
-1.7931930988172042,-0.5681225652118234,-2.3855342530896233
-5.952346966512688,1.5793834580746422,0.7137907187632727
-1.4703841534508675,-2.0192953755778897,-3.0879842172086964
-5.281576557085587,1.0042540924932384,1.420640653284898
-5.8063309510269585,1.629019110239513,0.8199806464547202
2.821332763909428,-1.4940946040732674,1.8156760675859276
3.1894212291744064,-3.048932362941486,3.2555102820193524
1.546998489443031,-3.3106960487157715,-1.3265548056671983
-1.9879463383091682,-1.7974974512321629,-3.171136579446195
-0.7487171210318644,1.098549971362278,-5.716883587089196
2.934935435566484,-1.4853071334948085,1.9508832825376985
-6.673062481498937,0.5689861881487466,0.45292837692635046
2.140098510365874,1.8532088895245042,-0.6672785372278829
3.090558987923477,-1.6047556712462474,3.0311848646426647
-1.3788848693275513,-2.0205350689157338,-2.966588489999174
-6.571184914466843,0.598805073411949,0.5213578238127096
-1.397039805301752,-3.1538955548461556,-2.8022372377319296
-5.27746672929647,1.002394928960359,1.4197826642650775
3.6090113345092485,-1.5822405560861448,2.930499322858942
4.374991646679003,1.4999860453512572,-0.9135293781970749
4.482153924618063,2.8685218908045553,-1.013318124407284
5.084990135378812,-2.632395039942908,1.371321403192472
0.6216452515066447,-1.82527772737182,0.18337884782471717
2.791185819553695,-1.4992945940526634,1.7805443499666744
2.775267257081455,-0.917319378494664,2.425307361131273
0.6618711586560054,-3.2766436219570285,-0.9216888240391617
-1.2685524816443807,-3.313570834545447,-2.956481232456276
-1.9678481572434463,-2.9436358686197486,-2.724653011034612
2.874634524167854,4.0705017055125445,-2.2487232045715078
-5.6366356237114035,1.6795513953384642,0.9349851324762108
-5.873126559170669,1.6154066548735537,0.7820909098502348
-2.5584691215129447,-1.5811290475369053,-1.6549730447757265
-5.744375419552594,1.6444817500691178,0.858458605025538
4.848970505234324,2.6681648351135276,4.048406644831177
-1.1942530755081824,-3.3124430537066956,-2.869617723226827
-5.378052482696288,0.9664680636213436,1.3445562951642005
-0.12932859927063786,-0.5721684174456096,-0.8973298497839599
4.371683077574995,1.9645413062942265,-0.9376315091145272
2.734919068189975,-1.8962522860411695,1.4976576270679522
4.79422309170254,0.7919151471210443,-0.9601570594177516
3.7467840898915585,-1.5998782442304105,2.7384012609518193
4.080178320303347,2.0992810045045287,-1.0417341672129539
-1.1981071012344529,-3.301273699703595,-2.8637232249407085
2.3718520745885447,-1.5918948132451036,1.2810143947235155
3.893502953450502,3.4797997986280884,-1.8196938550804442
4.262499998670941,1.9310224944546495,-0.8236685167280184
2.806903946246362,-1.9982618246313826,1.5615829946710282
-2.046027753173916,-1.7893185211271452,-2.2879190838898933
-1.5392503228450571,-1.984846311484128,-2.751034992558607
3.4655423317310885,-1.9669896040900174,2.8292185638169944
-1.1848631849587397,-1.5782878857212643,-0.37165079475679375
-5.394863167226689,1.0003763349699941,1.3791492299877668
-5.727936866542438,1.6451928734945573,0.8646820812680948
-1.966177493029932,-2.1453758857123897,-2.9815309768520017
-2.4796619804765294,-0.8182139296813682,0.13174899457392134
4.708219710022551,2.871175037216411,-1.2975085617176259
3.486781292779042,-2.1325792264487213,3.052828439045875
-1.458111116858787,0.444835400564517,-1.6161304878391156
2.072948053838197,-1.497467729086217,1.0453415162358404
-6.865336346653028,0.5076338058914831,0.3177841574170026
3.2725886349748103,-1.8255746403682669,3.024977548112684
3.0985795677936228,-2.1701490670729946,2.970907052138117
3.2511788226473284,-1.7313402679187875,2.9952059259617094
3.3220944080927657,-1.4895645589879905,2.852791548986574
4.475249513444964,0.10272909331328649,-0.8191153616296363
-0.2902186788850629,0.1549745230563939,0.49817804433395774
3.467735392155681,0.6985894269077457,-0.33660393446585934
3.345969701460571,3.0011709292263284,-1.7265751697674747
4.483270422410951,2.3864934183093447,-0.6360629313834401
2.7660303925393057,-1.5016301227231352,2.619690399738553
4.370012704224709,1.8857914777558846,-1.2846441581561354
3.809858137275276,2.5484102761402543,-0.991318357430923
4.174465126461586,3.229801134418129,-1.295507992022925
3.3534645485395744,-1.9091144794454658,3.015118111452793
1.2509903627562886,-0.09201620718604354,-0.682464525193428
-5.603893219170781,1.6832607643542374,0.9500757462524378
-6.823077176630902,1.335348189899391,0.14161286301106848
2.940099646036238,-1.2862880415526088,2.6636285173687475
-4.33842969890056,-0.053898302490562766,-2.670026849001823
-1.455687817519691,-1.9956439590070532,-3.006296533083391
4.679712910938718,2.345060240619628,-1.3251637694980194
-5.629219240403011,1.696254640098351,0.9570465689616123
3.9483766230372446,3.4309227643737654,-1.219392404231254
4.519177081307915,1.8181758059034707,-1.017096959993306
-6.317427438756082,1.4847608467884923,0.48293307824072873
-4.630408066178825,-0.2287551208382346,1.4126912553872308
-0.3306198782505676,-2.7566826158549653,-2.0339869638003294
-5.276056374101734,1.0059105860172233,1.4243966474283127
-2.0156961913962324,-2.3195388390633176,-3.2074428205570853
1.5353961218816063,-1.8817720038649068,-0.07086962636391123
3.2381566105546264,-1.7546076659953695,2.92925924115019
2.6717548889587164,-1.5165096675511907,1.7026847433183026
4.773743588500359,2.5760928941950367,-0.7676000688355248
-2.5494971364092356,-1.669970772084971,-2.308363423694778
-1.1605826405013595,-3.337510150074935,-2.786815938349529
-3.733898226558757,-3.938797160098413,-0.7022240641600496
3.2190252193535076,4.210984925555854,-0.9571561692986629
-5.433801129722894,0.9394010995109499,1.294408072763356
3.3895068209150785,-1.625605336999366,2.7071211459699764
-1.200679079868442,-3.3071850244617873,-2.8742151766087525
-1.5623047774393137,-2.0212562076777147,-2.7162575222936076
-0.8993922928278273,-2.422296279558824,-3.5833645890571444
-5.303132197848577,0.9928658915949775,1.4001601929268965
2.259412134088468,-1.5127735528661357,1.2360659521269182
4.40108330936904,0.003270847444035037,-0.6031644305016066
3.454986507230019,3.797002842054562,-1.425092416313523
5.745447233290861,4.116538776228436,-2.313399032268592
2.7590730796000633,-1.027785218740231,2.673821032358458
-5.248298636759928,1.0016453302560402,1.4284000303389341
5.611327749857628,-3.5111371166796514,2.202535034320289
-5.685225475211326,1.663186283325837,0.8998270662356572
3.295614610768793,3.848504086924121,-1.4664552669554478
4.6270573290700066,2.6322947444707063,-1.1498250098829457
-5.484689818489588,0.9337792066866353,1.2711846541124023
4.373885071688202,2.783550639749935,-1.4821130793349433
3.84627711358515,3.615990922773155,-2.103777372119989
-0.08086284424281517,-2.9813759025012936,-2.4656138395269145
-5.3275717173724635,0.9731339322566663,1.3688804297542623
1.802396486932271,0.022043814081747812,0.9040655447068339
2.7867616055295654,-0.9917067529854329,2.531297998341888
2.781754311720438,-0.9669058178179828,2.44209191775045
3.2348680025433465,-1.7358749230185073,2.92285477862078
-1.5322663523621467,-3.1918517561134974,-2.8815798634526693
-1.4400643628300285,-1.999003846505779,-2.9997039717545033
3.2115965586446746,-1.704754547853494,2.925211154860485
-2.500124083148392,-0.7337028671167687,0.006378241452310606
3.601415080214251,-2.0006165965182707,2.724236568368726
-5.737074511192456,1.6604274775158832,0.8795918085248308
-4.659811995779841,-0.1391504581594192,-0.4336796463942354
-5.2443051732146815,1.0105186733281784,1.4401867573806186
-1.3821528181953397,-3.3903039987853565,-2.5715063120499644
5.164682058806617,-3.744607735740774,2.4628025621506926
4.24758242849802,1.9201289769040784,-1.164837081561866
3.934056856807319,3.2009572891261033,-0.9910956589551797
-1.3795656994828576,-0.6285325601394871,-2.240005164182523
4.160451877189932,3.364209252626913,-1.2474134569379256
4.246385804696134,0.13477991088196048,-0.5313114137365564
-5.299287294277735,0.9940196681788471,1.4027763082506681
3.538242713674366,-0.7582127383784751,2.3059266310720723
-5.275443050523257,0.9862510335881769,1.4013648737829485
2.777005973470202,-0.9359604988189485,2.4278696731686744
2.8177092411102267,-1.529007709603028,1.8699802252380482
-5.633225581194709,1.6775342234862878,0.9337320854909488
2.65402763927809,-1.52356894292075,1.621434380747371
-5.347648744696667,1.0299991679455545,1.4295376850291899
-5.636272708616533,1.696128685786971,0.9545868817899452
5.572260854945173,3.7596955393884968,-1.6736459720232906
-1.195017687697313,-3.292231075313594,-2.8600943013559053
2.766078641396604,-1.5162260606084106,1.808694111891608
4.760515735387138,2.6332769176940887,-1.1671937603091698
3.2594772202650337,4.722669519553495,-3.289725055261625
-0.41552643644744264,-0.65071100302848,-1.1019100173285865
1.979981307342847,-0.05064688792536566,0.8685239926467306
4.435592180881623,2.5308861427852145,-0.7708726686993451
-5.377528148442045,0.8669945202747917,1.2181167181522972
3.0168070159319615,-1.4000116157139089,2.5993427591994496
-1.3297123085605904,-3.3232856541842186,-2.601168687698244
2.738437024845333,-1.899204748422425,1.499751160816882
-7.126705052485872,1.2434278963215597,-0.0659283291007344
-5.277472339670717,0.9877741230480668,1.402503493303761
-1.3782444867689183,-3.3783816533924456,-2.589024157503365
2.483053432222447,-0.8551881794973593,2.3070082410781185
4.063372545449744,3.2383788487495453,-1.2808454573270671
3.6040384746704643,-2.016110071662889,2.7292865983765027
-5.482189008246864,0.9242108184212601,1.2606926155160805
2.7798188930179464,-1.5013636614999988,1.7674255743735507
2.1171444369911754,1.8432828739489269,-0.6303722122163526
-5.60031853209551,0.8905127572402063,1.182384109796403
3.464384380903993,-1.529044365889073,2.47492476089491
2.961868111849989,4.075854208859249,-3.3648473837590798
-5.818419867816735,1.65360648281092,0.8449156975836037
4.545249978722744,3.6090761410473893,-1.7768456882293866
-5.360072953224921,1.036725581915599,1.4334386423656522
-5.835604925854432,1.6325128505316044,0.814492557422373
3.7876677015045646,3.01234713163444,-1.5455256833933109
-5.869150815656211,1.793456598297337,0.9926553941255707
-2.7520732411176776,-2.7855536592551853,-2.6900914216803677
3.233838781805775,-1.7294399755752594,2.9211532435768377
4.211956320012515,0.06077909104653133,-0.404775528342771
-5.486316904290638,0.9387883551012441,1.2765738642275606
-6.291685626593513,0.6953685443869939,0.7265296800384274
-5.682192292607888,1.670405150791793,0.9093051789048358
-5.997509404901508,1.6653624834684653,0.8000396821536476
3.53948315313341,-1.6577197350952884,2.5192532794875135
2.073505668302476,-0.06791172391718804,0.8823662802435807
-5.896901741924359,1.6875904200195393,0.8591361088094215
3.608389661973552,2.962400365603273,-1.4246264637875403
4.584417212551089,3.4063726732633683,-1.9760964325616175
4.080713155358069,1.6501596895293298,-0.5724916067108332
-6.842675932613566,0.5600446409265616,0.3871012189588763
3.440585596024363,-1.4353744135132633,2.906766130183231
3.9912069833143287,3.0649481488010393,-0.726449302025591
2.619588060834591,-1.7994977201482887,1.428960225691532
2.6640005105946996,-1.5164124987273258,1.6939358506854698
3.497663732387793,4.314925627648556,-2.600758309179835
-5.390704749832039,0.9537954026531157,1.3254588970186552
-6.79409566504241,1.3304371165379179,0.14533940685958527
2.4940405631097198,-0.8887700949004014,2.3180470882331945
-5.340420970507158,0.9915439679634739,1.3864492206965278
2.4550000101890483,-1.6858075738356875,1.3528502253604755
-1.4505027889175837,-1.9851211289493977,-2.9914435280341123
3.1394366839713346,2.0304746691941156,-0.34443783712578135
-1.5834404027973987,-3.2509908847110767,-2.794688213083749
2.7941565675443907,-1.4215354630123165,3.099967885177649
-5.7630804353298535,1.632665075317779,0.8384408461477372
3.8218349986476645,3.4901247585704813,-1.1603262368023928
-1.405623461844643,-2.0098309023117316,-3.0175759786658864
4.058938207666711,3.4742411705478298,-1.5120747400947598
-1.1744010768420698,-1.7200598143757246,-2.6825305867032596
3.7682908528330876,-1.4884753856034436,2.5015969471434056
-5.661839691095394,1.6807783089179704,0.9281667357036503
5.179542956101723,2.090395398533074,-0.7763788706684547
-5.8241812378108095,1.6327738999763026,0.8185433012047255
2.75755385980609,-0.8267251661125794,2.3980253754208296
-0.23865299280672866,-3.942977301448234,-2.5871889911963684
-0.6818516327237012,-1.8127981792909345,-3.5101379705034366
3.650015137490971,0.3758981314228689,-0.07893963325786377
-5.863242275509971,1.6225671230423409,0.7937458528290285
3.1142240360051225,-0.9952815694774235,2.574210095677405
-1.6655184500437419,-0.5421700263951976,-2.818849378964988
3.5636561023163105,-1.8314837143638951,2.6719017887129
3.90371422666103,3.8094232271861093,-2.117131571842751
4.830844379365577,1.8249332675213383,-1.5446718225426799
2.8422855645942637,-1.632487047062996,3.1602039683532093
3.2901601852083333,-1.8835278920587233,3.039784430538294
-5.72316579680995,1.6552200937847088,0.8780301375169249
-5.241103174363064,1.0038045407201386,1.4332959033019954
3.4773861388176335,0.8802839586063689,-0.6170281536672098
3.638981739790827,3.572353879714012,-0.7721695402878128
2.6149267359682633,1.4989707608093665,-0.9849074280875356
6.034725703511236,-4.05089025015784,2.286313984912878
-5.297387872490334,0.9880731586656912,1.3963681583713445
2.730868144147702,-1.510769708856421,1.7116338186710793
-5.877099947476608,1.608599502340133,0.7727884778839925
3.465760261580606,-1.9682783131445096,2.829606202130599
-6.563834820781518,0.5960441931181872,0.5204902001051818
-0.12520854697986047,-1.4444112339292539,-2.0192525549191926
-5.4191278145493476,0.9779066514589889,1.3446909017999191
3.7472737116624653,3.2845840417137633,-1.8501037505480922
-5.854335000115108,1.6111838286524875,0.7832867678359893
1.973901557090928,-1.7711577364248139,-4.358967158727268
0.15940040009879367,-0.8481038377711401,-1.147825569938455
2.401970883794282,-1.6386364732107412,1.3215026842198496
4.257081853705976,1.7889779044107035,-1.6705422852012255
4.848018201498172,1.315146928964549,-1.647573663246957
3.8034365454872265,-1.4214479608962773,2.3095639530558896
-5.689290076610425,1.6981348851457936,0.9395692993657312
-5.898174935106252,1.7043580468724748,0.8784258279069644
2.1166393289354692,1.8435278854582924,-0.6309094721758337
-5.699486769379397,1.7149811062882474,0.9560268191726122
-5.6531611944640625,1.6833825474929895,0.9340716817201644
3.353329498006949,-1.407564256299383,3.3321481036361527
4.563307131364432,2.8824017650074123,-1.1655864755931398
-5.738547090189837,1.6430774178497813,0.8587184261297339
2.8471571694902087,-1.512697045042267,1.90012313813449
3.967038104718239,3.1560020144416794,-0.9328622637841665
2.7784946048035417,-0.9453046356370578,2.4324827706773253
-1.4488876624866174,-1.9855958010198127,-2.9916581837519316
-2.5196409096109664,-2.37492670469758,-3.631626140305283
3.794494244704883,-1.3870756307345022,2.394608557908968
-1.6257920151247347,-2.4145050339057232,-4.260324629298998
2.000437223301659,-0.46786144731027784,2.22220608282751
4.507543212307202,4.605324158995807,-3.744222600690896
-1.4176772436870604,-1.970152854750252,-3.026331634908964
3.236610326225626,-1.7455195895873836,2.926368992484106
4.491005794536233,1.2529902901113672,-0.9970031720585353
2.057620187187858,-2.9496862541491713,-5.028114062333784
2.958147598256229,-2.4659263060185066,3.094193604286188
3.214949696367582,-1.7240260948706703,2.931428933361133
2.702557488462206,-1.5153204449158708,1.6781295941027814
-3.806323702536133,-1.604529298463103,0.40600909810636043
3.1886866519789514,2.992160536508434,-1.681770742696682
3.4227355866657034,0.8072508869491632,-0.4514715108586358
-5.496480424072167,0.9295789307586864,1.262379724202277
-5.361035983042213,0.9560865342053448,1.3378328933182582
-0.6082402958700845,0.4312335606386194,-5.812702780854646
3.2941439931821828,-1.9218291494756508,3.0507374124565025
2.7460178330472464,-1.507221570740726,1.7280687568659803
3.0488290753237193,2.541507527378646,-1.4940279350917738
-5.87333496186556,1.6187650836407155,0.7859696803922883
4.605196582104364,2.6799783619661413,-0.9281466588255809
5.18596295822481,2.6802903035707124,-0.7401636382611932
3.5726330362546403,-1.873940312192508,2.6886903587198714
4.325757001319379,2.8624948826819745,-1.2346868845587684
-6.389857869909428,0.6539700748120381,0.6456239570602439
2.0736582325182873,-0.06848196417236842,0.8829901947822604
3.018445748631706,-1.4126869121905528,2.6034576688099373
-5.409438106704532,0.9648031160342052,1.3323632015108666
-5.828119168748146,1.6356429727364024,0.8206246626119907
-3.801926023947922,0.012944749311415647,-0.1233142276589869
-5.4717033482432464,0.9383653625428128,1.280835200492306
-5.253104766223482,1.0002031095262032,1.4251298861842188
-5.574872196588273,1.6901672625853879,0.9677041202519912
-5.590536394851964,1.685287162878173,0.9568349652412904
4.250901064831221,3.373076660151985,-1.3135592717486606
3.1877139729922983,-1.2178029040835117,2.5505799785392425
-5.6343909559715355,1.6937768300407887,0.9524395018540839
2.6803213520647002,-1.5166005235204019,1.7123327132688246
2.614353483166543,-1.515617580185077,1.6378704503362227
-8.15313171586201,2.571158056571326,1.1581660775739437
-0.9787330003731267,-0.30003884258755376,-0.884765930165228
-5.4862627450391,0.9428319719248224,1.28136988537005
4.6447556130624115,2.963885924265734,-1.3324627164912244
2.6146515557043912,-1.795451884908394,1.4258560307877672
2.6322222987404764,1.4737393155334546,-0.9743116224032311
-1.4835163901076218,-2.9408378202865637,-5.423592257092528
0.4482298560804724,-1.7945556642362672,-2.3506276260238494
-5.254915140440878,0.9957613682284876,1.4192912955858177
2.8139683058805924,-1.5064119200317818,3.124119643962744
-5.897988182673422,1.6637963686240322,0.8308149442035085
-5.269928709154656,1.0028295765228208,1.4227522174014766
-0.4586793808388092,-5.2534642739597786,-3.950824972121687
-5.299108043680929,0.9959008150454389,1.405057672299843
5.165078750177954,-1.7987048853301606,4.1757772020139745
4.50246688063738,1.5939173818900725,-0.7205689439905927
2.0498010078448705,-1.3845308478868996,1.1635128448134688
-1.4341609884150597,-2.0098606650337945,-3.0373514701835753
-7.285266852303722,1.1827196087323673,-0.18924340314913898
3.961545558278864,3.4668326177658,-1.2390445959283884
3.997976089415276,5.768643519609107,-4.015213828207056
-5.809212111987816,1.6693149355141719,0.8663953834654469
-1.572414579544503,-2.053556823240546,-2.7166218031282754
2.9643602318599633,-2.0887350983174175,1.634328556005214
-2.542296614283965,1.1286037891596221,-3.947675716679543
3.568446642788142,-1.7093059075284072,2.4850530106846507
-3.896282263331168,-1.3774667525108124,0.4306463438897262
-6.0722648619461514,1.5431643420449541,0.6319219852454981
-5.263767836752311,1.0014804358096159,1.4231651842201931
3.876409176035168,3.9708713059320515,-2.89049839951993
2.7570017316096473,-1.5063584927105214,1.7420815282950035
-1.3932684102077693,-3.439327531861682,-2.4934706471179147
-0.6536192582371105,-2.1705394744602047,-2.2702902281031956
-5.6257918820566415,1.1390734003808642,1.467814745565753
2.949608129860067,-1.4073199852198566,2.707624119692276
2.788558005982401,-0.1292640896839137,-0.46856247997640765
-5.785153317515673,1.6395086621280344,0.8392493478418058
2.184577959880062,2.146895974540059,-1.0146565537388528
-0.14981505372013856,-3.0555640316753796,-3.1055653650498285
-5.741459616713935,1.6450554126503665,0.860088439126745
3.439512148724299,4.205420858458133,-2.2813295609868187
3.7180635602153367,3.487707593139615,-1.336103587871737
-0.869081134757989,-3.7248810531599976,-3.5371042747956554
3.856162262365387,3.428258029540716,-1.0549904993199333
4.613869201074685,2.9663735628536476,-1.328285651775498
3.448281046485113,-1.9175442383903367,2.8214342177190646
3.8682001736382206,2.149238447962739,-1.5227776451067154
-5.228336301238456,1.0050772444243279,1.4389594240729242
-1.5600440534586089,-1.108709813554973,-3.1140080388004043
-5.254798782132029,1.0082621879728038,1.4341013797947355
-5.81281626170506,1.6210195376721943,0.8084537099860828
3.8484908182127495,3.594015579100087,-0.8899015048570533
-1.2353755356491771,-3.2668761143598046,-2.8213426696701815
3.7480317999357156,3.2224580663205487,-1.8619462183086803
3.2450489593293073,-1.7089966753402668,2.9928736481887235
2.805771979386797,-1.523013384244251,1.854569884326848
-5.605744550720671,1.684129074265889,0.9504894242202566
2.797600502553507,-1.435210643096004,3.1037686413368144
-5.369346930057879,0.9729962105684864,1.3551069497439228
-1.4419934568111585,-3.4151274286927262,-3.4656756858552407
-5.703133962422494,1.7222681176422672,0.9633959315047049
2.270476068544569,-0.5351362983149808,1.0046901059549922
0.7735213915150095,-0.6615208713573892,-1.1770403802999139
2.823690549926227,-1.549613802759088,3.1363811242082145
0.4561039085166193,-0.8811714862848818,-1.2585365125938532
-6.059698716840816,1.5384086790994056,0.6304521740660117
-1.1955361045709123,-3.3078193220434557,-2.865929890100786
3.4495239818422188,-1.4767429630043485,2.4623298475400106
-5.848562797430557,1.6261987013453592,0.8028249376925952
2.9432132450145545,-1.3570662697683153,2.6914250927525454
-1.836001534792686,-2.624157718677283,-3.040919606667765
-5.499030628229172,0.9582422126442971,1.2954205976107263
-5.686352786758378,1.715303073784514,0.9607096122218943
2.894633858516396,-1.4797503132842191,1.9015847564795785
-4.16989767985838,-0.8690812523912599,-0.0400664432821529
-5.258332279269664,1.0161770980290852,1.4423032828590732
-5.393024457274575,1.057397238112272,1.4471312699110517
-5.637746543338262,1.6812948073915868,0.9366699919095736
3.0059092789215445,-1.323711262889883,2.574650555629288
3.583084160596125,-1.8933055064739137,2.6893851551490813
-5.641655201783656,1.7170228466073034,0.9773795606230922
5.0924516718192026,-1.1092648417916542,4.459411246158614
2.8015563128273473,-1.5286976936805114,1.7210409266534084
-1.2013823384474678,-3.3123252319062764,-2.900365629962716
4.580166576518845,3.6840221860127476,-1.823619939826623
4.179189921163756,2.9540243413598413,-1.1761526693419622
3.745103661096351,-1.3067106703975577,2.44740098979495
3.468946887072686,-1.5832741147002314,2.566398054274484
2.116997863614091,1.8434336523431565,-0.6304194235572906
1.9195032257722782,-1.4454955343298708,1.0637009912250568
-5.870565985903451,1.606313243216297,0.7722430238620607
3.6564377083999258,3.2514473976842377,-1.1718336866946373
4.089600599707388,-2.16434324697953,2.255091435066479
4.304515097805318,2.7525003681883993,-1.080013481447422
3.942919623253022,2.675384953663553,-0.7044291240495587
0.14972817413480247,-3.2590009114322886,-1.1038961247634662
-2.4994832801048017,-0.7341319105521782,0.0072670788742110965
3.875640067746746,4.039417151703558,-2.004410715682812
-5.58175194851725,1.7032516677324143,0.8169019843724056
-6.631830930075233,0.585398501925491,0.48575628348940725
-5.6786220250063915,1.6714765147625288,0.9117344288483392
2.60655043907141,-1.532553458475006,1.5674187985225776
-5.7053522520267235,1.6670385654261048,0.8977581585445976
-6.32270440181037,-1.8198935345021494,-9.499262257714097
-6.231794983525803,0.7751397065684773,0.8403092388522823
3.6165008745140597,3.1301264464601033,-1.1142976064815988
-5.246694098558135,1.0058860164831076,1.4339340065470918
-1.2541600093844527,-3.30612101710124,-2.9028579432255257
-2.8025548229110546,-2.7976663569271123,-5.189726896652031
-1.557682831041929,-2.0023649717423635,-2.746570508347745
3.2482093477945666,-1.71988099935596,2.993723655826326
2.6520908594662886,-1.526352054271559,1.6220417490226813
-0.6546984573279355,-3.733133494256806,-3.336449718269242
3.603388914906464,3.6084839984850956,-1.2805610711355109
-5.300216837879934,0.9891357589284233,1.3967021300394145
-1.2205876587990636,-3.3038586114572923,-2.9076434279973067
3.6986414590458847,2.873907494651899,-1.1236107744593125
-1.6266554033737355,-2.0802560976486535,-2.702122425026697
3.237783458023677,-1.7035247114489018,2.9949212917196526
2.5243579333475092,-1.5147175649787608,1.5365779161287418
4.757425612125503,1.4184711683426605,-1.005175131068154
-3.2041104939676925,-1.7850596328249693,-1.4571362127739993
3.731397525494248,3.6018745844678213,-0.8819336412740022
-5.571615600480768,0.9677282413817894,1.2829822189622275
3.6136494099478504,3.5921446787573585,-0.6691074492953738
2.9181567501381127,-1.1147387903369217,2.1830215703297817
3.6016022368097507,-2.0016838082640676,2.724595156650809
5.1769951261797065,2.0578494576980755,-0.047167133300806574
0.6679754195650868,-1.8065147105576407,0.219864216607822
4.045450094974978,3.189371930455801,-0.8570680479061521
4.524629457343627,2.577879435157232,-1.8655147478866285
4.601608638372176,2.444350689462458,-0.9359734226200868
2.535861161548108,-1.729162334342186,1.3791653025779957
3.5380154860567488,0.902945771691984,-0.6798569639855268
2.5010990562273494,-1.726798446721968,1.3801535517659844
-1.3917740361990087,-1.9964544177221986,-2.9625318841313164
3.5911006576774755,-1.8309147688737242,2.5238676254449666
2.793214100238038,-1.058112027796728,2.471233527011768
2.8393307800666623,-1.4845801477609273,1.8365298810819917
-7.748324844777328,1.9091596767394483,1.6863280310734803
-5.3371111256315915,0.9668076026531027,1.3582966968894956
4.365918715562699,3.7382393053982175,-1.7911502562497206
3.785009555489619,3.5934085192886114,-0.8516794951190196
3.575432525021917,-1.8524848486570051,2.676383970157174
4.678694258446999,1.0695676439694313,-0.5848201895304814
2.5676662226133153,-1.755828625171127,1.3981118144580573
2.531615888901218,-1.7257017939461572,1.3765484089457736
2.798873136010906,-1.4979576175069933,1.7894895856148718
2.7535706726124234,-1.0114729763129375,2.671434947740235
-0.1279796309742822,0.21887500533165924,-4.925067308145387
-0.8663072176688085,-3.608742779098016,-3.0054060107276155
-1.6203184251255394,-2.7155304259059387,-2.8186785137545924
-5.579626670035874,1.6919665137748874,0.9682603218838841
-5.854805225623749,1.6285609196704751,0.8035553456082599
-5.617870366162726,1.686817089660102,0.949674324312243
0.7391282557259239,1.2890698782716523,-8.732081171108858
3.99487736092134,2.1720162276968047,-1.6495488931892912
2.7902404569507335,-1.409227135229853,3.096774948855747
-5.668857770124448,1.6834340470925317,0.9289878966302647
2.8602559015120073,-1.5226596440145619,1.915908831848562
-5.664631160144045,1.014857226926643,1.3083713244678004
-1.3812825400157285,-2.0510435289955926,-2.980159594688644
2.956326112888833,1.8444048037661196,-0.003535527532612893
3.120135646375867,-0.6510926737610471,2.2391104052287543
4.321527007299319,2.9375083804177664,-0.6732461510174147
-5.523475918885471,0.931665062845231,1.2560496263435352
1.5377462857403346,-1.6341031620060291,-5.050787409001377
3.7709122395512513,-2.2370922522885412,2.727399954850855
-5.7433569232559405,1.6479163224310316,0.8628288781505163
-5.5984383430562366,1.6817554692511383,0.9500946114557822
-5.657695744912147,1.6858997413195,0.9355439507609449
4.6579245810023275,2.7530882909847416,-1.2461592251659281
4.215966882786475,1.9249334307699102,-1.1562587612152
2.9150747851013095,-2.0472992514692847,1.6050434910628908
-5.284809545094292,0.9918476563472067,1.4049265927876846
4.360784674432431,2.1615754802420004,-2.14873650180236
-1.4424345514794934,-3.4440419453088196,-2.5698147867727372
-4.187148102671756,-0.3908737615913287,0.8707761697506223
2.9457651227002817,-1.3769271403903196,2.6979105660435887
3.772377885174198,-2.2456935720285807,2.730232084944357
-5.725932023966213,1.6457944855704314,0.8660461985440638
-5.290447298895459,1.0015921650890265,1.4146049015021938
-1.4149727736347184,-1.9969552007758682,-3.0015923615791675
-4.656883662409686,-0.1384959258514065,-0.43004356082705697
3.7074411366674105,3.798681505732647,-1.616408037894433
3.298828970209899,0.7335551471352968,-0.8776397035395107
3.5385519626535413,0.508091404540914,-0.39021460585295187
-2.249969344069357,-2.566080926550853,-2.5238559152750404
-5.585781345024359,1.693363893193756,0.9678853961315179
-6.300984358914255,1.8728833509478218,0.9444820572576094
3.4071843006422857,-1.7095790554587933,2.7555740126253867
-5.580576625373314,1.6902575952092747,0.9659406170373155
4.115714786980139,3.1169536278816694,-1.071276781090881
2.772517516415374,-0.8994359574964008,2.4172060615308397
-6.743059354876297,0.6631027187496539,0.5413425335925027
2.628825308485486,-1.8074406581620353,1.4341318894483315
3.8424993965621717,3.57686865333158,-0.8175577253824022
-0.7227517438229716,-3.653985801762849,-3.1579433977424425
-1.4490454009212248,-3.468755871477859,-2.571601979927457
-5.526288743781493,0.9344288202966551,1.258399161290714
-5.919031446121925,0.7884327358919285,0.9579174352316295
-5.73040131937939,1.7096854795430865,0.9396712991264169
2.9082507805779705,-2.0416654215128136,1.60090287250902
2.7658114585863673,-1.0722769642515946,2.690015270292563
4.486323927673955,2.78732752768551,-1.3717460782078272
2.515393070612256,-1.5153524305564687,1.527067956709989
2.582162061976476,-1.7987794768664656,1.4281625930407196
3.9464627154252274,3.2196373970583667,-1.208698323166293
-5.619667634297076,1.6956588696304635,0.9594767585900341
3.0299183451798157,-1.62279568510922,3.1963147936018106
-4.049764526132891,-0.7025639069484296,-0.7533577846327117
-5.63016838017997,1.6933156163061671,0.9532813287495971
1.979160608587309,-3.067255645025073,0.7599051705839287
3.823437325239158,2.970484756396806,-0.9573221332861812
3.7692163503575102,3.259712510001718,-1.2972587661686534
2.5505081805245404,-1.7705069428815787,1.4096688029868205
3.5797261246615846,-1.7645527841403497,2.50244520634052
2.7541448180272257,-1.011778709049599,2.671537081200864
-5.479282987586671,0.9954353619172789,1.3458063598088286
2.6234316657945342,-1.8026275036451325,1.4314114039134196
-1.2034647986049005,-3.3047723480815585,-2.9038165086211607
-6.120610761863166,0.7333036365866321,0.8270951297854293
-6.123710444607998,0.7346349560767225,0.8276583963108511
-5.327598044023721,0.9809192213990112,1.3780716516265479
3.945669574650516,3.062899850564007,-0.7794488998726969
-5.3471564439450665,0.9772056725604408,1.367311083291077
-7.369058286551161,1.15757552046533,-0.24625603066935817
5.082847580434207,2.7537477263836814,-1.5821087457497758
3.6749589261724114,0.9821065233961601,0.8641198380055856
-5.309290849944452,0.9812614341901638,1.3844406943244547
-1.3940248846078183,-2.030062810775805,-3.016670134251712
-5.241418404738705,0.9924174926538525,1.419737436496159
-1.1757622220684396,-3.2934426712994553,-2.8258530294017334
4.617209726616258,2.3942510544162663,-0.9994025947001007
3.395418525992078,0.6993554004068034,-0.23813505871382842
-1.5874785062891694,-2.0542870285763555,-2.7396591573425693
3.499256409957963,-2.177362267879023,3.060965312669655
-7.689241720360939,1.4562958328191682,-0.00010375346660815909
4.208018289005572,3.208655069890653,-1.1506357152757876
3.4237770022740155,-1.7273712107093453,2.7517249854004615
3.2644253057194392,-1.7899266096866975,3.017175377879564
3.8966620289056446,3.5373126249022215,-1.4811626088031205
4.006627965056989,3.132341287379826,-0.8663023589833241
-1.1638260277771353,-3.332347671047463,-2.790951215543212
2.6099206180655377,1.5003219893860855,-0.9878467320179005
4.074374318550827,3.077678700273424,-0.5367459833935098
3.5219751887900177,3.5338535811007765,-1.6051743453093794
-1.4362548690197605,-3.0317644588910473,-3.024401753601668
-6.633135587939678,0.9774917771626965,0.9486777098015606
3.2412296629312314,-1.7063490279542983,2.9940974421222997
4.6835573421947565,3.0730032912536775,-1.492877805834666
-5.767177447150286,1.6539303315907308,0.862090090493787
1.7957971884989739,0.0014824442127205754,0.8935009538488791
3.2048357565536696,-1.6686492196680018,2.913741261863976
3.3088899640269753,3.8401207647169655,-1.3000852552720497
-7.356433563226404,1.155201764731327,-0.24490793968552602
0.026678565849644703,-1.1543176329740699,-1.5809067030571977
1.5340464167400658,-1.8945898103510932,-0.07438474383029023
2.4770042517940944,-0.7601053563092832,2.0553887122223755
2.07467241314435,-0.06617826751599988,0.8871503929260226
2.951843493204793,-1.4243076060094526,2.7135185549812912
-5.780609597895402,0.9167386234890986,1.1546363105204227
-1.1691711036980432,-4.772665409353805,-3.3034124180676074
-1.4555544937514042,-1.99390954455169,-3.010621707809682
3.3835243784958244,2.774542007301402,-1.3859252616083773
-5.76186841359709,1.6564493479548599,0.8667905902914549
3.61474506550859,-2.079934155333851,2.7496169419933154
-5.603114722248006,1.6815126651966592,0.9482765308249468
2.1165939048022713,1.843803514486849,-0.6306234672001294
2.940512697076251,-1.3362534620343403,2.684655171799139
3.0581889691739277,-2.4195046619262035,2.6752096340480866
-5.783005293582032,1.6660316459846474,0.8711253150354051
-5.4114000122961,0.967636955086296,1.3350727824359394
-5.773216515502779,1.7652414133894938,0.9909343915468531
-3.7560339252040125,-1.5177135041211556,-1.236167533620336
4.534544098569565,2.9321574964438377,-1.2363759342496876
4.735673040839281,-6.657739513059022,-0.907508203288852
4.741131852411901,3.370144086176149,-1.872298169662443
3.4406464264983687,3.0804966398620413,-1.4739684854749469
-1.4836413395882018,-2.0206650115634237,-3.0856305886253392
-5.826429799682296,1.6189784623414338,0.8015931479595352
3.378779000996899,-1.1190347618974958,1.8399785918002562
-1.198182364484899,-3.301204483384683,-2.8637848812459947
2.1619155289012384,-0.09669485311536664,0.8718784878560711
3.189121217372851,0.8615081675463583,-0.7468767107983376
-5.247278691481855,0.9934682244607345,1.4190696251172572
2.8754699851859042,-1.489785036814903,1.8798128188750842
-1.363432547619449,-1.7361856035446768,-2.7593584034245544
-2.0697241029230597,2.691970443488416,4.912057780976337
2.663357946230741,-1.5163995150907779,1.6932266247838228
4.70973701650689,2.7730659255257644,-1.2406024006682554
3.385524560419301,-1.3932396714494832,2.4726575262541513
3.4559918912194543,-1.557153829862735,2.5625314486947386
4.195057810551637,3.1332912155422656,-1.30241056025736
-5.919246849221897,1.1917151237419796,1.4344155792740587
4.673415317244007,3.015001766447383,-1.5298220358532018
3.6284741348352347,3.4687933181616577,-1.144648382810446
2.6255565176768467,-1.5157578057464764,1.6504893836995223
3.460507201997728,-1.559482426057564,2.561222448619724
3.4816439862144573,-2.1277952495765633,3.052918796591765
3.45077754181106,-1.4778758102518919,2.46192464824142
3.8040172147424745,0.5250716740992742,0.9261836729137558
-1.4356819401614487,-1.963893764867406,-3.0583708578389808
3.7909420784113737,3.2988415737054226,-1.5207051939489555
-5.169424610644319,0.9444512097433178,1.3774393015576583
-5.640857396796979,1.6799191539408254,0.9340336919836878
2.771224229901418,-0.8870610975636488,2.4958013106883077
3.592614238470247,1.0480293674102494,-0.9772771169574546
3.170615474028553,0.7891404314195403,-0.6759679154149356
-5.809548296422718,1.6431126424317997,0.8354899203863458
1.984718511168832,-0.042293248211414905,0.8899142196800797
-1.1030954053058977,-1.7013161470463705,-2.6279051179945108
3.9123017366834625,-0.6830427993873527,3.0850222365287308
-0.005318179116499539,-3.840426877871344,-1.355710926016761
4.283759247299894,2.0810927127919254,-1.1538386155113218
-5.259266267494785,0.9940368971758042,1.4158358672470783
-5.298164569634079,0.9992763706599748,1.4093539843166198
-5.874384693007243,1.6177088742954941,0.7843843096914632
-5.4599522225252874,0.9244872130879314,1.2682644880187413
-3.5412107921871363,0.23663840007199133,-1.4205714688575897
3.107766099546133,-1.4933410270075218,2.8828094538492746
3.608176610370545,-1.9341749827190555,2.555314581152557
4.098161660179969,2.9507421090853505,-1.23925645871413
0.5826145226325156,-1.8299754498424154,0.16751945277928362
2.6148179699852894,1.4990675428394349,-0.9849641378506131
-1.4231908277907774,-2.0043384160783426,-3.013589369462714
4.722761493267988,2.7772223419926214,-1.2419212693902273
-1.4448273770118052,-1.9803357686914844,-2.9511385613898997
3.037265761745081,-1.5602923708414091,2.6519017131690528
-1.4515779056993348,-1.9899816190079762,-3.0046393868237655
-5.269024868411528,1.001432338035312,1.4213955713221094
2.658654638679268,-1.8323685090982234,1.452065317520504
3.0147600750707575,-1.3843240834598398,2.594183407305596
-0.5640917219857158,-3.7876524794760935,-3.2310826097471286
3.556839742432766,3.4234195985224787,-1.0287432921208544
4.680953886689539,3.056046930340456,-0.8250525760844059
2.7700723995537926,-1.513982790134089,1.8126113759865352
-5.295881908468185,0.9925921074324702,1.4021988497873885
3.6884616821526053,-1.2129727371815673,1.8995903611152087
-1.8562643242007997,-2.0494588585019846,-3.589020009705003
-5.372479355535247,0.9510877331659726,1.3281975892056659
-5.599067625487648,1.6829067113683243,0.9512412802502477
-2.2044891797252926,-0.7811636356288805,0.11943709197509242
4.099223082770104,3.506257956977116,-0.9286134997442288
-5.699190076686052,1.6624147149112654,0.8943434852144511
3.220654285467524,-1.6648306471191199,2.9007639670799024
3.7587559158455544,2.873157789672507,-0.7384463430285957
2.161922452372786,-0.09586819970653827,0.8719408929680298
3.6983270418445264,3.0031494240637455,-1.4925769478862596
2.7369389832474362,-1.551660028159075,1.6487046663673393
-5.345613686048401,1.0472719614312904,1.4506123863292608
3.752432830568511,-2.1375105322841113,2.6955170439731284
-5.425868273923791,0.9489288532004876,1.3082514869732682
-6.421785654030379,1.440324399590577,0.39650637661134724
3.237849797966315,-1.7055295371757464,2.9943624779447227
2.7420448599120197,-1.5084569117323596,1.7240825844103096
-5.741212444341524,1.645129584002186,0.8602566179689896
-5.2465871666485855,1.0107263251054963,1.4396886546647913
2.9413368905007946,-1.342644841037227,2.6867028820881305
-2.224239490533988,-0.986897111411634,-0.13902359087297153
-6.127890457727477,1.5329276844763164,0.6016603923348925
3.906974186677427,3.47980070578296,-1.1831936162693186
-2.1237620463344693,-5.202977999117168,-5.392561927079497
-5.295153232101014,1.0096505320622207,1.4225943727352341
-5.80522771429878,1.6301668831971758,0.8216911479005163
-5.767997485636285,1.7434216254977652,0.9670000181547016
-1.2737499022620355,-3.3042604612952524,-2.939767190109657
-1.330015337570171,-3.705677502821605,-4.0836404486612095
-0.973489648747176,0.09307810866016404,-2.163507567103363
2.073333885532166,-0.06864481747927888,0.8810088419239311
3.7833025664036986,-2.3101743629221505,2.7512005434127738
-1.3900490729393418,-3.3956727741101145,-2.5744308849061253
-3.785306825983626,-1.9714885359222318,-1.2828346014558258
-1.2453736368459716,-3.2586377061870695,-2.8271009124522757
2.657999392225103,-1.5216134854609233,1.6927855836422128
3.2416757662107587,-1.7053772203086912,2.993423269170446
-1.4639712207521984,-2.8363742218428043,-3.873221227760826
4.109006569694054,2.8760960342731616,-1.065649384091891
3.655097283109769,2.4685042307384033,-1.284740296478638
2.800830379237784,-1.9926941529013926,1.5582123862427193
5.194502963071175,2.139640585178439,-0.32048784952242076
2.8179284167254592,-1.523972293535285,3.129154820079486
4.482347936305156,2.7337243192578593,-1.154122519195355
0.561470905352926,-2.803155676991676,-0.06830171600259913
-5.269490548688002,1.0021082904699723,1.4220426254014449
-1.0585764678496445,-2.272515199458567,-3.444691250598843
-5.307678632782491,0.9812682404900528,1.3849740157130743
-0.7524362062924792,-2.4380570799300316,-3.4890283692307764
-5.575856485156144,1.013356324567134,1.3355203997378142
2.5255227625984435,-2.0551518735748804,2.8645097530520265
-1.7341697586196267,-2.189991148466015,-2.704553567656332
3.5047535792452504,-1.3672752045253342,2.80226864583057
-5.261672079008444,0.9965550288486451,1.4180276656538624
-5.459784654973828,0.943408259914384,1.290677590842562
2.0745755735870555,-0.06702626413098668,0.8869069148319036
4.053066135818568,3.278145504965151,-1.284942218328643
-5.633880535098368,1.704223583727388,0.9648846924365613
3.2647797332159305,3.7299497000347293,-1.4998241117537443
-5.274586185567814,0.9868384791297187,1.4023382206260895
-5.627229566099426,1.6885885504456866,0.948688885334189
-5.754797973860605,1.6503078916451646,0.8618899161990151
2.665610991514007,-1.516444375447202,1.6957643208737438
-1.2278935227439505,-1.739344808532938,-2.7136401324128534
3.412369779616296,-1.4148526092610254,2.9887002102015394
5.024066893215479,4.364529055396095,-2.334850144425325
-1.5667863207560646,-1.190954053925441,-3.2268291057803205
3.1740241786348564,3.6001721909796176,-1.2522481000806547
2.52248604543621,-1.7186112964678082,1.3701376804715104
2.6498637168973236,-1.8251179602259717,1.446615884013483
-1.4665187194786304,-2.0051284948026793,-3.052237981839418
-1.3672993409775505,-2.071031695291327,-3.0160741134959728
2.640084483843949,-1.516573013206743,1.6678302132631058
-5.809682913941773,1.6301571217964366,0.820219526662017
3.697451558815527,3.0249431859052267,-1.6139607476372846
3.694529820829393,-1.6862467703273651,2.5784678245332464
3.5989392972046685,3.5154483133594754,-0.6319829785961445
-5.2963769662284,1.0128009169082892,1.4259185396531155
3.4573321483405706,-1.4911874911943905,2.4650438187510013
4.074209774682451,2.611724868562012,-1.613641876849459
4.3091739138380944,3.072937983380131,-0.7484413643563255
2.611579795732325,-1.5155307911780587,1.634680455355937
-1.4534138216755499,-2.0098951603127406,-3.1718484481193143
-1.344730849956347,-3.1155326935880407,-2.78872556313353
-5.3183354854701586,0.9660087342737436,1.3634703223423985
2.563668423906168,-1.7827113430476467,1.416788036173323
3.219509265010294,-1.6624367472876487,2.9001973835881274
-5.353060296075287,1.0333121989134488,1.431689688580682
3.4371505034199665,-1.8516577789804267,2.8000107697291186
-3.1694977895588075,-1.615797197136676,-0.36513444011683993
-5.2830534461489185,0.9846373828599404,1.396978479993279
-5.665498859012131,1.6779614062430712,0.756546804883225
-1.1992701461108781,-3.304011384731098,-2.867642781216674
4.31103791741452,1.5358477188552304,-0.9848687415041731
-1.46283652032649,-1.984804835853447,-2.990136166523142
-5.854755712230818,1.61972835714732,0.793190880233578
3.0059765734770387,-1.3239847966416938,2.574780908937164
-5.735912987093301,1.7289327723903796,0.9604862709680193
2.642805089916537,-1.525634941326058,1.608643464391415
-1.404094166437856,-2.010179081623328,-2.9933662474034493
3.205317149030521,0.9136892631378704,-0.8246612694276949
0.03992354477798202,-3.0185609414316317,-2.4715484816355517
-1.5488426727680837,-2.0120997189429617,-2.7379203848436036
2.894710484663442,-2.0769096961116325,1.6127518366056788
4.186795002783021,2.9494464255866575,-1.706429339995788
-5.757331970335385,0.8468134971241321,1.0795885129528182
3.738901206581409,3.5402735959898535,-1.7083387961543088
3.7619304587690907,4.018354510132887,-2.2794028700804514
0.7026369110590899,-3.1937860621398175,-2.087211016232079
-5.839531239446164,1.6231909647275975,0.8022500025484497
3.7430526504563884,3.376783090801829,-0.67234301917824
4.501530612019326,2.7792399256284512,-1.0985312439172037
4.071618893477331,3.246851212140172,-1.2823741481853632
-5.976117309091598,0.7797757069719591,0.9290881226731011
3.451704945999398,-1.8849585854193944,2.802522142388359
4.6977502172460035,3.0660359231972794,-1.3924480628842597
3.7832279192904292,-2.309800743324247,2.7510250192641643
4.329197021935542,3.103031868138372,-0.8747164667163654
3.2426111397615527,-1.7061649219379427,2.9929894422823544
-1.395208814102235,-2.1085693223060127,-2.8447177750007278
2.0754081667914823,-0.0666123527640581,0.8891189158941083
-5.741950562577952,1.7155092322504233,0.9427309236523309
-5.6783733600579,1.6682332692035517,0.9080042670469909
2.799289675391766,-1.5211002827206421,1.8469201286387493
0.5816674737015738,-0.8434924395602339,-1.173101660734645
2.640099009490077,-1.5262656394705236,1.605547341024762
-5.623889966537976,1.6908279703788764,0.952415318351852
2.7532558077211347,-1.517126541937444,1.7943508206466325
-0.5489123164737826,-3.74879785290682,-3.2386993404939894
3.2450728950962073,-1.286142793131772,2.773325423403249
-5.306431112311393,0.9967957510046555,1.4037293363705097
-2.423977098956422,-0.27136851871298173,-0.717064422617488
2.9571722842883705,-1.4661701442879145,2.727276002431459
-5.5212788311307035,0.9323243637502978,1.257544549385691
-5.317323597604227,0.9747032160351887,1.3740738007234556
-5.635700649279575,1.6943097024283986,0.9526365459872539
2.9248206787290556,-1.4837671273295976,1.9375824824521821
-2.3023484657216513,1.1457118444604761,-1.8353777230210582
-5.8740035183127395,0.8233864919730296,1.0138923717817319
-3.9128170441195196,-2.708677944196439,-1.5890234918717316
-5.733868907253599,1.6422760200837878,0.8593099232786497
-5.246811166918257,1.0000103036780414,1.4269525683357618
-1.6689157973237991,-1.8747766400558306,-2.984293988381942
3.7651203844841534,3.5757386345827404,-0.7687374001986856
4.0040675454546,3.3325251113403986,-1.0656047590804978
6.572647485451342,3.5629623752233646,-2.0829209991133713
2.3579984833255834,-1.5803597186496918,1.2726398686870923
-1.3842532132907808,-3.3875580997010455,-2.9651596927462167
-5.6958408785356065,1.7007628380360593,0.940511021095926
-5.4822831063285795,1.021335498425441,1.3754357571120233
2.7234809363914847,-1.5187229390667563,1.7630100925471361
2.8148331197826097,-1.4956208282542705,1.8086833224115273
2.804452826086716,-1.497520463502977,1.7966062488888852
2.292486591760389,-1.5416635581370692,1.2563210753050087
0.6520503149459326,-2.006394288495731,0.16310777049942507
-2.158970861748709,-0.7813472607350173,0.04663287058944547
-1.441785740155655,-1.992412347835614,-3.124524302172634
3.4668892419522783,-1.5449607812167252,2.477812917217373
3.0387252633598685,-1.571652892597848,2.6557325445228197
-1.3784160413968027,-1.769902599732608,-2.8099531708215513
4.6160418067052005,2.8869621768805924,-1.291265284012247
4.373287714013033,4.181495699424693,-2.787348171770791
4.726297191854775,2.381684655840793,-0.5724267930041714
-6.147139408590827,0.7816251302204402,0.8755540182472509
5.624079642148795,4.507254360492365,-2.4046744248749334
-0.7239458304765292,-3.721299570765407,-3.4135511775888117
4.325434735780686,2.823077204677333,-2.1538403548413334
-1.4390463534788858,-1.9752372632187725,-3.0746014902670527
-5.329431992072762,0.9738326871174703,1.369100033593658
-0.9770071866512573,-3.3698229881223782,-3.0634099565902493
-1.413584110298444,-2.027138045180854,-3.047550413663385
-5.278966690501849,0.9984490014398792,1.4146310445563561
-5.505270586618535,0.9394683239172563,1.2712021954598312
2.9527202069816347,-1.4313337754321522,2.7157331862328564
-5.574424265428845,1.6838109018725183,0.9603813819991045
-6.631548818471427,1.3785688005236967,0.25517972963548563
-5.643998563685142,1.7059467334120217,0.9635939005927538
-2.30511690454038,1.1435329008173332,-1.8293636779914058
2.87280487799325,-1.9914012750882857,1.5524560444566886
-1.7269171827470653,-3.098924661301188,-3.03411283443613
4.019809440822788,-1.7102138179131396,2.411975252373885
-0.5904365738594997,-3.7360174756786546,-3.2849717353739645
-3.902997744157825,-1.4391392447675915,0.3424225067872717
-1.1828341265601792,-3.3857303576274798,-2.8999805106719
5.196157999456087,1.100874670352527,-0.6225097695682223
-5.263939655660519,0.9128496656764828,1.3093013132119167
4.575961963300375,3.094565527087982,-1.6676266268931381
3.6012988576843257,-1.9998886016847757,2.724024142978236
-5.726750422829208,1.6868938047143809,0.9140808614969719
3.359400210631889,2.4288502050510514,-2.374055595653904
-6.741988746838511,0.5534196099454265,0.41207660012926706
3.852522937305624,3.911662601191305,-2.5052506748246386
3.35745089806488,-1.3678546120215875,2.894928547687668
-5.635920358055052,1.6942437723378934,0.9524870536830365
-5.405569470631723,1.0126183478356934,1.3901277763303572
-5.744654152120039,1.6527675737525502,0.8681052111836146
3.7719478426959854,-2.2431851075533698,2.729367184977358
4.503173849466743,3.0006376580893575,-1.196093341720326
-5.6547805000733105,1.6781069967338054,0.9273407828382008
-5.584372503811662,1.6924953384807075,0.9673263755705384
-5.639610183802422,1.6961990621493026,0.9535757941187379
2.737082183408318,-1.509311878787991,1.718298306124001
2.7884212161652626,-1.4055273903662502,3.095991798098873
3.2582228796242445,-1.7622900183505412,3.009546497269316
-4.628745114453049,0.5136288443207433,1.0321550135250337
3.43462265949248,-1.7846244126394866,2.7699969416571553
4.762237138122653,1.4654948888354171,-1.0707964586168321
4.515664228896875,3.1539894950712553,-1.4438486175366474
4.2011445343810365,3.063042257306852,-0.6440131190558404
-5.6223344369172485,1.6973947437573509,0.9606428920479113
-1.5901145700866104,-1.8636519425189646,-2.9565181434551664
-5.257765087530344,0.9933060096016515,1.4154612986065278
-5.48822622443678,0.9571716379945956,1.2976755721241142
3.180343639879548,-1.5773992520097697,2.964652037458694
-5.275527064235736,0.9965446528491277,1.4135013277256399
-6.983794919560256,1.2787912620000537,0.022470075446658265
-5.2725467696728865,0.9904704784653156,1.4072945381725177
-2.191812292901717,-4.835508317348929,-3.580958074467475
4.21889787443836,2.5933952235544915,-1.1978535788085283
2.8242486322648213,-1.5522137683229622,3.136874620604133
3.4562505795084584,0.5679696590712551,-0.23786910126895774
-5.776142740761521,1.7052488619153001,0.9194661838087799
-1.4256778216067831,-2.010808486644392,-3.0303168060814207
2.658103191051808,-1.8319979759843865,1.4515789511210329
2.7770155227977433,-1.9316640850655982,1.5225689916447986
4.4245436146191395,2.6551458487462782,-1.2662078091889672
-5.26624868737576,1.0014844283895776,1.4223616243184651
-5.6211754850483535,1.699639453780085,0.9636608847131838
4.165224894311817,3.596011474011197,-1.760893917817455
-5.610133489530528,1.686758938490427,0.9521416810370662
2.730095255847333,-1.5126741455894588,1.7130612515978318
-1.654400272703921,-3.6026054236191007,-2.573590374394921
4.547208559044947,2.3544570462409253,-1.252932184725765
-6.635929539560196,1.4829730442118887,0.37644935688904924
2.398907809373823,-1.17457595580313,2.148243681694733
-1.2068702324878384,-3.3174369992169397,-2.910801356896186
4.790997407692891,1.1107086170154583,-0.18328407293058366
4.4430244836774495,2.809531380243152,-1.2463367452548495
4.0625338937480215,1.4735514684099607,-1.2430283671858815
4.863807702884272,1.495485618272604,-0.3911712054522983
2.773282433688288,-1.5271928121606975,1.8187492798812088
-1.8370220025466275,-1.2498802954559585,-2.8276628009565825
1.5165967909448537,-2.013080284792124,-0.3836848589288524
-6.718914889806251,0.5582622147597212,0.4253167570152713
2.9392563759321955,-1.326829464401802,2.681576413736255
3.682193137233684,-2.041633492419019,2.681135909041217
-1.7434611335773469,-1.1721558380351276,-2.8295742697275217
1.9837943091290102,-0.04352984163883901,0.8862787054799474
3.312743537672748,3.645017950448777,-1.505344310759805
4.116653362087996,3.4490922400638517,-2.3599388425643437
3.901523001131571,-1.8074453288667522,2.1088954424968525
-1.6315157975047903,-0.6662186469930078,-3.164503040477238
3.8606809049833912,3.059382010785287,-1.260444157200617
2.74119115034918,-1.5171437711475027,1.7809411316346995
3.52737919203086,0.8867044387237977,-0.6467451600487382
3.5933022094903166,-1.9526837013937688,2.7086945622208547
3.3302887888458645,-2.611775627301648,3.530714403854935
4.291406863632169,3.1264368935972717,-0.8072047824706622
-5.744131619900126,1.7505832815790683,0.983238619700119
2.8115985371166525,-1.524623505079298,1.8613979227098982
4.980473285750203,2.734527288260066,-0.49890102136826836
3.363467909767284,0.651032658974998,-0.13798511229383134
-5.626494041840574,1.6913848122282555,0.9522163101443317
-2.456632375865334,-1.391193768406339,-1.035021626893929
-1.1976301883819713,-3.3073838968424236,-2.871638389300083
3.601014805684071,-1.4073287988793046,2.426580152591565
-5.293330151698641,0.994138821772995,1.4048579851682608
3.351404257793495,3.9776141495482493,-1.6330993384586578
2.8814834109345795,-1.228322823779418,2.6280572309273587
-1.4396196072510417,-1.981928131277472,-3.066116517761499
3.2907593070702834,3.8139233859314263,-1.38709820763081
-5.630223307373838,1.6932991337835404,0.9532439556735428
-2.716982403187365,-2.3698182180765692,-3.5059998476849157
4.300662850239502,2.8584200606390855,-1.1327212013528238
4.933984730607285,1.615225802712842,-0.5706690377830087
-5.6247848254826875,1.6838993504756203,0.9439790824505574
-1.9482592854671308,0.4924396163536058,-2.9238208394212464
-0.5918589055963384,-3.740521726499535,-3.3509011702626554
-1.433924002124188,-1.9953328105346722,-2.994694754575234
4.1320953953367034,3.6157146924927392,-1.8006830730404622
3.2399477501473006,-1.7049017868670586,2.9945824268007364
4.938256509745668,2.6071988233446066,-0.926441773181822
-5.6030076907472095,1.6805404295570652,0.9471690540261692
0.29145902476346763,-4.457813321724667,-3.323762604516252
-1.453742289194383,-1.9868150803392903,-2.9767616222717748
3.681874843045091,3.7594213154814624,-1.9295862331120268
3.640891261367642,0.24678143304006225,0.7686883833227776
-1.5728527966727996,-1.1004565740304622,-3.176050410291998
3.3201322359932344,1.0806458603804492,-1.1902712962236686
-5.234230536943749,1.0082747350398895,1.4408174758216081
4.196457874122844,2.984171722430906,-1.3058545268141426
2.074393701730539,-0.06729250584499048,0.8861629940017947
-5.913671410056307,0.8037517942715482,0.9777659428025993
4.884979778033739,1.5784095409576353,-0.5111492087090607
2.8116368539084076,-1.0724779477936979,1.971175097764754
3.5414859947721293,3.4483718661242992,-1.1916441450223763
-5.610957397438567,1.6865117006510255,0.9515810848962583
2.2760773743859786,-1.5272731785650948,1.2463531492227244
4.003803212015616,3.092666806240124,-0.9404934385468932
-5.323293033615143,1.0218530619525907,1.427846348085992
0.8981366689188518,0.5114320807575683,-1.5107660158784715
-5.742585026644057,1.6438601207053205,0.8583148411336713
5.299111480284539,2.2877225167037847,-0.6095230531714926
3.2259221491263927,-1.7883621664337963,2.9523315938531387
3.8212390629706503,3.3905522510879633,-1.4307462531087312
-1.766074031895438,-1.7508819743155875,-3.9075665521534706
4.271463925376061,1.7705797650124118,-1.1941356004109893
-5.600184499585118,1.691696140162665,0.9612048408097105
2.755873087319556,-1.5172212743424358,1.7973642560054612
5.051766341181941,1.672275500719961,-0.709427649967219
-5.635022020014893,1.6782513090066455,0.9339860577489196
-5.982286064794006,1.6619683385963278,0.8010396620836374
2.704526046942446,-1.5182630518922937,1.6842630697476928
0.27666979197966346,1.1359738218142832,-6.4588992442412785
-2.069061505916015,-0.203121595788583,-1.4154747850971132
-1.1969626368299247,-3.3126806326212743,-2.8918187632680437
-5.243681581962327,0.9926737729050874,1.4193028710179683
-1.4002049974267161,-2.0119729020652763,-3.003782230126618
-2.1651966950786234,-1.5684391443520498,-1.049698817121423
-4.467693553265073,-0.3684412933217489,-0.007264761190025149
4.307147405839557,2.892796075057389,-1.133824493891952
-1.4416353797425276,-1.9867985540019562,-2.9923254454524337
-0.3014650433529338,-2.9422246815730335,-0.9226023931615936
-1.3810153888125278,-3.3719016116696543,-2.605595812737272
5.047301709076814,2.292005386668939,0.2154811835506425
2.8383712313673475,-1.6150255329026648,3.155209154724063
-5.223114582323604,0.9935773310069873,1.4270719045877602
3.471321465752577,-1.568235276212539,2.4885746831866045
-5.878212769556842,1.6206109121008474,0.7865404172508373
4.678106850166804,3.1785641998351726,-1.5914934795717697
2.821187006768195,-1.9687192195811414,1.5488820936282621
2.865330344823657,-1.515716723960099,1.9209757501254077
-5.250277817780501,0.9934813339556721,1.4181079461379682
1.8904265875144899,-0.02436577824316989,0.873180579083035
2.500536321746904,-1.6997187973033125,1.3578812943627683
4.0992789431916306,2.0726313706072075,-1.0819728862874696
-1.4651012567954191,-2.0254500587108644,-3.0869118179388475
-1.7919567299028523,-2.462580778821326,-4.371464416820362
2.8047734606831685,-1.4667963059103903,3.1122775115006514
-1.276201626763951,-3.301331653599457,-2.9168604659173973
-5.289625971047735,1.0082053750893838,1.422687405452771
2.163317579167576,-0.09313133055417035,0.8785938152391647
4.702675324742078,2.102433558674673,-0.9939133172667993
3.030111764356267,-1.5038519997415647,2.6334140138832463
2.619468641180544,-1.5303877752236172,1.5821647829730254
3.80788902827312,3.5903319282125534,-0.8107606436356622
2.791436120650121,-1.0467735986472704,2.4658512143434312
2.259727393432161,-1.5129754262728698,1.2363580927431514
-1.4277783407865845,-1.9826587129742097,-2.957555483027311
3.4391805757344676,-1.22375469068908,2.6628489861545037
-1.4520726467064138,-2.0007545405206693,-3.0147329153392968
-5.311197468658352,0.9872477775214561,1.3908935330476535
3.029594619166465,-1.4998217523409436,2.6321144722131247
-1.32093588367379,-3.1577062002047582,-2.7800716734066646
-1.8910935396904551,-0.7856072376767322,-2.8568431249726047
-5.812333728949015,1.6276197769667373,0.8163687142645276
2.4011949209174692,-1.6379341884325131,1.321058081701896
2.815792610144381,-1.5145264039204256,3.126393146951963
1.8067547302144578,0.011132035369946431,0.9050234295005514
-5.703053205794041,1.7039578888141333,0.9419024539392071
4.153750149584026,3.4115419769522113,-1.2602788821111186
4.385701421779078,2.7912701659647525,-0.6479409046654744
4.6625304216010885,3.3335694932522237,-1.9441427941980725
3.864029476587852,-1.2949128800369696,2.2054668483360467
3.4532565348919326,-1.4797248064716464,2.4609442939583546
4.626423616834316,2.823892095253163,-1.2459815957474758
-1.4600366821660058,-2.0214818958987064,-3.2183488457312373
3.542956194010276,0.9648966890941288,-0.7636347220434467
4.690245305175655,2.9841032783801684,-1.6377773350566576
-0.9687320923979013,-3.388556516290723,-3.008502271457686
3.6024823828958756,-2.006922687381629,2.726260123763064
4.499912646563066,2.6885979761948504,-1.2351177079809132
-1.7738562123686186,-1.289673620327942,0.09130377896286726
2.6307774948699394,-1.8417490378038583,1.4573084254407402
5.198055658452063,1.0011883827375478,-0.5399274073621753
4.796756063360595,-2.3012524624934283,1.2883448656475762
0.26564072861847765,-0.44144523187901186,-0.1379365150462035
4.433915110850586,1.4841400424619338,-1.3193466902976785
-5.583181296517902,1.6901624926487253,0.9649751629215138
-5.677767596528191,1.6650971159255148,0.9045170406442048
2.7824078647375545,-0.9583913525059078,2.520049160657003
-5.649820052495504,1.6824163506124217,0.93403115054735
4.604953058503059,1.116712164710239,-0.8363859961430459
-5.674374807564418,1.673856961453418,0.9159240619945771
3.5744475351485825,-0.04459621603575954,1.3059972793076962
2.3234707546579947,-1.4321834010095826,1.0491247453558874
2.4306365306010536,-1.6411168561475846,1.3161793440347052
4.888100804997665,3.5450959303608323,-2.16170643665183
2.742307348848693,-1.9407831979534351,1.523438597056702
-1.401890464420126,-2.0055411356531603,-2.9842138575700736
2.882071550771872,-2.0647857286563176,1.6063761959483824
4.302845469196903,2.5126033046846428,-0.6949757116313002
2.074975618369246,-0.06667471071679822,0.888150283123973
0.038566089634051864,-3.212494117916656,-1.1643117360008193
-5.238356008386927,0.9897083029296914,1.4175340284558342
4.549891733456806,1.4677436355753162,0.23785556206756542
3.5252061619184993,4.217824737231253,-2.4252240722893883
2.956419424235788,-1.3983279413450656,2.699835231164401
3.255299436902379,-1.7496909183232252,3.0043522090358756
3.5711694268961627,-1.8386152560537785,2.6724488409467058
3.682715944695331,-0.48095022372318474,1.5121318538282695
4.013601492597267,3.333980989508317,-1.1475734979681649
3.5051635435605095,-2.2032308487512897,3.068768720732084
4.825104684396371,3.280761195483207,-1.8813347457243206
-1.414403308303309,-2.09794205808269,-3.1267111765936684
4.05946539307511,2.88716466647439,-1.8305916621484541
2.0749700593121343,-0.06668791071961967,0.8881262750245943
-1.6833012335496538,-2.2692017902166954,-3.2268743389852026
3.7748234376692573,3.5518777051115835,-0.7160922635025155
3.545269827054706,3.401052142803244,-1.4858427229576119
-1.4057065418131611,-2.0105650639082504,-3.0146210581934425
1.9502511348117377,-3.813778861735718,0.6008862776183331
3.4813879115461854,-1.651450547567919,2.5902017351371076
1.329602106492181,-0.7865372976838252,-2.1381529285361913
2.735506635398267,-1.511755840624531,1.7190034709186
2.952798249227678,-1.4318631041032677,2.7159658155845956
3.245337894894626,-1.7109803992898969,2.9923314777751493
4.483235601704573,5.098165988254025,-2.5890274345291666
-5.920468358493758,1.6735514963646523,0.8349127354269258
5.639513890892863,-2.786392549893397,1.3150993948206682
2.942812231607542,-1.3185487964724003,2.681690620931725
5.093377356946581,-3.521401113061374,2.4117358752513884
-1.4568266067175955,-1.9989280302331935,-3.006080343770622
4.7377472800416465,1.9692723702986759,-0.8626777422820138
-0.8160396712503614,-3.0034728175794707,-6.316332208425284
2.764419569642753,-1.5183642064615215,1.8092962572585918
-3.4839049358101466,0.8409352885832985,-1.6787742644598036
-5.277405613903391,0.9908295385749666,1.4061357649737414
3.935737143275971,3.117973965429136,-0.878129429524127
4.594854974764097,3.0604084642492997,-0.6393080460291443
-0.6063723944410817,-3.739436413131211,-3.3015168543242335
2.540336269470306,-1.7613813578595985,1.4035811988142037
3.521820446847572,0.2424398868161339,0.22372670851040002
3.6067910835445267,3.333107358418105,-1.8072138580311659
-5.67746923749258,1.7088482660343223,0.9560347063807184
-2.975776494442991,1.6580087663213456,-2.3379456483667975
-2.3508705224467943,3.393923859253035,-5.057481933232667
2.8352282864490124,-1.4934237791176599,1.832495783732533
-2.3536566288007914,-0.41236478274748656,0.024801115168004782
-5.587654042427119,1.6950415357712743,0.9692432818629906
4.925861440747823,2.4752453418408797,-0.7038190232404836
4.137379993673785,3.256723930042157,-1.0492960720370936
3.8299297190317034,3.386878027832806,-1.0955361165870257
-1.4534729955838583,-3.3104422637596387,-2.2519547061669978
-7.288479184711211,1.1941093706862898,-0.17691025106031041
3.2948136611455316,-1.9247093415580285,3.055898257328419
-5.333887415170138,0.9777330618577338,1.372257447089507
-6.158244614895007,0.7475507622706719,0.8316695807364461
-1.2006719332505187,-3.3033192702582146,-2.872616873431953
-5.80883988724164,1.6503167271663157,0.8441889413224698
-5.246682733900145,0.9930773518323148,1.418801921538319
-6.460105676346495,1.9644750097600303,0.9999814558747799
-5.279687304875879,0.9883277505238439,1.4024360382855108
3.5896973903934435,0.6752755903422263,-0.5121539232594443
3.4438284197866946,-1.8911098706399732,2.8128321563721586
2.868560569697316,-3.6350655720424254,-1.052183371401928
4.128504871434735,2.8481100675298014,-1.2605049724902104
-5.210361742830352,0.99973589869869,1.4385042231787406
5.3843794663230975,1.676652663769532,-0.23086903911155185
3.897075092389794,-1.5340648836778366,2.3271539481382395
-6.298754121271831,1.5282294580333398,0.540141077093864
-5.361114166308863,0.9827267045510428,1.3692878335632832
4.438576719529311,2.728690926405363,-0.9501891811181427
3.495774976784825,0.9255189857974262,-0.6878253953715594
3.3854095056578557,-1.6200780915039705,2.7069960354076823
2.792233537679768,-1.5256183307248117,1.839798396091233
2.6137126986290165,-1.5158621033283761,1.6372799099439188
2.772332102382246,-1.5185922898900297,1.8189291547557078
4.511052039547068,2.757394056707539,-0.9467339349934344
-5.4249619752249485,0.9492008148238282,1.3088681427281577
2.761500775770206,-0.8320347941654678,2.3971503084667956
-5.345639279854075,0.968118130345311,1.3570667051523264
4.049736196080233,0.009806612786446007,0.9256023510838471
3.5018613804497902,-2.188766700076576,3.0665026025417816
1.368856067176986,-1.9079838827621782,-0.06965416711897163
3.6964940937743336,3.428234357745398,-0.9035546660142999
2.419754504805494,-0.7279524447899348,2.112178873016697
-3.7254113580274497,-2.519215101522125,-0.2287626084594603
-5.262952547943413,1.0010071897856028,1.4228715760351396
-4.349755005625203,-0.39926635898723983,0.154170617040889
-5.281146851285706,1.0012905999443698,1.417278668169469
3.263949509947202,-1.906967441602165,2.9788161586549493
-6.537659758343351,1.445768359370878,0.3649285948186132
-6.551339745363211,1.9370975396770733,0.9379047765492585
-1.3751360120157134,-3.3819798709888125,-2.5768148409463634
3.7309211399648454,3.6875456828802817,-0.9744904155104549
-5.26950772851164,0.9997580121951257,1.4192596977725611
4.729804521540799,1.129129312844949,-0.6397747251579294
-5.405218294313534,1.0537381180891439,1.4388344470270849
-5.387313424476351,0.9836972180924386,1.3618989087040037
4.020134248552672,-1.5735763547440875,2.0338766572162092
2.849708792989208,-1.5154882303236779,1.9035986915069298
3.8086175916046066,3.4629646408785026,-1.3305323129089868
-1.5773840831811954,-2.0354309764857903,-2.7622287736600506
-3.835063446547751,-1.2960898149090159,-1.3841686168678753
-5.275642497397814,0.9823732422372426,1.396717674306575
2.3336559532978716,-1.5781924863148586,1.2807688935183177
4.829293537148521,2.5331815686120636,-1.2741280951282887
4.088846408608669,3.218010216459032,-0.7045620927471508
-5.827529197669031,1.6387365420007853,0.8244538309702759
-1.5499306079178623,-2.058785970975786,-2.669389505741155
-1.175570619276986,-3.3458481894826346,-2.8914650065067042
2.6493678032896812,-1.5162817957060126,1.677478331992625
4.716848911450957,2.8520373568060693,-1.7641446008572286
-1.6743814548846734,-1.6909974556066953,-1.004982686413796
3.1281288377830174,0.7680460746952185,-0.5468384694897457
3.7670529191761495,2.898027713492002,-0.9829620012205026
2.5163291772088017,-1.7402244661398814,1.3891257290175774
-1.471773883024783,-2.0032067987535407,-3.041745683971023
-2.2130304229705664,0.4970373782060409,-2.179951869672714
3.646710628281601,3.3827038822698725,-2.2313960210149397
-1.2091404652087892,-3.2856155434650405,-2.861500040841468
3.2466262922890676,-1.8047695281458123,2.9452508767086827
-5.839907660760905,1.624768222835085,0.8039803348535027
-1.6576605805201097,-2.084159454475793,-2.7439284246955533
-2.7459926181829566,-0.8491403173698884,0.2793603386326342
3.7430602984831745,-2.125055136897681,2.693515141063758
-5.595613791240715,1.694867242419651,0.966429710779485
2.0733456784219046,-0.06862858830526976,0.8810552952414296
-1.4021977076028473,-2.006424027696441,-2.9862379124231873
-1.1800196970562677,-3.293221601031808,-2.8217223579526354
-5.663639686706875,1.6849998867420686,0.9325383388553841
-5.092428001733226,-0.6989052889829912,0.34444140989803107
4.720312775433382,1.4958185293729072,-1.0433941802400297
-1.2530600641195544,-1.7354425815706391,-2.7266806249434254
-1.4279271814231715,-3.574032904049036,-5.461293159422742
3.750419985927812,-2.1322219302790733,2.6941753193381275
-5.482677859541217,0.924394442158448,1.2607503219959009
-2.8738432449962334,-0.061918308193039145,-0.43836532941223944
1.3817760482552581,0.5587029507881067,-1.5627662294790083
-1.4659255677375358,-2.0269538504377898,-3.0842184495203058
2.4139132950671915,-0.659232698263716,2.093014173242286
3.0581796127601835,1.1537914596303436,-0.9045545553910139
3.317599070636191,2.7452007179358113,-1.3502556188357118
-5.321501125504242,0.9827487814105762,1.3822200630685295
-1.175840387579555,-3.3196769279659137,-2.8230704453009223
4.206610695683305,2.761475131927999,-0.47991404144807476
-5.250967492204064,0.9939259638592022,1.4184086433292624
-1.2264001396756974,-3.2700248750547973,-2.8219735381985163
2.662679585536975,-1.515843795568369,1.6919016676946625
2.5516162979268997,-1.7714827727510545,1.4103365731440332
-1.2072053633241613,-3.314437541112564,-2.911259426440141
-5.453480922050269,0.9495766852030831,1.3000206420503657
3.6702712118563707,3.492762584658823,-1.4191730989934719
-6.116925866588464,0.7322164179416517,0.8270110051893739
-5.649486038881016,1.6831471148348314,0.9349994649107372
-5.969103418290421,0.7771596973102342,0.9282820838133601
-0.5201391381529438,-3.1045982206907037,-4.133893425782315
-5.479951553844415,1.0007524762828153,1.351871903878025
-4.909778125873517,0.10227258465254872,-0.006094891162717198
-5.229017862253214,1.0063538885502208,1.4402459593679027
4.879870259509019,2.256572563346721,-0.4040623800712668
-5.765821094324802,1.650286580267177,0.8582521945119891
3.6007290606831046,-1.9964849648315401,2.7229353553172317
3.2483690355901524,-1.8146720899931332,2.948814291912298
-1.382094375991559,-3.5978319646194143,-3.0259270538387653
4.179381981214041,3.479938023468228,-1.5119935313448865
2.5760848812680557,-1.763000787247909,1.4030485687489456
1.2843372244027904,-8.707681469540065,0.4006413794657417
2.964363573417515,-1.5228944816663552,2.745826180060589
4.902373917674873,2.7332884987663175,-0.44388738638708464
-1.2622102357166127,-3.2994373152035146,-2.877151199635391
4.260762092203542,4.749807985808581,-2.6035717290753517
2.8360695838821894,-1.6047667168530615,3.1522027844038556
2.7138283586848178,1.4347769808772828,-0.9523884393483437
2.3431642657174656,-0.5465066930050376,2.5042627508656334
3.476920748775098,-1.627426549555866,2.580264518000654
-5.353935172087307,0.9568338108785932,1.341029544495032
0.621747212375597,-1.9035022952873457,-0.06200618078687168
-1.418303250837886,-2.0332799215800015,-3.071741078810341
-3.4313961468035137,-5.177272558182899,-4.976433796856677
-1.6095333309226338,-2.0888580212244734,-2.669611036743705
2.8328679518802784,-2.021155892523755,1.577152631457095
0.02595769554157271,-2.6480941725457097,-2.3780236960466326
1.9592885458602731,-3.8528020497088957,0.5979803280323105
4.453266266307647,1.9706165047225788,-1.21449489716665
-5.621776113725558,1.6890777236153767,0.9510510953083513
-5.216543011222041,0.9938738472404145,1.429563590799867
4.6454834278462735,2.985760370503457,-0.7393113247476766
3.477009885466581,0.9346687480474518,-0.6784245609513724
2.241524275748458,0.5410876934022131,-1.1317154304652413
-1.5514683770397573,-3.094278221976834,-2.7815795542090496
-1.6353053448725123,-1.176538209511936,-3.222941645451598
-1.2702769406270928,-3.3064933582071228,-2.9384160604661935
-1.2421976555059724,-3.2648295825272897,-2.82031782348705
-6.777427166876087,0.5355364523609314,0.3793981090891405
3.945455721257936,3.4339910181192423,-1.2066480287390215
-2.3695591150155235,-0.8651019016940789,-0.7352376074269045
-5.865900369985728,1.6581199775930893,0.834659602936597
-1.4457790459907056,-1.9775343787045983,-2.975437589804653
2.63119506266171,-1.5172741536338745,1.6581796136213627
1.7983834670501586,-0.0033639293093608177,0.8664473311216604
-3.0910363106930334,-2.3695459677984334,-0.4133925706168387
3.765233235620468,-2.203901986710758,2.7165973168678605
3.5131501473236373,-1.33207092032523,2.09811328596188
3.450551031207588,-1.4775343352110686,2.4619465926660653
-6.374886135058456,1.9900476436153625,1.0579657833724012
2.7415943056310432,-1.5079629548966904,1.722889445983784
3.3557672166767865,0.5657535526576996,-0.015811541610386316
-2.0905638761746714,-3.09408620015432,-1.8904027617802668
-0.619828951554809,-1.0954041724051864,-1.6291462758478776
3.251170072847642,-1.8312993043674308,2.9541584516523955
1.7825935151211099,-2.5304593920654157,0.29163607425769045
2.3486712159357057,-1.5915222933834738,1.2896764324415906
-1.3310538362214823,-3.3637521677008153,-2.541386475509
-1.616476586963367,-2.0430115202751877,-2.7626453503839206
4.621824413194543,3.1424880003392994,-1.4972427172281992
4.13585045984963,1.9022007805145298,-1.2673403630864848
-5.2986717600794515,0.9796108929579086,1.3859501267764547
-1.800885114547604,-1.6806948417128527,-2.166356743223633
2.74027854811292,-1.5087598770930375,1.7220222887709942
4.593320466847178,2.9079024550789647,-1.1981756895683064
3.5944182639741604,3.5230320105094792,-0.5994869798698501
-1.3716585574871412,-3.377701248522302,-2.552292408196022
0.6790531255869682,-3.155096076490937,-2.236440407612269
-5.301704904033712,1.0112021122134989,1.4222933512758875
4.54406158278228,2.1462407095708778,-0.98731332873745
3.3373641910701406,-2.605932097077536,-9.720224624649017
3.1554327531434345,-2.257568180557125,3.616944693225962
-5.277965211417336,0.9892768108186925,1.4041186058561597
-5.692065214920773,1.7135888914313364,0.9568228123122895
3.4676513175050743,0.6990294172783846,-0.33687679209226196
2.3476225960745247,-1.5907621449936067,1.2888290307628965
3.2463350282205097,-1.8026890846762105,2.9448871749744314
-5.590324378437329,1.6950830747573944,0.9684169219532726
-3.804809127251335,0.017854425898705065,-0.11931366588755807
-5.15392937194568,0.9454410895838192,1.3836570694808512
-5.859813593751489,1.6155863085852005,0.786665214960243
-5.645470437442332,0.8848700881337477,1.1610052554060823
2.1434119403044187,1.8509469227004773,-0.6643226305212548
-1.2065090121651803,-3.410127137927898,-3.009227003603122
-2.2415687312293575,-0.5881991963400308,-0.29305423137230835
-1.5454079662236924,-2.0413642443487867,-2.7240701445164146
4.4828508979714465,0.8544026961871013,-0.8831092326457792
-6.5536437644217775,1.4517423117841153,0.3667113176657575
4.759638505791257,2.8985618331386793,-1.416168353394646
3.850912388682834,-1.7295328696566266,2.33895854606999
3.7751052799427556,-2.261637550038874,2.7354397253297855
-1.3419540229290206,-1.791946562512123,-2.8244986752507892
4.170557378644731,3.585965868707206,-1.7507140337563933
-1.6184205433299013,-2.1101424284221753,-2.708222266872711
-5.498703223437517,0.9210054240996106,1.2515243004961123
-5.617312342830222,1.6785932157219126,0.9401922138262881
2.814657729349592,-1.4956795255680733,1.8084036934751204
-5.224441712771438,1.0025751617969458,1.4372716723305932
-1.2586144908996018,-3.2762617826113494,-2.855542063726926
-3.307192801095897,0.8261707229710069,-2.69251708434042
-6.769641857599905,1.3522275532644858,0.17896339912585482
4.105636804124978,0.07865169316750274,-0.18865100281809719
3.683656359925179,3.081692339739642,-1.1531422206821835
3.1285802858376366,-1.750041805810485,3.0721136219456575
3.6709685784627815,3.5511016864046003,-0.7672425855779381
-5.271356816195255,1.0024010309345268,1.4217805174240745
-1.4889791549999127,-2.027105319343066,-3.052569279668831
2.9575804079070425,-2.0610745528322734,1.6017538984210058
-6.48081841480952,1.424445184339329,0.3584967461329873
2.4746514807170517,-1.678006071534408,1.3424581855481983
-2.983260230003068,-8.08398105170949,-2.2584456310213605
4.310416613985583,2.4416209838983987,-1.1139844458042985
3.244594572272537,-1.792345328112376,2.9415904512872033
-0.8607130259601867,-3.4799516658402783,-2.7008483780471777
-1.6306719182417264,-2.062639055592449,-2.7476386935062576
3.4178048310781652,-1.7143202852109103,2.7485865662791764
4.165260665683739,3.431141026737447,-1.24977701099236
-1.2379380882487492,-3.2702226721760757,-2.8151031207816657
2.688681450820317,-1.5164675955433407,1.7216395254974888
-5.701006755389435,1.7394074155196506,0.9842368608002696
-0.8251451787875415,-5.379821865329157,-0.4087571801857799
-0.10433923709527823,-1.5800310818834906,-1.0427497505045416
4.916127072054292,1.2206506458469102,-0.4818785635576234
3.0475911890684695,0.9572275064031608,-4.957213893141197
-1.1951400411900537,-3.2930546880328673,-2.8587762974762563
2.336090741263683,-1.4703225560580058,1.0875627981624245
3.273052290717872,-1.8276372865345842,3.0254037590983422
-1.4098994392227746,-2.020878834561185,-3.0297438061303787
-5.5872290053525235,1.6720503122973804,0.9423704210256576
-5.38518471846363,0.9575489070830878,1.3316928400036057
3.9222280417194946,3.503064917315962,-1.419023087839378
-5.59715301515297,0.8953733450186503,1.1891591474067509
-1.4148640353994952,-2.0636506976868625,-3.105206034744518
2.7698792019416567,-0.8845053204214413,2.496333011116786
-5.632954289586116,1.6951338285597348,0.9545051997899494
-5.778207176542302,1.6465697714148542,0.8498245658618356
4.94535785506834,-1.4900869935163068,3.378216449584912
4.539127839082047,2.9565120420402153,-1.2307200284794293
2.760831725050001,-0.8305279650605222,2.3980463860062096
3.613447999938948,0.9186352685943611,-0.7959169646173556
-5.609386297134285,1.6922527345334908,0.9588431912142765
3.942839262154924,1.8530352751711563,-0.9080685893592255
3.2439698029134254,-1.7083171745322692,2.9932464012516213
-5.28231724932787,0.9974435675596487,1.41235128691707
2.1378069986379256,1.8557312624200497,-0.6680730660915744
-5.813283381450193,1.6333643632753487,0.8228088762109548
3.49578259172166,-1.7406188670103533,2.614192076065575
2.6398490624122637,-1.8164043286488565,1.4411212362409767
3.8804611644561184,4.0757118412330335,-2.3220699193865295
-5.349518806517254,1.0031076392341864,1.3971501106294337
1.062754758221137,-3.2840176134128454,-2.926439063436669
-3.8842355979690644,-1.843254516679744,-0.8738161636928093
3.0061537775844736,1.0310235553714602,-0.6857862694303922
-1.191377459226928,-2.2613465628300635,-2.2961933758672326
-0.3183091718400197,-1.9555911975581275,-5.687899581895018
1.0062812337794678,-6.456020324921122,-1.66291777568868
2.6900507367454605,-1.5167053724685438,1.7232925434167259
4.8248165447298685,2.4356054146604458,-0.6129583345079526
4.701993403979842,-3.157980289763185,1.7388801848284257
2.3555195500324846,-1.5779700880203165,1.2714072421340572
-2.806879340828055,-0.12328927400748448,-0.595743522817245
-1.549346677494407,-2.004345259577731,-2.7498253611635337
2.044735934778984,-1.4134338233750312,1.1246995400332809
-5.788890515749858,1.643363920763961,0.8425555025693524
-0.09893433016223849,-5.908469566053707,-2.6323382968992726
-0.6673656459732034,-1.4780981776234685,-1.3449436821632432
-5.984728250375343,0.7830657871299058,0.9301704511591895
2.76838939766903,-0.8665864982173215,2.4082018526100755
4.346970853651258,2.760115032692314,-0.5347246003421184
3.7240459724865174,2.852299542100795,-1.3858197082113215
3.847070960876929,0.7669421224182938,1.7862189697861401
-5.6108139008470514,1.6814075242181827,0.9456295144930709
4.751990724826506,2.9603934316007647,-1.4931718566857128
-5.595423209771812,0.9471838287443788,1.25094788067062
-5.286040813866266,0.9947967728844871,1.4080104018803372
-2.0140406645013553,-1.8989166314462547,-2.3014745135176784
-2.6451726501898802,1.527548725509443,-4.0720160715162805
-0.46973237039439314,-0.6003247371634856,0.08364252320480998
4.527235063098481,3.199850091855107,-1.3572397461914507
-5.268820017024178,0.9876046138148515,1.4051222535089256
3.8466723999517796,-1.344943956897331,2.3011200710654376
4.223843977254272,2.938751936046615,-1.2342978218348377
-5.25664313462084,0.9970599321278604,1.4202627877221137
-5.2290971468954455,1.0053259172251545,1.4390053853631433
-1.9890843693925369,-2.479918405580251,-4.758242606514182
4.498308410712651,2.438461215313206,-0.7164366539127741
-5.515015105283253,0.9284314143286032,1.2549849754405278
3.0298322566702858,-1.5017070874590739,2.6327199732998046
-1.4485508822854307,-1.9801616933934816,-2.9493063187299193
-1.4152303735113974,-3.4342743005892387,-2.54067142112929
2.738566751662059,-1.0652701909145623,2.6504661747928395
5.23951740714397,-3.9217433929373158,2.509378847251376
-7.198321762731484,1.229590031967179,-0.10566289930357861
3.921032533503798,3.373617948086791,-0.92748187978555
3.3682749616572196,0.792736300249937,-1.0330487702430549
-4.2412629007417575,-1.5919414618817562,-0.8984522977975007
-5.656814436464246,1.6747026593345327,0.9226731993981441
3.002686427618057,-1.3130710132093824,2.5717620027825916
3.9911730574137287,3.3556219119199295,-1.0206083164056763
-1.1368342794326145,-3.3719503181454535,-2.779924110445442
-2.663940319553876,-2.286516277293528,-0.8163399303227798
-3.3596367868241277,-0.8485341185154422,-0.18214337575874603
2.8035354942870834,-1.1249102008119323,2.5739896369376507
3.6849815559785584,1.0690350252757679,1.1630623027780969
2.3861465401734963,-1.603774447074707,1.2897153137432853
4.5533167220231885,2.827002521621114,-1.4124116509433642
3.7498597922342567,-4.03756735110515,2.3490733200578893
-5.643592734168865,0.8945381220765598,1.173041778293105
3.3375914585656865,3.7615154022796258,2.60167898168199
2.0513557609405013,-1.4038368776919943,1.1495537660753326
-0.12516226026965446,-1.4429298888903959,-2.017775772640434
-1.5920203031663103,-2.068923079940238,-2.7178085871426485
-0.816770029732002,-3.7161499058393486,-3.4965675205253466
-1.6309471127692665,-2.1355919797799285,-2.67678067424905
-1.4151116940316204,-1.8024204950129703,-2.849007170927892
-5.231151371657533,1.0073593959121556,1.4407390415843289
-1.2608409956517128,-3.2982115074402354,-2.9056666171575443
4.067855760258503,2.7510303851321556,-0.835100141505681
-1.3890178339404136,-3.903356854586409,-3.117814465665322
3.3999220538483104,-1.6746328159921284,2.723039469244787
-2.806840835220939,-1.3907111142462543,0.30119278500146174
-2.170554785960577,-2.310318285112743,-1.4237681178242378
-5.249634686446817,0.987950895020596,1.4117824738002025
-5.626515032089567,1.68338015101288,0.94280183055486
-5.67932287378077,0.8838162411078891,1.1487305923200433
3.39671356835046,2.582121023531935,-1.2718953163380724
-5.670088993562708,1.677620344952449,0.9217516733711977
-6.1510429596414395,1.5370118542371243,0.5988724485304965
3.614009916700635,-2.075240114514925,2.748419170993158
2.721095401385667,-1.885133401175589,1.488606697550973
3.605875690771933,0.11269296909212687,1.7678111647750496
-5.265832199612489,0.9975423679147335,1.4178389905643052
2.795537830743498,-1.498533383968636,1.7856034636540634
-6.005226221828813,1.5632812609108475,0.6775358245692796
2.732246980779028,-1.517214141942556,1.7708823406259193
-5.501071359765624,0.921894943076909,1.2518038552502793
4.6651256364595035,4.23960016908367,3.5621984395707176
-6.581970155508935,0.6025964019949415,0.5223240286988567
-5.826171542324203,1.7366833315489822,0.9400152442574188
-3.696825246581565,-6.358321134091491,-3.6038586845367555
-1.5061576070795184,-3.5127063702213808,-2.571771336177877
2.9522035612526256,-1.4271913728800292,2.7144420336912485
2.7878342975703876,-1.4998880058771156,1.7766563154540127
2.9637862294349393,-1.5182790406596562,2.7443664425377423
2.1618516727277446,-0.09680593209824197,0.8715929885767387
-5.743608200182764,1.6628999108451588,0.8803562981890477
-1.4340020317099402,-2.066344492367817,-3.1641826149433583
-1.4626841466767577,3.6289508422683077,-4.737138315843307
2.373758773007317,0.42903296227043297,-1.2714750288373835
-1.4541242195729878,-1.9739136679369227,-2.9549844273928394
-0.9456956659329061,0.2124952865962687,-0.7822194327712266
2.82286649968885,-2.0122809564118866,1.571252308301482
-5.764510644530113,1.6521944574638425,0.8609239570359098
-1.3240538909295478,-3.340091774849465,-2.5802268296218975
-5.31122389940117,1.0170043403412263,1.4260486487288937
2.6628188003845814,-1.8358608261457001,1.4545473010400876
2.607762837751088,-1.5330354768173322,1.5692592928602827
3.277127622967246,4.165428662501392,-2.472911851509755
2.7768886859639776,-0.9323528485409511,2.4285290101669976
2.6149393484576104,1.4989662266017563,-0.9849018806578058
-5.242602530415076,1.0085801543803736,1.4384507335596688
-5.809336357403297,1.7417352247340672,0.951470092067938
-0.18349885996351942,-1.13914291162612,-2.169606788167314
1.8079264761602263,0.015717971669388472,0.9117266969972414
2.5592368414256055,-1.5152571680051952,1.57589693453963
3.7651240127812797,3.3127636524297235,-1.2726003636465846
-0.2932432908414009,-3.474521681934426,-0.504893665999093
3.798224434728717,2.6482433513695676,-1.2070397690606953
-3.5609599332519837,-1.003258900906479,0.5386359866465723
-0.13346147984127718,-1.4378627222803329,-1.9987082699503087
-5.273556418838354,1.002633406495784,1.4213384743223287
-5.711942273645783,1.1695020564714351,1.4757054090063424
-1.5478094243858929,-1.8074044473823272,-2.8990584146074254
4.536838137163359,1.8509631604309473,-1.792253736577556
-1.2557964591813782,-3.2965137922730547,-2.916122320286188
-5.666647446826192,1.6870138507744032,0.9339195707321422
4.649161054768601,2.9470347520516986,-1.3526035280015998
4.754584638253698,2.6766955446420395,-1.4164723340767162
2.9519290995757377,-1.3867759690602868,2.7040052135406536
4.007584902819527,3.5030695527795115,-1.4032302596371944
-6.935244873769498,1.2910719451979746,0.052814854243695274
-5.945527078731314,1.7705376505849033,0.9406881318726266
2.8191556060988425,-1.4943632557575974,1.8130127842995312
3.9033704210870748,2.691660310805083,-1.0725297558363645
4.632295231111099,4.1927379753554455,3.590873903365005
4.138873450933964,3.262229597245104,-1.266103770878992
2.822796355272301,-1.5455872104723247,3.1353833713444397
-4.294428793423768,-1.7995305321288027,-1.4448725238864382
-1.4013557726212247,-2.0193440911133593,-3.004605223956237
1.949731616251545,-3.85348048912248,0.593376115405908
4.696910096456928,2.846766840653445,-1.4881969140366358
-1.1904660226796622,-3.310191144646893,-2.858722268314579
4.364820119707916,3.209285949723846,-1.5997827330993506
2.5610774732118586,-1.5169124880193874,1.5800049584342133
-5.633089530339919,1.690116596194608,0.9485642327962316
-6.6617909594719995,0.6171385679904553,0.5135028104362033
-0.947355930173283,-3.3344364922765393,-5.878081618303105
-1.6466195915379305,-2.104311625292891,-2.734839004089246
-0.9756971300200019,-3.32728619143078,-3.151061599998497
-1.4104844963907468,-2.01957619747809,-3.0418648723796093
2.6199324422736807,-1.5298037295159663,1.5821155024577278
-5.668546962413751,1.717341681390839,0.968941065198248
-6.084513864776224,1.5519736665446784,0.6382606266568146
-5.28648246612762,1.0077298051828985,1.423149581381453
-1.2281163690632602,-3.2658794507300697,-2.8269563055105107
3.4625410948287922,0.2762594816325983,0.05959449330416013
4.815477306477176,1.5194023809995003,-1.0891384035708775
4.418158420115036,2.757029315777206,-0.9718730407343628
-1.803962710236905,-4.35253953344565,-4.475163427518669
-5.268912148478219,0.9992188360806056,1.4188165972832902
4.712765972632446,2.7325295926588327,-1.2829680704877577
4.010769378836361,-1.6980466053168155,2.8157371026044546
-1.154623282818245,-3.3834852735485863,-2.812150547749909
-2.7535800452871406,-3.001929653612298,-0.6842305387809117
-6.131649556572433,0.7377283637499827,0.8287271927267302
-5.773865779175556,1.642895820527822,0.8469295149708832
-1.2469376947622768,-3.2692406274958414,-2.8391409634646547
-5.800847218305958,1.6284905731966246,0.8211567411422057
3.246254058568476,-1.7149779511450576,2.995014553510206
3.9473943412836796,3.448939464444864,-1.235541127972646
2.950383658702588,-1.352272946124843,2.684355415498755
-6.817188268837762,1.321957958972848,0.12780585959157278
2.6150654836569927,1.498854764301611,-0.98483706390932
4.683020442227086,1.0684913896293315,-0.4283107651503537
-1.4449825935945457,-1.982876177400589,-2.9752375345944366
4.329047683061032,1.8037974137495822,-0.4349922643642562
3.4812698872350256,-1.6268126015387971,2.5075249372650554
-5.659307256527572,1.6845716380527005,0.933454911903006
-5.254573476720318,0.9950392048275578,1.4185492478298898
2.655425602486781,-1.5163326277773812,1.6842888568339638
-1.3768008747340226,-3.391485324532223,-2.5597163842609425
3.04464472639766,-1.3657530396355444,2.685645241810175
4.680075755189806,3.019249924456933,-1.5700916892372299
-0.001995863318019459,-2.7864174693417865,-1.8816944106159708
4.690166932866305,2.4331013867952245,-0.8266830875908389
-5.763302111908144,1.0978094049849103,1.3742512496648223
-5.714553761331339,0.8985709318951423,1.1546881414918397
4.546248144943214,3.853161817161175,-2.014305111596861
-5.718002306050988,1.7226956121156674,0.9590255848118299
-5.285387058045829,0.9899676364939207,1.402516826677027
3.2430424672993015,-1.7832805418909268,2.9385852891152937
5.405078539748852,2.316297502652371,-1.6571739569225412
-5.307581893998132,1.0156920452596756,1.4256844541965858
2.58242588039338,-4.113568853597361,-2.9877357189531106
-5.297779311334664,0.995364614017408,1.4048569477825616
-1.4007878943466132,-2.0073525505681036,-3.0026274135797775
2.0736273218506462,-0.06808570996194964,0.8823941793029811
2.750845232208786,-1.5072749144874495,1.7348529383395799
3.1797884426745355,3.6654640577970032,-1.2079910339470026
-5.592079138094058,1.6904922999727745,0.9624465074174575
1.6527063773526909,-1.972236593723149,-0.2910743764672967
2.4116458359089346,-3.934991745046881,0.2720370699474635
4.162195932594351,1.980431196565467,-1.4583862926820041
-1.3943787585517018,-2.0261577731478675,-3.014672872591858
4.501081297543065,1.5873451826566667,-1.6043559173111719
-1.4417414010431975,-1.9815702912595259,-2.9789408779507345
3.3455256026483986,3.0273838064112746,-1.8022671358836395
-5.62045510746884,1.6970748916604057,0.9608828963254832
2.80582583361455,-1.4705107238854693,3.1137761808832076
2.4538373370248707,-1.6846912523491189,1.3523169755598092
4.069592129675353,3.3760992089983586,-1.463814785242897
3.574077096674547,-1.8469612299650575,2.6746358193991058
3.4066472272466637,3.018322541245301,-2.7677201335232127
-7.362899848381583,1.1636117367320384,-0.23714358079122164
3.3608550334322635,3.466020408405579,-1.2384020653162875
-5.690991057778251,1.7215116895277465,0.9664864811950873
2.8521866210771143,-1.1828455317568194,2.7869190624587605
4.152532747912973,2.729451176388315,-0.8765565889050475
2.8071689290524318,-1.476378781514041,3.1154840941690916
3.575297364409226,-1.8519875700351887,2.676170334999606
3.614628326076876,-2.078957883040206,2.749633287703857
-5.419101941014362,0.9548678618212953,1.3174741251397721
3.7461217096933703,3.109425046442141,-1.7049027784033102
3.4756388834859684,-0.20233730528457286,1.7618465424697043
4.439104126461014,2.5370782842710957,-0.9021115706284203
-5.274715952325507,1.0042009114831325,1.422813024630604
-5.492277272767775,0.9410271356971984,1.2772775335421498
4.560987393757093,2.846979181210763,-1.7679848899354371
-5.676416337581824,0.7899472977131894,1.0296809708394046
4.372241444770637,2.7894472172800744,-1.4465952742585542
4.255308185560537,2.934070908559515,-1.169017316410151
2.1168382809329147,1.8434912441659677,-0.6306353833958236
2.7821671830554795,-1.502497952021362,1.771963535795039
2.2815660919834095,-1.5319801538318587,1.2498280758328009
-1.1418599251255503,-3.3393368767326534,-2.803968104299925
-5.469198726896802,0.9281089350224754,1.269531348002828
-0.8464599671421174,-2.642535373252295,-5.887247021909581
-5.769945789643036,1.6549965412456542,0.8624359082212029
-3.925632262333483,-1.1010719911141753,1.130888980419747
-1.7243179781383986,-1.81116394834937,-3.0542676373596143
3.6002535400545796,-1.9937757187127922,2.721972874898365
-5.302403675313079,0.9949118636878351,1.4028152877366076
4.263935872131837,3.6559019884704793,-2.1127173953197995
3.638880326369137,3.5351120994278507,-1.4501312987600221
-5.229866127609614,1.0050951619083799,1.4384821622983897
-6.095493010312718,0.7579025758722806,0.8643471491572264
-1.4003934918272678,-2.012667085716035,-3.0080316086289813
2.605639365883233,-1.3190846690914049,3.496212512178645
2.6254252065560904,-1.8371744154113387,1.4539002154745675
2.6149470633736924,1.4989598754817743,-0.9848979614956004
-2.636450236248202,-2.44216852115714,-3.717838623768515
-5.88308805426771,1.622064470363874,0.7866509645417622
4.013217682271298,1.9813321557574946,-1.3038498779234575
-1.7761539254743588,-3.5106243032836533,-2.118151278719657
2.7715624867057826,-1.5087861409608077,1.813468024927622
-1.7753694794075812,-2.237484492673589,-2.6693705840721145
2.715227093291292,-1.9175927266556347,1.5062535689726269
2.614672613383951,1.4991855971248276,-0.9850393327890916
4.790405399652948,2.3344435518580076,-0.5177020108781043
2.6192624495143253,-1.7993209128312286,1.4286017302205358
4.114520803819265,3.3613659900137804,-1.1974481171912787
-1.1943611551859117,-3.3056173523455565,-2.861323403625185
-1.5540585477170603,-2.0202332366195557,-2.7494756254041017
3.7321800682289332,4.075142832202048,-2.8606840994822513
-6.54215183437842,1.4140391710526625,0.32616555750443177
4.351415622547799,2.7857524884334097,-2.118145873963504
2.0580230243098625,-1.3934808652522386,1.1748261473440917
-6.436318829584375,0.6355507705301764,0.6087206962491994
3.329754531685526,-1.833824713586694,2.998726015024605
2.710405316551579,-1.5169377695111705,1.7462341626799829
3.598296792093358,-1.9820986912101568,2.7182564468449955
4.198294537785117,3.573767506476145,-2.7472844247054797
0.3438033353642796,-1.501586699589025,-2.799602196039095
4.792091158652824,3.216788057000928,-0.9860173717613443
-5.788251632056922,0.8456230516450693,1.0681078833846245
-5.257868533917368,0.9982253803298988,1.4212407377800294
4.176384806939493,0.29559324948121835,1.1729655186552457
2.5936505833634818,-1.5156448989353453,1.6146800108460386
-2.430971364815067,0.4623289120002121,-1.8132578781060962
4.703709811482536,3.0310796715699575,-1.6638976959805145
2.2864384079714832,-1.1375612962205903,2.2853293868474083
-1.4765703423197996,-1.9282363058611671,-3.007442548950611
-1.1940190702715354,-3.2962679406436037,-2.8679391588959757
3.5035013884173374,3.751877467173936,-1.9195086221767537
-5.341055206521671,0.9768810033554693,1.3689152479933417
2.9305027834613098,-1.4763664752838277,1.94322203228161
-0.7541424261580902,-2.4324241470684353,-3.4441821010188636
2.9266220366361355,4.355719962880336,-3.934668855461945
3.527367980237656,0.9597019129068034,-0.7777541854978767
2.6151725092076954,1.4987527374043825,-0.9847816554232132
4.6931624948913075,2.4918832779403233,-1.1866022663526785
-5.800641964438008,1.669314184864307,0.8692031919850899
-5.484458043241333,0.9182340214433928,1.252890830110398
4.241549064127107,2.3080734880840907,-2.6309800468827387
4.587557401727284,1.1847179285382383,-0.8006097622172744
2.8590774791497857,-1.510481125737925,1.7882747050168177
5.251936344876627,0.7625070039093337,-0.944151050881354
-5.326496438980381,0.9719506347565288,1.367832497022456
2.139358889964912,1.855553382118038,-0.6655014117334692
-5.497230431967075,0.9364483559309127,1.2702529869734382
3.214870630941646,-1.6574493486919217,2.899715559201104
3.750693976045494,-1.811793226978018,3.0548387013061986
4.836501621829172,3.4885793070653426,-1.9366236557092866
-5.618828681508352,1.6824653114535693,0.9442458193792087
-0.12528890464779405,-1.437391189846474,-1.9926117846316804
3.5178946425244733,-1.1797317834427172,1.8196343798025454
-5.8452235088407525,1.6324072439857558,0.8112161074893386
-5.632703175308756,1.6768334072200428,0.9330796797794909
2.8510785243639214,-1.4874955341338927,1.8515590371238708
4.912625736172914,2.3165883042742075,-0.6642948607436137
3.9864293250594467,-1.6863086524882105,2.3706075677897895
-2.1217285844991784,-2.153790300936485,-3.079364975776246
-5.350090937361547,0.9728707176828557,1.3612323896536056
2.7085643375163917,-1.51384542644546,1.6846151368477933
-5.633764321782746,1.6824897902820224,0.939379539923481
-6.959789172575646,1.284576970289427,0.037137424368329584
2.896524328347852,-2.032206242997265,1.5932714178633034
4.636154271170768,2.9214807948047605,-0.5940515964908687
4.224700445675834,1.9387005222142073,-0.749599498943573
0.47659899055546473,0.46185088489448667,-9.312573123991664
-5.687249671926208,1.7117293824364461,0.9562155328018991
-0.46867146281100086,-3.754349790417177,-2.6916094299655193
-5.607388556634313,1.6826641722960707,0.9482290144276535
4.6608529510661505,2.770182658264755,-1.5731674969922116
-5.523436038526211,0.9486852608671921,1.2761756450944093
-1.2599984329095266,-3.2759161987585457,-2.863899282907616
-1.5603029955493206,-1.830297188985687,-2.937750432088006
2.9030900855852786,-2.0371983095330415,1.5979037997657766
3.3553696395124244,0.6747376346197282,-0.1494833732209788
-5.482535182772401,1.041360130509906,1.3990172559533829
-5.611640516872964,1.6859503077088194,0.9506974213543222
-5.659944697274995,1.6653961701930244,0.9107099574935306
4.519428828477656,2.8027895720585794,-1.0604460272505076
3.799710860550641,-1.2031682096057248,1.3532216169867899
4.231286076114625,2.8867684030715135,-1.194639642675256
0.08100500697308702,-2.753060482662199,-1.8362916145286474
-1.8338082292030493,-1.2634126562736987,-2.7944250803540105
3.586496683462635,-1.9129134893334752,2.6957211779017087
-6.823268732111345,1.3242589480222318,0.1285172494925562
3.7389965127801705,3.009933780655036,-1.3960769817017284
1.802664613168979,0.004919787919466663,0.8862012992547196
3.614806336623944,3.557713505538712,-1.1572921313909668
4.449556140097097,2.880537436555553,-1.1471468178513555
-5.655866648536473,1.666424447296567,0.9132550004709864
2.16198716056624,-0.09575416331558985,0.8722326012856235
2.5427045551422522,-1.763833483266787,1.4045240944533828
2.7120057913430524,1.4365478846409454,-0.954059619457235
2.6640581184317464,-1.5219726155852709,1.633407119112704
3.2666305142298553,-2.1796152683389534,2.8235868346684625
3.4819921005922776,3.0100706990132005,-1.209129024180331
-1.5925989694233136,-2.06047598216507,-2.7099099745400035
3.076847977137193,-1.9843041525166223,2.714749666300196
4.236171688020627,-0.34137225702589635,6.533285452296563
-5.9539880909854075,1.628657484194032,0.7711635559869808
-1.268997418130741,-3.311629646817669,-2.931536450922002
2.811328484659231,-1.4947335586515975,3.1207710293550983
-1.4153577442263303,-2.0626395729226625,-3.11332455822398
-1.477574874547795,0.2428229823494523,-1.5695875113046613
2.7611424868897503,-1.0415913895920568,2.677068881040587
-5.247706440540994,1.004893050559554,1.4324307907469376
4.464604876201917,2.5804989705081587,-1.1639273387187945
3.900398292014491,3.2502497705421454,-0.9232854317873288
3.9563815802790834,2.1371968261870498,-1.3219354630929345
-5.27795136229022,1.005341938986601,1.4231072763044523
2.0730866682744624,-0.06988464483745106,0.8798781877606631
-5.842904769822911,1.6445734612488128,0.8262748215290988
2.242425045688687,-1.5576284138690182,1.2632265666650893
-1.4049567419853484,-2.018724104849469,-3.0108144605935006
-5.617089845529795,1.6839688552965333,0.9465827427807982
-1.1530040652435758,-3.2692432802256435,-2.897350630256311
-1.4613147900240213,-1.9872824191580851,-2.959754927229683
2.805555487432232,-1.497320685343953,1.7978811432137571
1.985497163256354,-0.04053918105853872,0.8939838982116443
-1.6638457934972126,-0.6779377821048427,-3.0978817885364447
-1.4593253687911483,-1.986320893480785,-2.99686338011645
-2.8452387696721555,-1.520377539894786,-0.796190311022287
3.761902528520863,0.06738420453757549,0.7479695935498922
4.769697031194475,1.5228688488351891,-1.1104187060253643
4.686951947848982,1.1179797558596696,-0.675837861101127
3.4785602038603813,-1.7746778285431877,2.7120160240482183
3.3013519254103354,4.694872172533607,-3.585578913589598
-1.5788788457244987,-1.1625120957878452,-3.2458398850147687
3.511838042209496,0.9489532892365391,-0.7382696148644301
-0.878456057733598,-3.744809377134113,-3.297557805069576
2.7765313750402294,-1.9311585835538492,1.5224501732997566
5.039005066828007,3.390559030617807,-2.543789575028632
3.7619891227967455,-2.185261552927964,2.710602080979895
2.6361027711469336,-1.526427312791226,1.6002719559046714
-5.277662826739266,1.0203573884840687,1.4409452591767267
2.5302140503477006,-1.7524854390422893,1.3976370554905988
4.01554048512251,-1.6570588553004044,1.8041010550033756
-5.771259977345765,0.9547197503226315,1.2025656816760746
1.3499047804464293,0.49862313862045804,-1.4093216895547427
-1.321851261841575,-3.32594553459982,-2.6020172795100716
-1.299941964928805,-3.353323690677352,-3.072209801229112
-1.8033569010164627,-2.663023197923195,-3.074165225225734
0.1440556423544759,-1.217345079144195,-2.0956908786397412
-1.6348911343341734,-2.1155340991288623,-2.6457936968083353
-5.61416288118503,1.6791343528023832,0.9418604163844544
5.023969938903091,2.3949482151481365,-1.6370874169754048
2.954098914158699,-1.442132223673521,2.7193111749458434
-5.451428253755341,0.9252009330454349,1.271885245406719
-5.399921363244318,0.9476632940811207,1.315209846763481
2.7914996346481717,-1.412575455075641,3.0976317325733342
2.793604317762973,-1.4195176120476822,3.0994630829860705
4.795265662646547,2.5268426845237397,-1.0560313292731824
3.4012862256758836,-1.682852374371802,2.7254768794225708
4.458449142543886,2.889892219280062,-1.7657831617651265
-5.8018460914804715,1.6275455460613895,0.819718729967626
-5.6412537096613,1.6837959225973202,0.9384600268550722
1.797921104604242,0.011287793720081913,0.9035641635061985
4.164341261685064,2.5519643966416172,-1.4809123183541555
-6.953357662352247,1.297982014205724,0.05499982657185789
-5.275836665326257,1.0059765161077303,1.42454613973253
-6.187037895232634,1.9070763441369198,1.0220125035314178
-5.687659697448953,1.6737412099649767,0.9114340817366849
4.400236160261395,2.4847949141859265,-0.17942672767123355
-2.706871020092863,-1.4429041852775386,-0.3358011886433425
2.7564875404776688,-0.8261119277039448,2.3977398569537347
-5.6718577580710035,0.8577971332779004,1.120416800962352
3.2889487898159495,3.69217208766258,-1.1670964807207518
-2.5324730582538373,-2.410967105824787,-3.6470913907984914
-5.68297122523131,1.6766627623031862,0.916404288437919
-5.247080253589377,1.0088331597016689,1.4372908404314366
-5.642131051883294,1.6860099489694411,0.9407745690826312
2.611712764198135,-1.5162631581160744,1.6358667625008427
-1.3926354330921622,-2.030588018008338,-3.01551537077872
-1.4093665114288922,-1.9716147999984863,-2.956788596627822
3.0209792814557623,-1.4012388349330496,2.600654160298942
-3.8300385741047878,-1.3326852812706682,0.969007655518872
3.3220262583511007,-1.2861255715535702,3.016189391563343
3.626567987944762,-1.4008362851355787,2.334811311352041
5.292002326804843,3.7743455391038028,3.3437098193070005
-2.8856209221987825,-1.2026499543288844,0.38615987444459376
3.2481809114890696,-1.8135490692729133,2.9484209239855077
4.764657633464235,1.7080465883148166,-1.2321437795221388
3.602327207772021,-2.0060210772202134,2.7259608157548194
-6.765968045812037,0.5624265258732359,0.4149075212922879
2.602978203073139,-1.5371076129240757,1.5674826814971716
2.698912016664698,-1.5159779072722093,1.6739142401212321
2.565543989655663,-1.515065030154188,1.5828546180819811
-5.736182588199903,1.644735521037127,0.861442031852402
-1.4344961600910147,-1.9784149215278997,-2.959842152887164
-5.604845025081599,1.682130206701002,0.9484351447048758
-6.902804377243027,0.493649120594466,0.2890512370755358
4.188597125479859,3.426305358849595,-1.601783891949401
-1.3240720175007665,-1.7435062216654598,-2.7495074000794975
-1.4414372500207644,-1.9767800705794731,-2.9581807492128083
3.9747095342944383,3.1832650531579096,-1.094818052096999
-5.619881125537073,1.6896463706459972,0.9523404664322117
-0.3144325695028909,-2.3591451956849805,-2.5205486237117865
4.781081455466531,2.6804889075135456,-0.42979689292820594
4.009590714397642,2.597271194133496,-0.9271328094306198
-6.1308694854297885,1.6042670248784434,0.6845284119995533
2.582484496452512,-1.5152934239560978,1.6019823337416226
3.518261532555561,-2.261408729896337,3.085818142296983
2.800604872434509,-1.9925794171006683,1.5577856121824518
4.479256120442782,2.7217752149221006,-1.0074932025299637
-5.379107748959389,0.9623922026205429,1.339396049716579
4.060954199208263,3.287089916337017,-0.9586995534256506
3.8541536633075038,-1.5545559441253658,2.355798271835972
-5.340540074829204,0.9799720935753422,1.3727358262999383
0.6901343355043571,-1.7954820036314945,0.24593541369610364
-5.686774747888877,1.6747479717423177,0.912907333209347
-4.479237892193001,-0.37193068256387374,-0.01512388282502395
-5.681971762083637,1.7049246749993028,0.9499477227995323
2.6188176008023105,-1.5153165732331826,1.6424375043898387
3.2237182439284853,-1.6751527864739288,2.9037806977697316
-5.699311931050546,1.1170115438450194,1.4177908832676132
2.660604869079992,-1.5161184146819517,1.6899953745731262
-5.62083643463166,1.6859270334382606,0.9476561782053337
4.575084651536345,1.5328494026066841,-1.1430224411287522
0.06754621397951047,-2.2585404405649734,-0.8161880820229339
-5.658942801997703,1.7072414788970471,0.9602179238855071
2.795109042930881,-1.0724451672834583,2.4763921496603545
-2.1897168518986034,-1.236526506789821,-2.478501012042276
4.641839218135727,3.0480284296380353,-1.3872826583427031
-5.662854863392709,1.669572120818665,0.91466383079284
3.7932481812578978,3.8851831690866487,-1.6793980853041321
-5.579685308094166,1.0591079604979319,1.3883388942266432
2.716931685379316,-1.9184255062963085,1.5081621606843982
-1.40785717998895,-1.9858536769262138,-3.001665805756829
4.182686291498717,3.6147480413619477,-2.722735281210375
-1.3809231049328357,-3.4008410825618562,-2.5503570080401743
-5.526974607342676,1.098375636191153,1.4519156681907923
3.58740843114021,-1.9182031853550545,2.697465469488377
-0.2458101284815217,-3.037558068345763,-2.581468316453224
3.864970254208524,0.5839497484142951,0.7653955663821259
-5.737062483099241,1.6582054941806996,0.87698430804784
4.144719544520199,3.044181904534894,-0.6525064419420975
-6.945498435205159,1.2948961695603591,0.05394884739971253
2.5824145105116068,-1.518534927361612,1.604991616585694
4.597686601775339,3.1034295192944716,-0.8009194445606465
-5.671917784560496,1.6729644496742724,0.9156803831093862
-0.80946846180035,-3.721449743405636,-3.4849412626210587
3.598587520024325,0.14565394850477814,1.7970414535874535
0.4959319733428448,-0.41082097404782125,-0.0038331124297721125
3.8146835480403465,3.6171863865576714,-1.9395863095380872
-1.494819006605167,-2.392879964655141,-4.174520777711658
-1.4130164292852265,-1.9973827134349667,-2.9933149980016993
4.072850563906592,2.532973638258171,-0.8663577967575484
-5.824169439330272,1.6253531255965505,0.809825771782647
-5.66174600500523,0.8703294519545608,1.1385200298958926
3.998879534012827,3.2460655222814934,-0.7389607045985713
2.842087533685469,-1.5241897697928595,1.8952158679669195
3.8931757641902283,3.4094535351194173,-1.0465549597859776
2.5590748817985896,-1.518100768854029,1.5789500563513554
-5.200962219285816,0.9457585280076097,1.3687149634445304
5.344551019980054,2.363567930429529,-1.4670298206174965
-5.814054661573752,1.631941906413708,0.8208843295895144
-0.6348868870022037,-3.788610504735106,-3.3675237355923673
-1.2732456255826585,-3.306598755907618,-2.9366196707030556
-6.118296533808038,0.7326941601315471,0.8271289457973808
2.9638113972621944,-1.5184472776914055,2.744428641650287
3.7167456769025526,2.530711181006331,-0.9582913036774683
4.428718833486643,2.369062875926154,-0.6040905886567204
-1.2830208394055445,-3.3225039815613493,-2.9784426598244838
0.00406031252744457,-2.5742114710155533,-1.9529991911634015
-5.692313116047413,1.6658497613353376,0.9006344103865996
-5.749459557705436,1.748984476884278,0.979613431322891
-2.4289551910592766,-2.9673588993555318,-2.873067660178099
4.040264016395689,3.278310148183158,-0.8585500067909284
1.479218835500973,-2.0242966414686525,-0.4091172372568421
4.2802124482037085,3.0376575178864726,-1.4841110362943806
3.573065280751225,-1.843396646081818,2.673700039986818
4.245748715857653,2.4998199449238574,-1.4970847665363975
3.7422607130630574,3.3867961992131512,-1.8830952614576162
-1.2063902135193796,-3.3261577386054113,-2.8661665147636692
-1.1767357620185537,-1.7295727331614121,-2.6815964777657784
3.9857766555406346,3.547137895098874,-1.4323042432996245
3.78286709318617,-2.307606296113485,2.75029971508104
3.828054605334748,3.281392810217179,-1.3266052794367094
3.957087111216572,3.4000666805913045,-1.235818913975056
-1.4871582923074678,-3.212596564250225,-2.8701777994679696
-5.376006061476452,0.9853882587557106,1.3675812047838969
-0.2106726108149852,-1.1133417950252875,-2.1787476729020274
-5.497357310986586,0.9696199477485621,1.309411070071195
2.582963148221898,-1.7686857509132792,1.4072142097706795
4.513647487738956,2.81671981400958,-0.39291030351728307
3.5075928901091378,-0.028246685002164214,1.9150215271194302
-1.9353127200517917,1.2664044065915459,-3.6321218099162462
3.500568061045573,-1.2982667765391536,2.5441749617724954
2.787215695293144,-1.5337376211083078,1.7049153979921303
-5.658503994080108,1.6865410026076662,0.9360327214664219
-5.608622859904906,1.6852183047410172,0.9508261624927405
-5.685800823603523,0.8999629239826508,1.1657008322790903
-1.5521065780119911,-3.248491295805327,-2.925047901826352
2.9545611486078673,-1.4455706531505714,2.720541336886185
1.8866084892250274,0.3759424309691091,-0.7724850335185044
1.2166159514595118,-1.0242203702801342,1.2821550763328025
4.948377196060592,0.7289683897720448,-0.4698677883587386
2.7911395948282047,-1.026014939515946,2.542559409574704
3.563321439241937,-1.7018342159414108,2.483454549917641
2.993859897515875,3.823411954925789,-1.3317686068364183
-1.5675476351179467,-2.077122697759654,-2.6584965982434317
3.4876094830152993,-1.6892482453426738,2.600950658901376
-5.246207611201407,0.9937896336519554,1.4197984001003097
-1.3360959695058565,-4.253235412203465,-5.2924411354670475
2.8122155448384993,-1.4986850999850119,3.1218956964368454
-5.837500832154356,1.69844834679229,0.891364766806337
-5.669256116702921,1.7087403789873843,0.9585995899060118
-5.693834781524193,1.671177239487914,0.9063969189022548
-5.599806106167624,1.693136840753076,0.9630220502639573
-1.450391080664893,-1.9803748685263307,-2.9757111446815716
2.5419733872960335,-1.7630961261562903,1.4043867111218309
2.797353952269244,-1.498876586146125,1.7884886669070972
3.4784040946057266,0.4381638021219971,-0.23031120953142345
-1.3296532524871194,-3.32040128888705,-2.605414033750067
4.658782152513179,2.6776544940942792,-0.9782981306679367
-1.236020884521342,-3.2680574732521737,-2.8192773107056515
-5.646954421556845,1.685245072549808,0.9382948393142547
3.5958505543848713,-1.9677216673642453,2.7135538146386957
3.4936335610275893,-1.7021901512099764,2.5297408037435134
-5.247256822117696,0.9943878727001403,1.4201634653209319
4.075662615769875,3.806752417423472,-2.066833474661664
3.835274876611044,-1.2825643905447743,2.4191132057956546
-5.603510068160197,1.7021597498907441,0.972412490288111
-5.318892646306032,0.9799132976916294,1.3797192502841515
2.7281834074227675,-1.9283839127743563,1.514876299979996
3.3395387975474398,-1.850757951965527,3.0006621008529066
1.5067118262466053,-4.3058255005550325,-1.0815387015630857
-5.236117365145172,1.0047524592900743,1.4360404758973726
4.873941602476373,2.8968006704814404,-0.9768065129708595
-6.702433489723956,1.369969645851917,0.22184178389674195
-5.6759964267405385,0.8777791034961946,1.1426802484356964
4.248999575712919,1.2728183088341267,-1.012697444340734
3.5745858746448307,-1.8488979818179279,2.675284877231095
-5.801256625402233,1.6357823341857305,0.8295922563100754
-5.663501759088844,1.7058734295190314,0.9571159585730362
4.115481449627766,2.6959315641811785,-1.2744150869639594
2.602175357999713,-1.5169487868794003,1.6254773897107258
-5.350673042558342,0.9274129899317343,1.2982610300748656
-1.3699938436504768,-3.3621852870255746,-2.611121302559629
-1.2679721889901143,-3.2874190918577235,-2.801453030964374
-5.421593461174541,1.0596474893642363,1.4404826838351827
4.719338448784933,3.6323208965868585,-2.7881399154916067
2.6069663575062365,-1.5331492701226088,1.5683035471735638
-5.29084917804022,1.0064194446340755,1.4201784218351687
2.4618973558905783,-2.420287771921259,3.4959277074995563
4.703539858653512,1.354833233039556,-0.8390179150883718
-3.2148827639762825,-0.5968162436610074,-2.0391179056549045
-1.3816809681673667,-2.051477220372346,-2.9845465685414543
-3.8897805603425817,-0.7495979608541221,0.5757072201218306
3.8493257858578853,2.421721314959732,-3.0012142459072026
3.4611376680755375,-1.210991584289172,2.0839319608079023
3.9198348168052966,3.4388380381322885,-1.2963555690911088
-5.432716217933051,1.0563097785323272,1.4329146359342684
2.820962980337789,-1.5374441525248286,3.1329653309899976
3.681976401526557,3.089866290266647,-1.4724018234780634
2.7817814976133963,-1.5030207677797909,1.7720471990396875
4.144330165544424,3.101695273844819,-1.0909184786696962
-1.318048554282034,-3.318943255539272,-2.614768603259925
5.43843408890719,2.7569764019176177,-2.3495108261790603
-2.130775309626683,-0.495980639179757,-0.7089353494665305
2.6955095474718265,-1.5171121142750803,1.6705904611045606
-3.996935151337514,-2.060930669877487,-2.178801752499132
2.8197302823010166,-1.5217427055618242,1.870021464977395
-0.5946463774799915,-3.720645943946344,-3.3530784642164666
3.9309597786614363,3.241437646304496,-1.1455345735887106
-6.582185590857816,0.5983535327406195,0.5172400800990581
4.764475572048092,2.8352188261948563,-1.3794060899385814
2.139537939898757,1.8553338837557245,-0.66551056031642
-5.5111361701454245,1.0796781487360585,1.4349804931419048
-1.7003247437747535,-2.4521331319039184,-4.329025204174761
4.326493369442515,2.5655700882537493,-1.0845603629795555
-5.299321915546895,1.025987541745872,1.4405419619531152
3.511334623683678,0.7894188987580666,-0.49783757805878737
-1.1941674319905273,-3.2995477590147053,-2.8702754399506474
5.301228095073788,0.5602975780700715,-0.3184815687226665
3.598421559801315,-1.98287564188812,2.718475912233908
-0.5677501064512731,-3.73259478839694,-3.2671877956069886
3.422439030314058,-1.7227393715818615,2.750383269366257
-1.6093193994322081,-2.0757031993358983,-2.7282388409581935
-1.1936163918349363,-3.2868012695500766,-2.8459039876908494
-1.580886057290481,-1.8306249158837917,-2.9446227036364347
-2.674282806300212,-2.0716024610222346,-2.6658764350715054
-0.6239407032436863,-3.942160684519011,-2.813273850520082
-3.8844888397380246,-0.20775038616909997,-0.5196660460535338
3.892827089850603,3.671098008625879,-1.092453324717962
-5.6892351494165565,1.6981513676684203,0.9396066724417855
4.417812373063725,1.9088875525830347,-0.9904851458558187
3.2323277412978753,-1.7008905319278367,2.9955104772423944
-5.467740408381995,1.058590813591346,1.424199335112257
3.8549044367296585,3.801496089681394,-1.6502183597801845
-6.478552545943152,0.6514329315730425,0.6137284877281467
4.640068331440362,2.7125456421291574,-0.40511768143002574
-0.9332482075809618,-2.204906532186485,-4.781828291964209
-6.472407004645695,1.4212061554037083,0.357447004327746
4.206148365178278,3.7492933804433735,-1.651976821011391
4.130455061724263,3.5232213312109275,-1.6624262341681206
-6.041609366460809,1.5706951494201462,0.6743248356822317
2.695613369198522,-1.5162643652170542,1.6698153070678483
-5.294761102806775,1.011470268718436,1.4248725418548187
-1.4976007445299355,-1.7617928547401536,-2.8386498717858353
-5.2411306379600004,1.003796299458826,1.4332772167639682
2.7727434099843533,-0.9000156332972917,2.4181988269514485
-5.287642729177468,0.9975139629757077,1.4106994003740951
-5.754880364651409,1.6502831678612235,0.8618338565849372
-1.3115629546186682,-3.365336787074765,-2.550990161997316
-1.9356356098131413,-3.1003303193436778,-1.3823193659051423
-5.743526410276826,1.6441418287570508,0.8583373772170956
-5.398107178939372,0.9756523929016421,1.3488755802463226
2.5609509381629096,-1.5163072857026738,1.5792778200634565
-1.436994800718059,-1.9704523339705413,-3.0655732981128927
-5.512599509624423,0.9283405914471894,1.255664665561107
2.7345795831179376,-1.5172004684561462,1.7734682473195986
3.248167325731301,-1.7204839686334705,2.996466477665482
-1.466904546504532,-1.9934444166604561,-3.0049497859756946
-1.271058318055131,-3.3102295279586325,-2.932489044972972
2.6139193068167628,-1.5158498811600387,1.637498402886908
1.0512858405676941,1.7396569868593412,-4.8123486605467765
4.012731648848929,0.10956537121038039,1.1165910520402595
-1.4852881006614027,-3.452584802134226,-3.475041349994196
3.362432610846256,0.6541427756478413,-0.1392455715561753
2.808437433901078,-1.481966760101519,3.117158625761186
3.7471152033508344,-2.1277111273038654,2.6934598651746904
5.779669303193028,-0.235167232509267,-1.2467946296310501
2.5656473611860773,-1.5151284371667684,1.5830650534564732
-1.9966312304287928,0.14953626585556898,-3.000816763262883
3.7655535931452384,0.16061865193714334,1.2224851239463819
3.5830654380472517,3.3667617387715847,-1.0573470590369087
3.6232931386824063,4.520696562780043,-3.238726044608442
2.7847116155997087,-0.9945776146133767,2.448252496025163
4.232427024327294,2.932775913127597,-1.197123445025676
3.2774477995046505,-0.29609952665519607,2.144587022780639
-6.128340807473362,0.7364855455831805,0.8283365851374523
-2.8836582531126576,-2.481838853910442,-3.8783780760747715
2.8129218277283647,-1.501847649874383,3.122799162383708
-5.686072565489659,1.6613825474245845,0.8974296147694699
-5.342652313837456,0.981006716565064,1.3732702647061172
4.593123680783987,3.4214397180033775,-2.1339600544591764
-4.62322044327881,0.5146810722625377,1.034345490407685
3.5645677723025577,4.327483375728894,-3.2351656828321924
2.7237487555958224,-1.5110266923742428,1.7021552510269933
2.4122761893298015,-0.728256481859864,2.2313374156388757
4.610482264458065,2.972999375695746,-1.1002910117586708
-3.0277583132157164,-1.6927934669690683,-1.8681422821954567
-5.276569224734977,1.0046743382682024,1.4227686724852415
2.760804912381034,-0.8772246744163201,2.4970712098978862
-5.674780855809321,1.6731720892806052,0.9149860769163426
3.2246742203428473,-1.6794273757381561,2.9051480147142414
4.161373812620902,2.7814796750163424,-0.9841074746908494
1.482419298351594,-3.1668428091570724,-0.9580530688997559
-5.697692175430292,1.719500821767289,0.9619269659165115
2.5659727444025133,-1.5155995760576273,1.583859607456529
-1.6000353941583405,-2.0754399937765293,-2.7166866290689033
4.529129122133324,2.9250984600397265,-1.1437868440334147
2.7491375728597367,-1.5172469027962003,1.7898900404360831
-5.429822393926039,0.9352343236666769,1.2907807371056643
-5.294675867948436,0.9937349999686402,1.4039423448049402
-5.270350655134178,0.9851732785410903,1.401750533744374
-1.1563166437519021,-3.376023076331921,-2.8423265649865272
3.7177527040716156,3.623951868791688,-0.8210337230624458
2.8416657046900444,-1.6300752786191501,3.1591273691901316
2.733126789083948,-1.5172026112952575,1.771848842361683
2.7584202602435726,-0.8274249144879118,2.397604958458557
2.116737689412652,1.8431479482549404,-0.6312895696774279
3.267353550058107,-1.3282515159216017,2.2707713481509195
-5.728708539649408,1.655416904020262,0.8764448632782021
3.793883110380524,-2.372956367863813,2.771550417944733
-1.6816289495112025,-0.6569969363186781,-3.2045550211366414
2.793958106357281,-1.0498579619888933,2.549106918072255
-5.314668165645407,0.9885514156095079,1.3913032703471189
-5.453847984226704,0.9411226929635221,1.2899109512318168
-1.1934798634311943,-3.302925883696749,-2.8679480261308963
1.8122924023745142,-0.0202302534177652,0.8557151618135933
3.5834764254148586,-1.8957016569224714,2.689897694375438
-5.604345780925091,1.702792769917596,0.9728825744555645
3.2770898097108025,0.21940078192453935,1.646680524490528
3.290607895575922,5.022437790345033,-4.153464067494092
2.6831165676269766,-1.8530812999994422,1.466309951166617
-5.594373311700772,0.8943292392275595,1.188831001247686
-0.43933046110584345,-0.6394863490257965,-1.078561520719042
3.5861524308935775,-2.933741079719362,3.2649705036314267
3.9982191577543302,3.190040073602659,-1.1154275442532624
-1.403445861726041,-2.0306189449939196,-3.038582803278817
4.018708086831872,2.623505342227221,-0.8245621609088084
-5.750715568309144,1.6639869157939877,0.8793045200968735
5.0841130583194785,0.5239934602764091,-0.9137399247878116
-5.378077263085234,0.9514089763586098,1.3267532232740669
-5.637981339961198,1.6791475735341095,0.9340694921128903
3.510926704721377,2.3555035548362104,-0.9630304142028728
4.1817180348545016,2.0874704355915696,-1.1062952845997114
2.780936554751004,-1.9349537444573204,1.5249042505643338
-5.383950771648487,0.9784815687818105,1.3568310579238139
3.2645979016686573,-1.7899674382011406,3.0149460013052156
5.1190268877387,4.762963607405966,-3.150786128900614
-5.3748031591588665,0.9681610163197334,1.3476155109772394
5.136026253458341,2.262744426972481,-0.3550991441418506
2.930786956122445,-2.4989220733682727,3.064351412244203
4.153659309445503,2.6942319203582463,-1.8673535009828302
3.4071093853234964,0.7966304361526748,-0.41238716009146104
4.23423342058698,3.007121796018949,-1.325995689466574
-5.331032744253746,1.0228673602542067,1.426523363557908
4.552963913304611,3.0212783031400163,-1.5098506573172672
4.130028759044089,1.776883366442157,-1.2723250534785768
3.6770081131907664,3.6069699372110113,-0.7671712169878608
4.1212582679830945,3.7330830483028348,-1.8544591674214161
1.9365750558795478,1.9525956519181626,-0.626131801017267
2.915709065937153,0.026551439413693853,-0.8274330428575702
-1.501132304407456,-3.539584479470904,-2.4308568751420387
-2.279328355573973,-2.5141500734595343,-2.5589057925670997
3.4565492262807065,-1.4887320100176855,2.4617655664756932
-5.460775996070846,0.9323866059733499,1.2773304095113263
-5.428425431689511,0.931703220252273,1.2870635324182418
3.243951803513881,-2.269337809494638,2.8548639301527197
2.9096085010991,-1.5215156971212807,1.9710846674983846
-5.629662281421605,1.6727011227780446,0.9292200478826518
-5.39640443871411,1.0471059225522952,1.4338685615222897
3.8339582765672318,3.686673871958061,-1.0598383963126603
4.322182603737229,3.0624226722538483,-1.1745823457226914
3.6539353357192383,-1.6192765683646333,2.431003330741113
-2.076361315981074,-1.0765379589688244,-0.8669618317572756
3.8161510110194112,3.611404926218213,-0.8831576204059256
0.26583498152490237,-1.090485260555103,-1.4198417120908224
-1.1929798850338245,-3.2978160914817463,-2.852289392757045
-5.2375261685759,1.0072857836822857,1.4385750912583728
-5.603613614700136,1.6829127055635418,0.9497583449473714
4.763242119945543,2.7527206495333565,-1.2032855372300144
-7.1477795537251,1.280378190928606,-0.029407763678512146
-5.476066034146789,0.9344555125610201,1.2747935419680152
-0.054405609854169174,-1.9179636514999632,-1.4232041261912978
-5.272525228706214,0.9918170549711434,1.4088927843875656
-1.1868687222790386,-3.3315250343101614,-2.89500061134787
-1.4494270444519965,-1.988526730326718,-2.9801896622435504
4.246961466407124,-0.9500612031751937,4.882516168839011
-5.455857853847992,0.9711974754288857,1.3247958353890903
2.1172358314580633,1.8431437542489215,-0.6303986428617405
-5.3003733159978905,0.9834604159994047,1.3899446348282407
4.442569117138257,-3.434616286510297,2.197741716239355
4.574529522330171,1.6042643634599334,-0.3878091889036352
4.0084357978323855,3.1758026625784552,-1.1194443824995972
-5.260180393617397,0.9986483827039407,1.4209873708898464
-5.639625922149313,1.6775524624305147,0.9316558391048615
2.570358106259225,-1.5154416433141555,1.5885518526164402
-1.3234476033860976,-3.3311858724763064,-2.5933850900971005
-5.461780370650719,0.9420609417403458,1.2884352450458936
-5.674530632620578,1.7097300809948512,0.9580341659496041
2.5058870991331013,-1.704113568605003,1.3612292821922556
-5.438918874880296,0.9338448675989142,1.2861750371017893
-1.4005782290156341,-2.0174875743022427,-3.009891556345617
3.473745542147469,-1.611706414215908,2.571552745820399
3.900969665140356,2.8334779658320035,-1.0106886818924035
-4.46686290285342,-0.36846588283524095,-0.006743965773489103
4.891009827333443,2.628966340896144,-1.4661746835020841
2.9555562336082275,-1.4534469031902133,2.7230883847270806
3.475127489750386,-1.618027128030827,2.5757895545390572
3.2943100920882538,-1.9220425049804555,3.054899548463073
2.5158243092612573,-1.739871445509229,1.3888404585900447
2.7085505071042726,-1.513710837631199,1.6844387553347933
-1.5939760433638195,-2.1253409830168146,-2.6522494010210393
-5.623668348310187,1.696110664086743,0.9586965713763329
2.6308558733886187,-1.5311337246992371,1.5986066177793619
4.023707462063887,-0.19139343778016518,0.1441706413984212
2.901259399562391,-2.035704931926301,1.596901611563429
-1.3018695414420567,-1.7543882919468392,-2.763788946214262
3.0202899288553477,-1.8855915912128427,2.945486904722904
2.615226563593349,1.4987310622348637,-0.9847575500475514
-1.4000342511160004,-3.3801747931787447,-2.619605856408423
2.408809157314647,1.4930165765608052,-1.0920428464022687
2.6394842665934655,-1.8496563991715544,1.4622385592236502
2.322084655676394,0.29159074774702853,-1.0013049266538225
3.661621759564147,3.5104266508988133,-1.2732022894557924
4.593310010610721,1.2768066248483634,-0.9627526149279626
-2.3844277202375532,-4.87537349326097,-3.7431065193809006
3.45082564180542,-1.879788517078563,2.800802733781961
3.981142017475839,4.326650514350408,-3.084596042084556
-1.2045232797005159,-3.323833404625572,-2.920322991530211
-1.6949499706825848,-2.1781432149421778,-2.664117794961815
4.169052238222778,2.878209332460931,-0.9811376953236915
2.6408131107423785,-1.8174000591832384,1.4414390856504677
4.018728492817093,3.347617367307741,-1.1017611505433058
2.1661906475427197,-0.09218750465006444,0.8852665247361894
1.568311881631357,-2.163900595414725,-0.38329554640480334
4.696462382465816,2.8453025178685194,-0.6255124568951802
2.569047644193059,-1.518405821388506,1.589947709003184
-5.631974159441291,1.6945020610363644,0.9540839172004534
-5.680500461576631,1.6616963609709439,0.8996246677109047
3.7622462248068294,-3.374375567787037,1.7023735018087294
3.5376683253722483,-1.160225930998676,2.5997492744515567
3.792341504247134,-2.363953685281985,2.768501402653263
-5.458196169945345,0.9410672490294987,1.288428758211844
-1.5621285996439631,-2.07689025428166,-2.6869321996076496
2.7932308408842443,-1.045556925561307,2.5468472932121426
-5.5971294638591145,1.6976209728451206,0.9691693310117275
-3.629795203736419,-0.3815640343501604,0.21648862625803844
-0.12394551542832552,-1.4302732341520135,-1.9866943179404941
-1.8877711253183915,-2.274311374418033,-2.7266532094302387
-2.4420426606985823,-1.5939291351301175,-2.172733833394051
2.237900580316681,-1.402830072396672,1.0544153755265693
3.905962072307054,-0.6781875736652441,3.0859903070690797
4.002937299938871,3.2457485452334263,-0.752012660108097
-2.154110558622553,-2.25928058815899,-2.9927804411746988
3.6279112945427285,2.9212360617974564,-1.2024686619384635
3.1180769065944327,-1.7031944726408867,3.0590535609121297
0.6644318694241494,-1.942783550763251,0.08808646392467726
-1.3112683248031092,-3.3655037513966914,-2.5509603073044462
2.8137697357180813,-1.4958856922341441,1.8074316901230738
3.478425235263081,-1.6389388700232446,2.5804246527098837
-5.257747866697433,1.0083121545833462,1.4331995985684245
3.923494545388635,3.3790879776489007,-1.068245645192903
2.661926582745075,-1.5164057165058216,1.6916149865741086
2.7757333784050156,-0.13363306870754643,1.9266021690672648
-5.23299682872637,0.989606598626307,1.4191601109920147
2.4487609983331384,-0.6547002239199258,2.0248592076839986
2.8425812357256377,-1.6338404521279357,3.160604422678113
-1.434333879654327,-2.0610630614034062,-3.142815567680745
4.296892651323951,2.844952871567172,-1.0244617254715522
4.1008843732161395,3.3503674474872733,-1.0810207767560727
3.0451920802525936,-0.8287704342783625,2.4879731397248666
3.952420640321312,3.1332970093267436,-0.9264193494765627
-5.838665353512607,1.6413667173800155,0.823895361025203
-5.825807346692863,1.6194510098622468,0.8023525092883567
3.4442910461009943,-1.5532776715409047,2.5644443421596437
2.587808902478101,-1.7729360317468488,1.4098616177416428
-6.110206496392254,0.7297109717666967,0.8262398047257741
4.207056399718477,-0.25782922713936074,-0.038450013637676174
2.7822093168021023,-1.500850538238848,1.7700928305334596
-1.9267765545559248,-2.1113615556603307,-4.2071253721804345
-1.3234647040681071,-3.1544316408907283,-2.7799662216146532
-5.462434104100223,0.9298175903100239,1.2737544398797942
-6.1269095942841885,0.7359108436303474,0.828123770724173
-5.691928335962818,1.6804994593473683,0.9179779391774014
2.7642504022410384,-1.0619595522043142,2.685920709203057
-5.862847833243634,1.6161941338725603,0.7863851317635685
4.348479750585471,2.6407225528385454,-0.9413450568268165
3.978491431576164,2.8984270541726755,-1.3449961455487691
-1.4413824969794142,-2.024728918801085,-3.1647175321676806
2.561730260398485,-1.514680704544513,1.5781100280972296
-1.3451381591523515,-3.3940419211118393,-2.565100759533316
-1.179258670785157,-3.3175502427388577,-2.857975789269745
2.7053888597307907,1.4313548951433095,-0.9533659958559169
3.779903660078248,2.682574105532113,-1.186129180010091
2.846995551981289,-2.212854334832749,3.096092095237021
3.6536405816419943,1.1859834256557327,0.12869705520260408
-3.921098881758928,-1.3408542868223745,0.4100587975721406
3.6953306539613884,3.1229753285506905,-1.5851844551823933
-1.3883888098105375,-2.0476582345669008,-2.9849159610432703
-5.312282877651046,1.0062123440005175,1.4129505305936274
-0.5935204005036148,-3.734889122657784,-3.2906773109663168
-1.5279864081045471,-2.0727399153215145,-3.237584459413401
5.471921803098401,2.6747397442754894,-1.7027943695578018
-5.938152064520115,1.6752120455268855,0.831068928692945
2.867750888855374,-1.5111039314310315,1.9221504259842628
-5.728973212338791,1.7101140251313804,0.940642999103819
-5.250790101045534,0.9950284348353104,1.4197691990723336
4.703202749210009,1.3414719611698283,-0.6565816856450496
3.6791543152316417,3.02699981627737,-1.3916701570732914
-5.255711584751981,0.9955223716504005,1.418749385983037
5.083397191025881,1.4940328381534604,-0.663899391865348
2.197060678406547,-1.4862821827596089,1.1318756319386971
-1.4293039804979304,-2.692173074366082,-4.935112199114861
-5.271000959420106,0.982485477812153,1.3983626316996791
2.6340718976444575,-1.5160782021649826,1.6602106382580233
0.5391914439268773,-2.0367904812146853,0.09294868688497207
-2.625191180632625,-0.3248629239257008,-0.6460273410565154
4.097549327408967,3.333419486081767,-1.3952652804483812
2.910765171606054,-1.4866737280967888,1.9213051516219952
-1.675694821567117,-0.7123345090108022,-3.1808679053200444
0.02523323139542713,-3.3767578092715467,-4.022148513453076
4.011097944680647,3.3112040622374956,-0.8982106286407644
-5.957651218343677,1.6693607499944036,0.817801486693812
-5.243612741676064,0.995802655450353,1.4230225713561808
-1.7031020182801142,-1.8788543759391128,-3.0402344785641655
-5.117119331409207,-3.8556669808253834,-8.188805485090137
2.8324233907298875,-1.5258361174572215,1.8850279080839945
3.615839254577859,-2.086051664938719,2.7519983778020696
-2.191317930309484,-1.1789370694617403,0.3194108485725349
4.574038858735941,5.314291609757592,-2.9694860664076796
-5.798924755573316,1.66523576998289,0.8649726395621525
1.8428759401323587,-1.146829009889025,3.0404259602542214
3.9850004551843057,2.8122967017548173,-1.0582585123606958
-0.12820536164586446,-1.4761159037436093,-2.000474591446556
-5.367873808354511,0.9646860713499112,1.3457668231036548
-1.2060074817557822,-3.311169305558177,-2.9135664104368897
4.398974126080142,2.779807414798235,-1.2270461888751776
-1.5759940060281632,-1.1645922782147173,-3.2350209555543956
4.45776517187132,1.5336366389216218,-0.9923619966028274
-5.867398721292433,1.6165187202604194,0.7852751102885275
-1.7698144535227338,-1.8880976881295282,-3.070734239035701
-5.912171631589385,1.6358464226707827,0.7933171610576512
-2.8041524156248574,1.1291502603557824,-1.9400070231198538
4.1567677248251504,-1.1370150642146966,3.167606158157915
-5.225664840694333,0.9999540971143421,1.4337759305444682
2.862443519258758,-2.003713163416229,1.5728033927719565
2.8415163412967948,-1.515546015784539,1.892980082234616
-5.834439540195105,1.6134378037785497,0.7924564441852361
-1.483869545246426,-2.033689528862437,-3.1298701470020247
-5.6860078440081,1.697060561243629,0.9393823414278535
2.553012466916481,0.2506283118386796,-0.6374625821500624
4.503986406351884,-1.61376118827561,3.904034869826461
0.6824597392312105,-1.817052299338204,0.22164629612815714
-5.264577811556474,0.9991681412886342,1.4201688513018287
4.558273687309844,1.351607100810503,-0.9157319970654719
3.2349902715519123,-1.70202581164846,2.9955641969394513
3.9620613226463033,-1.7849215181199853,2.922482557844484
3.529487673292669,-0.8964891445879325,1.7524340786213195
3.5961913710133007,-1.863524696589201,2.5318300292258535
3.4845286897244923,0.8968915058855771,-0.643609784297684
-5.912499377561477,1.5963921870959616,0.7468399186476785
2.661796179056326,-1.5198432511841462,1.6952850081695257
-5.463542633944615,0.9382135277199088,1.2833146033083045
-1.3226667842491888,-3.3378339340577887,-2.5844573785650824
-3.8388472060026473,-1.5318718778436726,0.39703082947630275
3.4673111340069886,3.4159054235464836,-1.3241132804245426
-4.655641540094844,-0.1379610111383425,-0.4303190543051174
-6.939163097129895,1.5977745885803163,0.4119977178768317
-1.9480880878856974,-0.7973988067461345,-0.9317996025963171
3.731724967003218,3.3816794525758582,-0.9907923987570464
2.3583334370972864,-1.5807912418975474,1.27256353203293
3.334135536845525,-1.8369296485004996,2.997449573048989
4.029831500311359,2.522581764526079,-1.6205201231417516
-5.305929266042329,0.9874215765752474,1.3928153301298096
-1.7646950137862338,-2.9412538077177377,-1.9203402731008214
5.2136391351092,2.150340264072809,-0.3213703548437623
3.257784860448102,-1.7410012815432059,2.998129349153775
3.607534822945541,-2.036811757026117,2.7359827902464446
-5.791028638685979,1.6655459779813677,0.8679250200128
4.397752120730177,1.7367425608743308,-1.5940048795776707
3.05790176070343,-1.8435152114042486,2.976504243071708
4.403059563933505,5.078261165236198,-2.658114505121842
3.486808157855236,-1.6583721085546927,2.5190091897082554
-6.813721388294648,2.137043560912945,1.0869119975686365
2.765855002093862,-0.8800997857415123,2.4965381657762262
-1.600555770589035,-3.2043205819228446,-2.9664240862756563
4.06348177332891,2.061248944224364,-0.8878349412028217
-6.147319847774493,1.5736717729151648,0.6431786477744591
2.5252035638131125,0.6197179151675809,-1.4718026664912538
3.8252368176162013,3.6402380285618694,-0.9310956188573158
-5.688811901390323,1.6608539105880622,0.8959105325244076
2.662266625014868,-1.5164615604707414,1.6921832140876012
-5.777247041477506,0.95292315535632,1.198492016386198
0.1398541147625554,-3.2167032094868744,-1.1640357698629409
-1.5947722114153817,-1.128110160919361,-3.079585301065038
3.3353103558967065,-1.8392554095553035,2.9983121422462453
4.628728860759581,2.57490225669863,-0.8857872377110148
-6.160417507379386,1.541043779521396,0.6005387458108552
2.733464261804692,-1.5093977461168384,1.7134526092379219
2.880775854573341,-1.4825488931326598,1.8854796011960626
-5.73371192427322,1.6592109280609284,0.8792640656871261
-5.800413202626115,1.6223074439215353,0.814032441639354
0.2632911828934883,-0.5115921243263588,-0.21470447288435832
-5.289236211245824,1.0211972078169955,1.4381670615985886
-5.450319526352156,0.9399458048872269,1.2896698359467527
2.7889730929641003,-1.500225045965375,1.7786087051904573
3.968962997483985,1.4078493218511658,-0.9646025486627346
2.7683810743974853,-1.527311352364493,1.8132456752536938
3.5157187813480255,-1.1794820454593662,1.5082898074602136
3.604493866178903,-2.061208972801128,2.749357721341696
4.884878848804528,2.676723769596115,-0.265875436132893
-0.04265440849739008,-1.0300414607776527,-1.5977304762847495
2.6662366222130016,-1.5168712296747378,1.6973101867862175
6.795952104079229,1.8011548756358855,-1.7793504596592036
-5.840080511384856,1.62302613950133,0.8018762717879099
2.3332839782367354,-1.4311592672145306,3.3994443018200005
-6.674959762279129,0.5692163589951109,0.452582205033944
1.9847469303484047,-0.04142488025802839,0.8900791279860653
4.384326174892716,1.2583072412491818,-0.9979719411333617
2.7232540722314442,-1.5168657596041633,1.7606040901454691
-3.1391019062925514,-1.2886507657269948,-1.9404009629291552
-5.600431082717734,1.6832549834590589,0.9512036853979284
-6.337766165604076,1.4712332977755462,0.4603688241406857
2.772246263944207,-0.8914472100637507,2.4979539137532254
2.6432432728285367,-1.5262559616176943,1.60983348329824
4.3354282613091515,2.675512319599063,-1.945193015470891
2.1645341194490926,-0.09186830070124909,0.8827301639920907
4.107498124607887,3.0681371366246206,-1.012682370823804
-2.208620425337712,-0.5634737650351744,-0.21237736540696225
0.10926308867207693,-3.276054969262439,-1.1145838738323006
-1.189000072712665,-1.9824693795240251,-1.4401790474555816
4.028408751214605,3.3807058283111378,-1.1472394171701465
-5.269074246851839,0.9841185425113066,1.4009200927030208
3.970959869912043,-1.68524315528855,1.9560734681270553
-5.6367234880628905,1.6748329315044268,0.9294110093258594
1.8422429844082833,-1.1477903605265531,3.04027542217349
-5.739597982521537,1.644220479967669,0.8597173465791529
-5.31238998563211,1.025124842693991,1.4352649036826925
3.841848054024816,3.053967768251988,-1.2050092355710251
-5.66966379943428,1.667210736762554,0.9096570374913285
-5.595744795171787,1.6884880558842008,0.958889638340102
-5.412654160083258,0.945746870722231,1.3087967070441087
3.253208010684374,3.4558363218642336,-1.2654509106068499
0.26182057958471305,-4.820878231669989,-1.8817552868908078
-5.606201401811071,1.6856436246186268,0.9521196389094657
4.877435092101907,2.6533693043695963,-0.27254259660745217
2.532420989724192,-1.5149769708362526,1.5456983397617736
3.81013149491122,3.1958586488695513,-0.43416911650970375
4.33310304143271,2.9286091591507715,-0.6970206604603543
-2.7191664278748187,-6.469551232427181,-5.956754163065922
-5.817336161076805,1.6522460755315453,0.8436719884321865
2.995976444880837,-2.1152841094917467,1.6530419381301094
2.0056976152991317,-1.3486630405719109,0.5879143478934671
-5.369685512030537,0.9613211371999881,1.341200253171201
-5.436149167549876,1.0552796208681592,1.4305788186809008
4.165535085899681,3.026667473273341,-0.5340287716024316
3.2159874335218652,4.232484731943705,-2.3911218531632286
3.8538441550437303,2.9677862705262537,-0.7239915713978828
-1.4072765798976568,-2.035259765847145,-2.9772511828334625
3.896644620837623,0.45832612131519607,1.5548581149381993
3.897326239316488,-1.5443865615663317,1.729043168079602
3.627478275862589,0.5205869307930859,-0.4637192935269623
-1.322169302358015,-3.3257643149000393,-2.6020502715427614
-5.5099514124313265,0.9527317201720482,1.2853507352656424
3.6182971935932557,3.5016772585176827,-0.5594172987256274
1.048900254808317,-1.6123976154970643,-4.7489840459041535
4.0239750435361925,-1.770339388524542,2.452379745770975
2.913130711415516,-2.0457592511187674,1.6038097829353084
3.6159302431306313,-2.0865978788415753,2.7521787596759766
-7.3046142334281585,1.1900410055336632,-0.18697972243930636
2.975727860982651,-1.3244213984976558,2.6042234359003906
3.221613057411873,-1.6674014858084711,2.901524391198491
-8.232583901793785,2.5473160875917973,1.1041059230619814
3.022458765274939,-1.4437637427044758,2.6137699629153857
2.5416742534730736,-1.5144566853349184,1.5555093374329583
-1.236697822522096,-3.2673964142612424,-2.8198436867494743
4.790588409354437,0.7940047987754416,-0.6793300237556579
2.6345315541904117,-1.5270590766766434,1.5988638561107154
2.058021175043544,-1.393553803465133,1.1748457834823711
3.6007853812703723,-1.9969411384527178,2.723007650393273
-1.9088746580663103,-0.6219355052085893,-0.34758856907888025
-5.705129807140604,0.8866249831764947,1.1436417330689475
2.6147926133938184,1.4990825287574578,-0.9849762311148325
2.9570138091785942,1.7216316276799992,0.18654870605324061
2.848208166350731,-1.5139569543757208,1.7756129887414973
3.5661877175348473,2.892600266090049,-1.1761912822088438
-3.3607188301276913,-0.5171020056241638,-0.029314149159900917
4.3214077592890625,2.974572810414165,-1.3802618062409622
-5.975148379990531,1.6571431450897682,0.7977078382152708
-0.3785159065060302,-0.1466622045383104,-0.03960892407400405
-3.35763577655466,-3.1939975909948877,-2.8775344481037988
-1.4757464828671536,-1.8054051031546492,-2.88022070715374
4.028144568691793,2.746482962891896,-2.3586655462945147
-1.2615085671347022,-3.2753403127814145,-2.8396857810333516
-1.315864861732768,-3.3844098469874973,-2.5206443504544613
-5.415163659543016,0.94308939405221,1.3048388181585233
4.068821544205419,4.166864797678217,-3.234399257550408
2.947999615915119,-1.3338379088935475,2.6786735689974157
-5.77217598533396,1.6613188110196404,0.8691354695884447
3.6439105882700087,3.5437505999247967,-0.5706170666000611
2.64603431217221,-1.8215640512859257,1.444808129851437
4.3484117155862805,3.0614446092132104,-0.883340698409266
-5.609214429386999,1.6912746319946574,0.9577499902334525
-5.774264199572726,1.6557921579299375,0.8619556981726114
1.8058719363028504,0.010821236713803624,0.9009943054729929
-5.573439713148539,1.690780497259584,0.9688943005089359
-5.61980144322879,1.6615855893139404,0.919399473543477
2.836318771344654,-1.4936182438245658,1.8332196503194855
3.8818296027550376,3.3138315624601287,-1.9370748624031242
3.555736607129113,-1.8207608014589618,2.673597523009754
-3.0714528162896766,-1.3083246298785505,-2.045499087210118
3.7679769345079803,-1.8107411124112232,2.3426081557075924
-1.6923119250131253,-2.1784218104502755,-2.6563606600924916
3.1663345892563393,-1.0737023934523358,2.0789098756521582
-3.086779327777532,-1.4295339351552125,-1.7362513637946593
-5.789075882736538,1.6283777565825224,0.824882187333481
-5.452849695009369,0.9939872866533781,1.3527071066063803
-5.264829057429053,1.0071677655559386,1.4295401783203066
-1.197640998394604,-3.3000917862081596,-2.862301163347697
3.2098687158767394,-1.3824623760998322,3.160117162659559
-1.600130697120493,-2.9991039908261716,-3.0772914657227877
2.773917910238949,-0.9080260911576516,2.4215164949026886
3.8869254837858187,-0.07497128567483104,0.1358393642612861
-5.236349748913095,1.0013324608763146,1.4319233952920343
1.68170122103624,-2.5108151660691926,0.2833330079833467
1.9106988106028082,-2.87066031832812,-2.0521244882011356
2.6926203515691425,-1.5167360231118305,1.7261896180492242
3.3186507986730085,2.674298980502711,-1.1074129539128672
3.7890084148121215,3.6247999125181676,-0.8283037249958236
1.590710039423193,0.8051153839742473,-1.5537635224018784
-1.8391283338939064,-1.2690861206115711,-2.8010555135048345
3.8862667068281787,3.2058905615537876,-1.3508064212917474
3.479091897640814,0.8893381126217386,-0.6272575040712172
-5.875919553866331,1.693886743662942,0.8734126238620111
-5.936607465312664,1.6438260561087636,0.7946872498479415
-5.251157764411324,1.014521463306468,1.4426842812565888
2.0727989783816714,-1.4693562328691887,1.144587477219783
-5.265690288537733,1.000903547517681,1.4218571265583055
4.925951533870871,3.4221936218787,-2.1432560886742307
4.196067874074306,1.6013272960695253,-1.1671406066927297
3.5646896092304896,-8.328497045786827,-4.7553397074985355
-5.807808602562361,1.6298205264169559,0.8204382273178706
3.5713260682525108,-1.8389669027925977,2.6724485779072737
-1.6127081868959336,-2.0785388291180333,-2.70255523136712
-6.062131839804009,1.559976339704341,0.6550013430365101
-5.384138473739902,0.9539640877507551,1.3277976204365922
3.9993176332262297,3.2579090069679784,-0.9884420400001148
5.549977147285694,2.3544181346387796,-1.9379399066895286
-1.4770218573855323,-2.9122908629902153,-5.367799469643185
3.9806397906462507,2.263915310182541,-1.5809707867612828
0.25827501806570763,-3.247511167255795,-2.194595987707229
2.8028263410760776,-1.4978049787373784,1.7947170791414435
-5.605548165883795,1.6844460764381406,0.9509263386886853
3.980731327004426,3.474504002738893,-1.3194616580355045
-1.6897691347921322,-1.849008310454639,-2.9797300252899466
-1.5418840536946135,-2.0202945893473907,-2.730164551623812
-1.64767925804211,-0.6875106692875046,-3.243596726830137
2.7101256230380217,-1.875448713225524,1.4828944965411217
3.263993073172572,-1.9072704539487053,2.9788614776024773
2.5703728049713246,-1.515385557958622,1.5884495214538508
3.466662023620027,-1.5183117096449261,2.6002579130405308
-0.03832082432860303,-1.8230777445286133,-1.8179742437874566
2.39643058085725,-1.5968830103870617,3.6392894380191345
-5.63285981267956,1.6925079726974595,0.951450048022956
4.254007125262808,3.142527229775434,-0.9251680739407351
-1.3125790856462587,-3.3709069507023455,-2.542298328972764
4.616163106491057,1.7049429709047874,-0.2695351316536168
-5.574066708644925,1.6898810688808927,0.9676317947983064
2.6119278819371323,-1.5306438173319004,1.57215513099513
3.8684990318830237,3.3649330194829297,-0.6239740124748664
3.4600572183013196,3.2632854810205685,-1.3956071173932594
-1.1995024629016025,-3.338030184036542,-2.831701530989814
2.7654506750913166,-0.8488997858757923,2.3998380033312974
4.763972401721476,3.6798520869747926,-2.865337963254919
-5.3117903885552,1.02224600910961,1.4320582736888803
2.763719902673503,-0.8392427805482541,2.397020658346382
-2.0789730084869276,-3.0826128084663584,-0.9871156299724662
-1.4466981488061943,-1.9819186452486899,-2.975634446538446
4.853256090543638,2.9154867184491997,-1.7798544806192893
-6.0374826763633935,0.7537606534048451,0.8783531094390246
-1.193620327713304,-3.3022609314396303,-2.868726019302328
4.421635462940452,-0.5305229825998299,-0.0923626513754445
-5.617121382040383,1.6874839946379145,0.95070358196781
3.5803528190970786,3.5279418205846977,-1.4712269654022874
-1.4386622557564828,-1.9716156811802832,-2.967063909561652
3.1650592727737132,-1.1447579335484754,1.9450894398065628
2.8843897673457746,-1.4859731138855765,1.8893164498972272
2.7927032237129503,-1.8743744304051313,3.348865804129658
2.8316937704573903,-1.5852462857728127,3.1466741417940947
3.940329125526122,-1.536062250387388,3.1382038968232884
4.1001376138100625,3.0438373303097737,-0.9760430996165782
9.478683223294572,-8.00915266540088,2.8276902642311286
-5.7779708042871585,1.6595799048825244,0.8651926100647583
4.73343802132615,3.6540361456592825,-2.7968719081574176
3.2261162145500646,2.6799737807611144,-1.0639958778803695
2.913724526783554,1.8312938993983805,-0.3425955038365748
2.898513638685906,-2.0334976811820025,1.595101776258265
-1.170660540970908,-3.3664301654072566,-2.855693212954702
4.473810260956263,2.855427099047971,-1.1805368305923614
-1.5721289451215952,-2.0310294749094813,-2.7629884802081226
3.424131036626845,-1.7287784104922435,2.7521738459330227
4.201744099135414,2.82885011984273,-0.9585970316327473
-2.564837971600793,-2.291593466482165,-3.3956655525311477
2.774992891357155,-1.969853329382079,1.5426939663077808
-5.371871637192979,1.0227303754671775,1.4130561584894228
3.867930236459085,2.632538196617577,-0.5659926414766191
-5.905224846871151,1.6405034859626912,0.8010672465232375
-1.4409585254015742,-1.9824757149845014,-3.110885750988564
-1.2533503005137787,-3.266356443189822,-2.8326561440644302
-5.777679988319041,1.6570847318444297,0.8623553763482158
-6.572902743478482,0.599042068158544,0.5210781811106305
-5.472870221486091,0.9437583547158566,1.2868279462033412
-6.274787109292348,1.5016070987360361,0.5167068081417022
-6.091892155494169,1.5517283980121848,0.6355542367396637
2.647147236323402,-1.525434249019005,1.614283308921451
-5.6245604224097745,1.686180952995377,0.9467340996990805
3.756834063732454,2.9779514955004585,-1.4225893889316366
3.2479005259388067,-1.7619583451331826,3.1304584676497167
4.047960969874251,-2.2002476206028545,0.727492142290301
-6.987486012535032,1.3107847403194777,0.058861788475224296
-5.266005918597071,0.9987395957003402,1.4191971513244266
-1.3823953986635973,-3.3901682456049023,-2.5715296737025937
-1.18441996063675,-3.3353181292834493,-2.8974418511019207
-5.631518899290339,1.6789753999772001,0.9359851706815869
-3.8860336635883854,-1.1178781288588562,1.3078308655603081
-5.629853600933344,1.702699748360354,0.9644135013603476
-5.7023000552654795,1.7328719076733083,0.976131837910087
3.502154409050775,0.9295527566957782,-0.7039912964380408
-1.3848742812756702,-2.5695052883213076,-2.7192574886333456
3.2584140506032737,-1.7635684737620712,3.0058463678943887
3.4006772882239695,0.8050278202526662,-0.41209054836821424
2.7629641984304163,-0.8360167606240267,2.397681816353441
-7.512073208967544,1.2200603257933178,-0.21968857924665983
-5.595275482601832,1.6836891289726807,0.953403684368592
-5.287782505117854,0.9958035565582923,1.4086326658497061
2.158828947876498,-0.10128163781404355,0.8580385908566842
3.350976248171464,-1.8980719349929793,3.014766998134565
-5.245136530920958,0.9941110428431745,1.4205271750833586
4.248221420408142,1.7595179164246584,-0.7379548891013091
3.76622810176554,3.5143221904334063,-1.0263292136319522
3.49580223581143,-1.713939368801436,2.53457969955033
-5.601873458514841,1.688198511411862,0.9565407091474454
-1.2409233373949695,-3.2762500029216883,-2.8551321736686153
-8.037866999527528,2.605746630303466,1.2365934776730454
-5.636137329489949,0.8813644199378405,1.1599034612337489
-5.947410147086594,1.6654668190162525,0.8165812416224906
-5.793055747267156,1.636107628763078,0.8326623046810618
-5.233288259598727,1.0079208020485435,1.4407062358822185
2.0494309155352397,-1.0827905349954579,-2.557279329591496
3.591259027882663,-1.940692775454807,2.7047878676475734
3.0203219946631528,-1.42730062256704,2.6082512456437175
3.035098059559555,-1.5173752259251567,2.6346992580951656
-1.4361308164750601,-1.9742408904257913,-3.079034400253921
2.830637181045697,-1.4860024182308542,1.825644280895642
-0.1364032658705737,1.605452061023028,0.3012546850349563
2.2727668087921864,-1.5240087860585567,1.2447696868451463
-2.1830130980094284,-3.255334013585538,-2.2917905608460374
-2.396421434861123,-2.3509504285775624,-2.0805420594587543
3.4879394269421637,-1.6645354131635206,2.5214718516170955
4.349403595560189,3.782254945439004,-1.899429804898422
-5.643943636491273,1.7059632159346485,0.9636312736688082
-1.5224707188149191,-2.600117355510784,-3.056036156519443
4.299363030493965,3.03572428424536,-0.7087276582776902
-1.1752869867110227,-3.362471389155791,-2.8692727608177333
3.5673022538421155,-1.8337165451814177,2.6717344642304632
1.1480094165696153,-2.298641559974293,-0.6710766828949806
2.5200083156976363,-1.5145586631570327,1.5315416042524905
-5.270782595547961,1.0034657738884327,1.4232258146630514
4.076631717003144,2.5496706370381452,-0.9922037707639635
2.9188502768052857,-1.2043071192262982,2.521097428187677
-5.213557123078519,0.9995258230383,1.4372148412082162
-5.361956140734573,0.9628158730923504,1.345484884144521
2.962886234041118,-1.5110871264223635,2.7420608623197107
-5.4451420061200055,0.9409887263880554,1.2925891353859091
-3.8281985539756507,-1.503580225474384,0.40334827392101946
-5.534663750277518,0.9694365692009006,1.297039909824103
2.6602659144913843,-1.2709030265982628,2.3445441311876443
1.669923079846259,-1.0497256121018768,-1.757620525671994
4.063639141478374,3.1290407955558615,-1.320669491774003
4.114161902302547,3.294634713906997,-1.3691795579066544
3.2264896961520266,-1.6883925497671357,2.9079799252398986
-2.5989511804798715,-0.653477943260489,0.02202870739619976
-5.256773646222986,1.0067771406919164,1.4317030691163837
3.016442510229858,-1.397141564575937,2.598418470629571
3.043619356861767,-0.91697867122589,2.0656877571337264
2.770268642627092,3.390737834123593,-1.177141936700573
3.5717967697133166,-1.8399539926573039,2.672684869599577
-2.6441913933020094,-2.438333509976954,-0.677274664390415
4.173523302508076,3.0526835660213467,-1.9259142037057335
-6.582492386204424,0.603052357507476,0.5226926822323222
0.24129017662676613,-1.0484029548362148,-1.5054961917771765
-6.017279239969828,1.7072040356897364,0.8427369314375835
-4.657004873654718,-0.1383891985706809,-0.43109701754567786
-1.2457740909115527,-3.2688620252041862,-2.8125965863602507
-5.430032889790801,1.06990606537458,1.4498559518232572
2.970676576513951,0.9755143822423191,-0.5682283283202583
-1.4854085315940926,-2.040579669632676,-3.1479606301579808
-1.2365042581802161,-3.265617608434655,-2.8224552701124437
3.6317168546897025,3.5836588192702803,-1.4915757822937743
3.8998394754014925,2.120756842350128,-0.7828853687634942
-1.4026400931022114,-2.0112698492570913,-3.0113248096841754
-5.267065215213923,0.9897847242386231,1.408270165312769
-5.264634550277642,1.0116782555448491,1.4349336416519514
3.2530997669392194,3.0563366994092656,-1.4459945232238933
3.845668887455743,2.060479827913372,-1.005841952411272
3.563891612602467,-1.4050883148705697,2.2550287295936986
-6.577603425717899,0.6011603161319661,0.5220497398446885
3.592556315489014,1.009096001514914,-0.8749698154454022
2.496855146133274,-1.4876996044793827,1.0380205640837996
-2.162249727630662,-2.19917346576205,-2.2596214927530665
2.712552442866341,1.4361896898794146,-0.9536813054315234
3.9626441107663855,1.3172363543524546,-0.6244293458076128
2.1270256200453987,-0.1350036249630118,-0.19786747390227363
-5.235960743550629,1.0077555355771475,1.4396402239259107
3.446158845338583,-1.4742611829523864,2.462324680422578
-5.310196205151743,1.0020326703656828,1.4086911884705853
-1.8174808600742938,-2.830227436021032,-2.433560082406547
2.785250245618053,-1.4018471254908085,3.0955849066145555
4.281472475365126,2.7875881613422795,-0.9476613282038787
2.8825759966651328,-1.4775806965813003,1.8870233266495293
-2.561365416606403,0.01813897513003021,-1.3110933163799117
-1.430345092828006,-1.9858533924529476,-2.9793482097683834
-5.587797828127823,1.6870459636632011,0.9597994928903228
3.4808641192420953,-1.6537143458637957,2.584386590109006
-5.660269256088406,1.675954127213135,0.9230117160413587
-5.621340233951202,1.6778068384551874,0.9379478947653122
-5.714557195423608,1.669720588267114,0.8978934973534224
3.42786833838822,-2.1851971025136163,3.037498617343926
1.0755419121331486,-1.432068919791996,-6.730902696918374
4.415645614638923,1.9631449001852184,-1.0126479525705379
2.457416423997152,-0.6693940351486756,2.026120831472317
-5.627715428268345,1.6775360652152065,0.9355401937986996
-5.28515345438752,0.9895087504257294,1.4020506756408218
-5.2460428296198005,0.9938390812198339,1.4199105193284727
-4.478099445820749,-0.3719705789469021,-0.014408577275696312
3.4790974302756807,0.9183900951599462,-0.6552561561952859
3.241560876941583,-1.7052067359939032,2.993043797755295
3.7443572147089177,0.8713136530621588,-0.9669851805816749
-5.603801312171371,1.6813066336638238,0.9478093673742747
3.309234084926554,-1.1082055053444064,2.195111222358135
2.9512548932138003,-1.4198994788610135,2.7120023598729612
2.787484041700798,-1.4043220557457992,3.0957155977008677
-1.410809283395152,-2.020085764910387,-3.0390958670484847
3.615102978922247,-2.081701631092433,2.7505474658592584
-5.661578475546345,1.0004239912417052,1.2923097497180551
-5.30190378578476,0.9770763557084763,1.3819021009816599
4.00667793554546,-0.23498631261155237,0.2819953804196358
-5.558107750743617,0.9028087207388964,1.2106668385507815
4.887386997151862,3.1222064273105317,-1.7478482180766226
2.89004493641197,-1.9930435253977183,2.5614029128384446
-5.229807912987506,1.0013247584787113,1.4340457141249232
-1.6342883406591524,-0.7706678363699859,-2.274854852325173
-5.682136150877308,0.886394601059266,1.1508608905662845
2.516036744546031,-1.5141706855404848,1.52662027919208
-1.4154526068142483,-3.1526445707711876,-2.7284551141499205
-5.793208298620484,1.6406747704846891,0.8379799233963895
4.287444406972387,2.8028792641148024,-0.6025063445953557
3.1027762260714185,-0.5705869970976144,2.61677213043839
-5.335630210326431,0.9859217938901166,1.381366283286835
0.8905902723220246,-0.3800551200774076,0.04395334621990423
2.9587904774095897,-1.4787367059570875,2.731425888622297
2.885724569856842,-1.4753500314291508,1.8908558605488068
2.833184601703176,-1.5919118683540083,3.148641531144542
-5.599250827033946,1.6823238322565475,0.9504962394275955
3.3014249143969545,-1.9338593644498467,3.054540738811763
4.071530194019999,3.3839378684286867,-1.2782003903165522
-5.611808768943539,1.6862562215503116,0.9510018022174196
-5.3355974522559295,0.9880435314898746,1.3838842329858914
3.525689790385908,0.9120038041212548,-0.6663224808255948
3.9883630248434154,3.4549046652182254,-1.2990713962211837
4.441779411757764,2.7930703523357683,-1.361213631845219
-5.781076741702367,0.8429280644149264,1.0672608506407242
-1.3988245993243744,-3.2122305008488223,-2.8107645118499556
-2.2270333907282986,-3.6431776561727225,-2.9988551523244014
-5.352831160047095,0.9623945954573081,1.3479601336844889
-5.320936680139334,0.9694911048306283,1.3667376395481616
2.1651684103029027,-0.09174604086027484,0.8840532750963038
-1.2577192036574025,-3.295990080783097,-2.915823082659838
-5.642532219694439,1.6774037858062156,0.9305285874525799
-3.587906195597043,-1.0132940898449743,0.231590028872821
4.039263764275226,1.7954988555419866,-0.9291292274417082
2.7129419798318684,1.4357881621745747,-0.9531885896708927
4.67938926588738,2.76010364554547,-1.3940134616785524
-6.71686544561141,0.5574924068282172,0.42507481901024924
2.696510220145808,-1.562438962721085,1.5988632021859337
2.4706106936208765,-1.7000417405499815,1.361496561843037
-5.724703758238287,1.6547585831511613,0.8769836913874177
-4.128438301388751,-1.0485887254437927,0.2424918604713058
3.982574085542591,3.264534098358207,-1.317771451234062
-3.503585644496229,-4.920001079451628,-6.26839839232739
4.80815926562433,1.469426094197224,-1.0577613906868233
-6.5771752660268215,0.6007953643979329,0.5217579797723538
-5.435576603706886,0.9428886865537711,1.2979508081215743
3.5941564851480803,3.671664809434759,-2.051581050464551
-5.485083829563497,0.9543583278169043,1.295374833328066
-2.2605979586389267,-4.5109823509434985,-5.415119519563215
-3.8649185315524273,-1.4461429357043758,0.375262228400584
0.8503227309541103,-0.16624903064492055,-3.168896688477035
0.7779948916825753,0.5574456629769498,-3.403001196941187
3.260367884684041,-1.7519429524286392,3.0012660714282866
-5.283628592547671,0.9894555841718811,1.4024846655223933
4.186995098936226,2.946299831836067,-1.2501975884922256
4.028324263104778,2.0742666602685085,-0.9867634117807627
3.4464740662181668,-0.6174085288017187,1.8553626162843833
4.761251167276619,2.43665004672911,-0.5284633301331194
2.8204905305670196,1.3562713003745506,-1.0050969689172977
3.924946556085617,4.140801610117614,-3.7987202795069805
-5.500912500814279,0.9232827258893055,1.253495534155463
2.7674921535030235,-0.8815622468788344,2.495643977648904
-0.3621831482280824,0.5168767597268298,1.0562820332244556
-0.5569519987501412,-3.734866052145111,-3.337866024398371
2.990898504487441,-0.9996550848951823,1.9509501888650242
-5.224682903419317,0.9504008918131586,1.3664759758099996
3.5517554402463527,-1.696980259806296,2.4860335355881227
3.613247922705663,-2.070684932614473,2.7469560013667427
5.164908192545918,2.4147496157381276,-0.6580194288013588
-1.4068699119984276,-2.0095510196750523,-3.0185663766789648
-7.073527475792601,1.3275421401235485,0.05035843636549522
2.116959109462379,1.843473351555291,-0.630434018971844
2.8405316337591207,-1.6246832236347841,3.1580127962214997
4.108409180161578,2.8037671748035313,-0.7691644073024568
-1.4346903283639068,-2.0142402843980673,-2.9502271174296806
1.804555275581283,0.00710304647403069,0.8948729414010711
3.5947293816050787,-1.8521828080834593,2.531101157937441
-5.439095759246233,0.9413713111249775,1.295011165856704
-5.277911757221671,0.9876422628670527,1.4022045086953299
2.669014437149715,-1.517403815158381,1.7006197985108862
3.4846482521340594,-1.7631950565792716,2.5464620875488997
4.447686627045774,2.999994761298247,-1.4015616505949453
-5.666020118833273,1.7073295109340574,0.9580019387179048
-1.4932335905720426,-3.505426668016917,-2.5614539943720707
2.7617028391003715,-1.507147630559865,1.749425670888573
-5.259274094918555,0.9989203443272814,1.4216040266447358
5.290600734054484,-0.6139928746950303,-0.9635054222988472
3.150428685931476,-1.2585124728450268,1.3527259670874854
3.5478832904709017,0.530891822218329,-0.33537275999132654
5.204261903842138,2.30591460900406,-0.10373228843002717
4.0792387526437865,0.12712886722313496,-0.22598884419406337
-2.1039357045211626,-1.0240315441692251,0.12335213825487326
4.1697111660358885,2.437549517971887,-0.49723976901309325
4.70114325832748,1.6765396753136546,-0.9986544268726114
2.9272169686119875,-2.104880304687392,1.6332050664460582
2.7658983793166563,-1.9223358253191152,1.5159490262028157
-5.247660036666027,0.9859472022167584,1.4100583257116146
3.0260062349529537,-1.4716185779421784,2.6228294405221226
-5.354157965074484,1.051743104936766,1.4531123243390145
-5.26243124740185,1.0026299637121348,1.4249590531042096
5.135400857390287,4.615910494433705,-3.270899818182614
4.817290728581283,1.2091822241115797,-0.6310697139353549
4.644703628318486,2.8965907575621292,-1.1869992593642689
2.787712052667471,-1.9812248461438604,1.5501977293606353
-2.5045438380644405,-0.7441187230537953,-0.010800236593674774
3.460400944207326,-1.936460631035264,2.819263058877898
3.2559955532759792,-1.7525504151278235,3.002844547113387
3.717828386898289,3.0797714815679855,-1.6291932753947118
-5.841702464953447,1.6366836170628511,0.8173960196135933
4.165293621148708,-0.012797623244964489,-0.2614087319699767
3.490564480190819,-2.1414123312008297,3.0510350513231295
-5.724209707344117,1.685596966756754,0.9133893670323677
-5.224401515235342,1.0003331951347558,1.4346355112937073
3.2357101444050462,-1.7021705774573825,2.9953108649649174
-5.976724397196734,1.830846374346491,1.0013448169862402
-5.42116879369057,1.0079373114097097,1.37951382273105
3.6421560952778202,-1.7690077578639534,2.5844399915250222
2.6428169007909705,-1.515928033652347,1.6699560998828065
2.897712468317199,-1.4831522225356966,1.9052491939001281
-2.9798258044713464,-4.8228667981477145,-2.5312424037447645
-2.365780539346981,-0.8997610675236509,-0.0191845027906272
-5.426572207428616,0.9430323153778772,1.301054278355461
-1.4120571098492316,-2.0225616669277318,-3.0485253883106993
3.9436823819430624,3.0751802300110387,-1.901025805762944
-6.672397374836025,1.529195328273314,0.4188228964099693
-5.369882407647071,0.9543247874548726,1.332868754288735
-5.7467673562040895,1.654610743365569,0.8695788591999581
3.011116406947613,-0.5340610852101315,2.5820065523480578
-1.3548921701981735,-3.3429513413240666,-2.593003447673541
-3.6380473119071706,0.19225552089610118,-1.6806903128768933
-5.434768500786739,0.9582843368873588,1.3164071441705785
-5.280401358396179,0.988113477729696,1.4019501882968115
-5.414381387415356,0.9445584926039281,1.3068296779046156
3.256692106030454,-1.7555676132957356,3.007882088615421
-5.391301556632967,0.9444254170562285,1.314192409511544
3.906876835001188,3.2642944496481587,-1.5000785775967487
-0.07389770552777108,-1.597375896330129,-3.775495536485662
3.373291237119975,-1.9967589835418793,3.0435546310045716
-1.1798897046966232,-3.4028781369276477,-2.93044583919678
2.8385540514090697,-0.0644779334095036,-0.6131189641394565
-5.628496995193674,1.692235928249251,0.9525601669025294
-3.8015812037372596,-1.1442785258301362,-0.6681433826922716
5.699762098062911,3.0515524153078513,-2.34201406370422
-5.492825776764136,0.9368351761699794,1.272145154715175
-5.117625818859699,-0.31619043352740306,-1.0698407479513936
-5.42170331556228,1.0596145243189827,1.440407937683074
2.5008096903596604,-0.9536148124611543,2.33872181924182
2.2525657570728095,-0.11921744048510742,0.8724539062187383
2.7175203297560917,-1.5169794321237298,1.75428519704056
-5.600637596652784,1.6885693681709615,0.9573816033586573
-6.04878368931995,1.5713230151311857,0.6727114876335974
2.8185728058407213,-1.52681030545491,3.1299340474145305
2.2366883558803505,-1.4053741632486871,1.0496120267933584
-1.6954691835542335,-2.2728993836004836,-3.201242304513975
-5.23890871709174,0.9893963061142932,1.4169852808088337
2.3634698388008024,-1.5846448554356258,1.2763009292853629
-5.265003698614367,1.0011095790505147,1.4223242900089776
-1.2498908516710532,-3.297163743086879,-2.906345135143084
-5.606704504717585,1.6941634293295182,0.9619676916929765
-1.1894214677503638,-3.280708029764424,-2.830029050750522
4.074508971650119,3.3058809429611116,-1.401150422046643
4.355437693947152,3.6670003010068695,-2.4452369530781017
-5.656392081063667,1.017329605320648,1.3139772858758834
4.917148516074619,3.5944952941166313,-2.614209433146428
3.533677534065545,-0.3438679510232777,1.944798473044703
2.8794845640944984,-2.017432158036795,1.5838685698618586
-2.495879462057429,-0.9189525171629114,0.14076385759092766
3.5174466647522533,-1.4975937055711055,2.716285567633345
3.1664525004711277,0.8073923277155117,-0.6547074941227098
3.0167980613069747,0.9589228801655683,-0.5711566816934368
3.002519534113534,-1.3261584997947702,2.684850998711614
2.7667838656064356,-0.8563253680804106,2.4043937662900725
-6.178537387960557,1.5438570067383317,0.5979066403017602
5.051392880446332,-1.8808422623610226,3.570972061219603
-0.12517506617051197,-1.4290954743565947,-1.9865312371525883
2.822131592680042,-2.011776993872664,1.570621035955059
2.165893882854403,-0.09299525595902304,0.8847465164495393
2.790356484733961,-1.5145617396290467,1.8356441950318887
3.6228626936940027,-1.0695334306599211,2.199869039476222
0.024697797024549023,-1.9989010504125182,-1.377804915464411
3.938391819745081,1.7989391614068186,-1.3524312920023511
-5.602375993750285,1.6933267060616828,0.9624029382021642
-5.358407185713419,0.9584950864413218,1.3415354688333485
4.996296645318968,3.5044714718382193,-2.1772368847867996
-1.3960395234133907,-3.4841661049260737,-2.5425365441667966
-2.8331778401748187,-2.4655963336458195,-3.8442454635581895
4.366835492655803,0.07099697201169053,1.174852175940466
2.4697749629063925,0.5219649762032517,-1.2449564047208093
-5.731431464938384,1.648993691319224,0.8680035453395477
3.810291773540129,3.3824204405047844,-1.1027733389100531
3.498059684530381,0.8434084022353758,-0.554279851023898
3.643798541142647,2.9207801521324126,-1.231074401908192
2.8058007409596213,-1.141630995719904,2.5803591335613665
-6.125732622256774,-8.436924438926438,-1.9841569193472215
-4.009397644956476,0.14294210775795557,-0.027055122438554416
-5.414387166257463,0.9390676808693801,1.300339580764688
4.116178035236938,2.865231130680543,-1.0058939843195966
3.57099470514887,-1.8382380772845264,2.6721414134146664
4.378071631029143,1.925397332538602,-0.8636182759974523
-0.7910223249128603,-3.7142124702013155,-3.475205789086534
-5.231159129092457,1.0028900592645371,1.4354551509791265
4.414390860515882,2.8306069072966005,-1.5977221414943268
0.4482629532157937,-1.794489650380474,-2.350468938171993
-1.574542030795987,-2.066834820687277,-2.7272880145744822
4.4557433888587905,2.356029351746065,-2.720943985513014
3.2463021059194093,-1.7093196227297782,2.9928969433473576
2.7981438052118786,-1.5117208135367812,1.8439543316399356
-1.2546539913433639,-3.2687866966984074,-2.828525738579318
-1.3084822603059323,-3.3517208800726155,-2.572661815532841
-5.346083319671396,1.0304689198404162,1.4306028176967278
4.527371174109067,2.599611289622358,-0.8046780892822364
-5.427033424580924,0.9700759952355034,1.3328616171298266
-5.321029329118271,1.0094233567466002,1.4138954303530202
-2.2646651581919457,0.30101557247748056,-0.6370218001777374
-5.463244967977247,0.9448193381381342,1.2912176762297873
-0.9159874356228663,-3.418193996565145,-3.1933811225681468
4.374898837528965,2.865071606858168,-1.233527955556162
-5.8400626878708115,1.624137431949963,0.8031881780779958
2.161370556193858,-0.09646329488586948,0.8699924517859855
-6.480363753344705,1.424254495304102,0.35842165334466736
-1.2789379620258428,-3.341801798601072,-3.0341001266429344
4.2706665973915445,3.099373752815892,-0.8517024316881945
-1.2400952940088328,-3.2645289911567548,-2.8219628542578064
2.073430664968327,-0.06801091831338103,0.882076745816205
4.06031029042545,1.7503118622113762,-0.82910358517941
-1.3874819039639508,-2.046106905505488,-2.97909565797721
4.063502155108849,3.2618625265462073,-1.0038766848282998
-0.6950269272856124,-2.837673794066038,-1.2847574493707425
-1.552854410063224,-3.218300644920944,-2.965719569217151
-5.279826824115079,0.9213061639426314,1.3141238980604746
-5.723156793183226,0.8586019311590825,1.1046534105274697
3.6650850045422207,2.6365078007618084,-0.8539051908246453
4.201828636108414,1.6627470117333012,-1.261441384194845
3.496213223224215,3.4617519387485247,-1.1791944708216013
-1.3927833793409359,-3.416247339985761,-2.5361043100226133
2.6315556074099247,-1.8094428565379155,1.4362505574817035
-5.660359713814802,1.6851003389721049,0.9337313565723309
3.4753944702453707,-1.5954300663973684,2.4933620880211422
3.3404078176543415,0.6468420864518629,-0.7816076700426111
3.138072119123083,-1.2681007008497245,2.397220011445084
4.681971960467836,3.5895153299290503,-2.609876534946213
3.597353499873209,3.5481387540244875,-0.6223229308680795
-1.3647952334477627,-3.3682524751595557,-2.5945739448708074
4.740211702682481,3.718638932568335,-2.917525840527185
3.2189249229661554,-1.6614810084156368,2.9000071104716256
-1.772573619284095,-2.4543754887024725,-4.338231422126185
3.8133985219047375,3.2341814406931477,-1.2925232109279812
2.767519336274183,-0.8821000413539473,2.4964276201906164
-1.2368511927023162,-3.281666093616854,-2.8687202231075246
-1.333404262740707,0.026047447938850596,-2.814344613352351
4.0263432253788825,2.7915438957956753,-1.119775617421603
-5.788538680612127,1.6407897397186781,0.8396454469732381
5.640440988767053,2.2356710361708285,-1.7083184720513211
-1.2338031264694103,-3.2898294896645726,-2.8810867692848467
-1.4511900458358633,-1.9880220641808761,-2.9799505820124357
-5.225065774918904,0.9206831614738853,1.3312247316542438
3.763026915001625,-2.191153540157448,2.7125635531357646
-5.33586572364671,0.9706450713400345,1.3632370952701214
-5.653220460204499,1.6650130613469338,0.9124636761392361
-1.94176439480274,-2.446833909590077,0.6855189183763085
4.017727828458151,2.048783410067304,-1.048004671678121
4.0671364405613115,3.0580731747251977,-0.6467591040593061
3.8726367320131327,3.4254364126788204,-1.229795581758985
-5.789846535618261,1.631464528505723,0.8282572789562296
-3.5315229955420495,-0.1225536343531597,-0.980263503472312
-5.268417803733397,0.9993671787842464,1.4191529549677757
2.7363633437323345,-1.5097557561495223,1.7179732817721867
-5.746492720234744,1.6546931559787028,0.8697657245802263
-5.876089513248059,1.6221739421526262,0.789073278637375
2.3664776310440185,-1.5873095092693572,1.2779497852151303
3.813607795432878,3.0913128368759786,-1.1505220061624
-1.456707506723448,-1.9884364683020261,-2.995334335962117
3.1842972081920276,2.9964765209951807,-1.4611942155500264
3.0128832873830365,0.24623592741670589,2.0849914869477164
-0.5977629708330248,-3.7271984285310054,-3.3461044351019367
3.595231533028764,2.8570239258180665,-1.0441424417038043
-0.6264255828343332,-3.781495449178729,-3.288283225539225
1.7459594812462214,-1.1746521238113892,0.6242649245445421
3.191360200559293,0.9204114674560797,1.672864460825127
4.140461459086701,2.842233792241526,-0.9185518300866431
5.088480842076299,1.0560568190829982,-0.4185618075466576
-1.6984129086742343,-1.1135166496723423,-2.8641939216886247
4.962669624992232,2.933631240633153,-1.5873409595059418
-1.448541710028015,-1.984704748067173,-2.9844597391465357
4.019113324818927,3.241975574100207,-1.2706364632454645
-5.2550227824017,0.9975461665453489,1.4213652934657024
2.7266108430331712,-1.8893769790607853,1.4925461401686195
2.2753660919797682,-1.526296051301586,1.2463462362346172
3.565889207915132,2.605941826237937,-1.4274538462711956
-5.316953544778904,1.020696651982698,1.4285452045398153
-1.545169698848633,-2.0337975258503422,-2.7085105857381753
2.765402741502876,-0.8483394717944179,2.400663302281052
3.9102260264229813,-1.3422124159695543,2.128739323012985
-5.581601042750472,1.6927323054605763,0.96851320542398
-1.2534073582464933,-3.288836944029303,-2.876707905408001
-5.756904502973332,0.8460034352068608,1.0787705478088556
-5.6539725005858985,1.6879008107243694,0.9391160002408692
2.598202685631948,-1.5335916168448815,1.5568411421039305
-2.490785124356744,-0.7557297024104126,0.007010401427762569
-0.9792232418258451,-2.0734628523450733,-3.713462551846804
4.017775839543804,3.089604662749218,-1.0649271821822162
-3.6549799389125175,-3.608842012188472,-6.735310966853783
-3.269641858191128,0.6543909803376291,-2.0509226154254896
-5.275182719701788,1.0140443594794917,1.4342930718412277
4.037593989707204,2.049513645209362,-1.0307967273275427
2.8359960412535465,-1.604483669870715,3.1522261027580436
-5.372256127550062,1.0226149978087902,1.412794546957046
-5.42311595659782,1.0240151220050082,1.39787897601721
-2.3978069824480133,-1.627676865355617,-2.077573485169023
-5.640191903362994,1.6792760028788312,0.9334959346174403
4.095510406994222,2.544856353178314,-1.1555854451718968
2.8002516974162375,-1.4463391442174056,3.106966648903474
2.0733118157108734,-0.06950482950419225,0.8808683692313911
4.028295547977844,2.9301016368186272,-1.3959461416060641
-1.1991467965078797,-3.299207088932899,-2.8728980943427973
2.7417140453694295,-1.5170142469892134,1.781352754920142
-7.00484771964097,0.4676225338658866,0.2250489518522845
2.416327652826245,-0.772483876845182,2.2450024937803295
-1.4425112616266975,-1.9782881092025177,-2.955400704757405
-1.1980754976745722,-3.302136264375888,-2.8606968575572957
5.196824423353506,2.2040270071545867,-1.4344764471598037
3.7952470183311253,0.904406531216281,1.2493596605338257
-5.459074407902269,1.0375770046536585,1.4021901459562376
3.368176514547019,0.9813230146729001,1.0498122494232525
4.279946197359298,1.95281426496563,-0.8293510006900767
4.240821143141366,2.9712158320329416,-0.8348924062587593
4.629456419167682,1.4299534415398059,-0.8096083216774923
4.533741967857587,1.500494902668265,-1.0378939531585563
-1.4400545758025112,-2.0307028958414084,-3.018287043323706
2.0212172963782984,-2.0223529416490753,0.9926652032524343
-1.2422222716201856,-3.3002192775002803,-2.9182803555445767
3.594802021807349,-2.003684190256886,2.7307508937600606
-5.270670326482228,1.000157585318128,1.4193530916961266
5.2615113298705545,2.110942090971966,-0.41121472645670587
0.3626592877316467,-4.831395958147219,-1.6859897204384364
-5.642796250774343,1.6807087554833124,0.9343262384491864
-6.186623101588325,1.5356246577547594,0.5855813159400222
-1.138974748762599,-1.7047051574267562,-2.6445856012431395
2.5591721576491584,-1.5150410899582405,1.575748042774597
-1.217436140625274,-1.743317760981809,-2.7241458661949154
2.7749861169248176,-0.9154530486234211,2.4244324573478857
-6.782891472302727,0.5586882000022615,0.404976183907114
-2.189962179879657,-0.6460331478277617,-0.38642520157490723
3.506517194363622,-1.8034108196185064,2.6354811280533212
0.4161718495385755,0.7658860602530576,-6.607635491119325
-5.405535092176719,0.9493451215439048,1.3153681664841015
1.574210971560689,-1.7256080447193418,0.7882043645104867
-5.652719361050862,1.7016441958437776,0.9556790973657121
-1.4186704168304092,-4.712569449577223,-4.660246148956897
-1.4555249922511442,-1.9942894317032684,-3.001418695467452
3.2917191346615846,-1.910863301720561,3.0511526318508437
-5.873087262854027,1.6355163150654395,0.8057383162374826
1.879329980466651,-3.053576792491848,-0.5426406304146589
2.7853308335255966,-1.401839232537648,3.09547364403143
-1.4474635674512055,-3.230883219539585,-2.7402830985770166
-5.617492662593501,1.6878294684672772,0.950987919774603
3.9630319272943293,3.5915847136249224,-1.9709817398072347
-1.2555500737613123,-3.2728448367331233,-2.8413347435802927
-1.2448008444614012,-3.285862247913681,-2.8824088202878486
-5.734995140083652,1.6521125010810067,0.8705009607561484
-1.4376871377426899,-3.193110814117776,-2.856232077502589
2.560220885718877,-1.7495111170925148,1.3935789903399616
-1.1809861331713807,-2.873128328480296,-3.0798301081365342
4.079997065694169,3.27948358888008,-1.3638664495868273
-5.511265490978842,0.9364684774077077,1.2657040796033625
2.984010193356289,-2.1051226652348336,1.646118207759202
-4.6551479410814105,-0.13786677479385337,-0.429692784457284
2.5576307000747365,-1.5152307880991749,1.574078722023561
2.7259444496642216,-1.511899100761733,1.7061386506989917
3.4498762185424416,-2.10417991827195,2.773124142028599
2.052545414985432,-1.4018339919849798,1.1540419321716349
4.697326786769953,2.9193509738310155,-1.953454958148698
4.6320715913102335,1.7910340226341297,-0.9988573915377083
-1.3224783991464355,0.7550885378058227,1.0294330318461047
-1.3945074255845629,-2.0152959489579376,-2.992232581734926
-5.470119444515128,0.9455643372386309,1.2898583065688678
-0.834627514889198,-3.174491871623053,-2.1769721295780013
3.8000460939936773,-1.4079948441641124,2.572024051028523
-5.798785124248885,1.757568799106763,0.9735372246437655
-2.7186517119392284,-0.10844109762624467,-0.3509857303091063
3.326416681399953,2.921427961330041,-1.1773279447183564
-5.3904347538100685,0.9620632155140605,1.335316852620891
3.796080632275447,0.785348069384433,1.131785576558946
3.5756501095777176,-1.8534963119441294,2.6766880296177633
-5.744347955955658,1.6444899913304303,0.8584772915635651
3.014094304523906,-1.352853585517314,2.895319580676608
2.84817554799544,-1.5197046655362922,1.9043954387622852
4.283686226394658,3.140499997985816,-1.0456873766121264
3.660221457042676,3.743917478858683,-1.7892603755327747
-5.42415412128623,0.940992039826531,1.2994311944285046
3.2418960989983843,-1.7764857863445251,2.9364326824540457
-5.723678367091918,1.6977687015678056,0.9278688638809707
3.8452839070956215,-1.5385454574640387,1.6404610863875866
-3.911616221035634,-1.3427293265713227,0.4256676350866885
4.027859406831033,3.2549931686236353,-0.9139500107178161
3.2388762789710333,-1.864996855904661,2.9772682127676195
-5.322973909417089,0.9887391589641341,1.3888190707544255
-1.9418146662284137,-2.830123736609197,-4.675512754689162
1.8940919133373002,-0.01757582697163064,0.8901921144701636
0.25164724265020344,-0.6005808745281938,-0.5761822205965677
