Destination Port,Flow Duration,Total Fwd Packets,Total Backward Packets,Total Length of Fwd Packets,Total Length of Bwd Packets,Fwd Packet Length Max,Fwd Packet Length Min,Fwd Packet Length Mean,Fwd Packet Length Std,Bwd Packet Length Max,Bwd Packet Length Min,Bwd Packet Length Mean,Bwd Packet Length Std,Flow Bytes/s,Flow Packets/s,Flow IAT Mean,Flow IAT Std,Flow IAT Max,Flow IAT Min,Fwd IAT Total,Fwd IAT Mean,Fwd IAT Std,Fwd IAT Max,Fwd IAT Min,Bwd IAT Total,Bwd IAT Mean,Bwd IAT Std,Bwd IAT Max,Bwd IAT Min,Fwd PSH Flags,Bwd PSH Flags,Fwd URG Flags,Bwd URG Flags,Fwd Header Length,Bwd Header Length,Fwd Packets/s,Bwd Packets/s,Min Packet Length,Max Packet Length,Packet Length Mean,Packet Length Std,Packet Length Variance,FIN Flag Count,SYN Flag Count,RST Flag Count,PSH Flag Count,ACK Flag Count,URG Flag Count,CWE Flag Count,ECE Flag Count,Down/Up Ratio,Average Packet Size,Avg Fwd Segment Size,Avg Bwd Segment Size,Fwd Header Length.1,Fwd Avg Bytes/Bulk,Fwd Avg Packets/Bulk,Fwd Avg Bulk Rate,Bwd Avg Bytes/Bulk,Bwd Avg Packets/Bulk,Bwd Avg Bulk Rate,Subflow Fwd Packets,Subflow Fwd Bytes,Subflow Bwd Packets,Subflow Bwd Bytes,Init_Win_bytes_forward,Init_Win_bytes_backward,act_data_pkt_fwd,min_seg_size_forward,Active Mean,Active Std,Active Max,Active Min,Idle Mean,Idle Std,Idle Max,Idle Min,Label
-0.43373894629488136,0.7400062197527644,-0.006648551953741014,-0.005272673016880412,-0.04447826697032338,-0.007444572711569867,-0.18275207778814095,-0.3158555467343715,-0.1805395447836351,-0.12955407187381826,-0.3473268887496002,-0.6089112490599635,-0.4618073905618902,-0.30585585221008577,-0.053091925698216046,-0.23338154614843243,0.6022094681518334,1.1968953971185063,1.249759024016918,-0.05652794286019215,-0.45486427556885206,-0.2850607399816368,-0.35237110690125434,-0.3858313215171457,-0.12528974080412272,1.0450068804029011,0.692497589353645,2.598869321725537,2.05170892336996,-0.12339319631224974,-0.22618155779982402,0.0,-0.005633559196716718,0.0,0.0013138830325538128,0.001746206873070763,-0.21141677784868665,-0.17075480108334862,-0.6579074030071375,-0.37552579108615336,-0.4857917760399221,-0.38251649532764403,-0.31085069961413186,-0.18209795288295783,-0.22618155779982402,-0.01649879159194664,1.536267778289156,-0.6732151073629691,-0.3359068273836544,-0.005633559196716718,-0.016534838152822313,0.4306017525750411,-0.5011909680024716,-0.1805395447836351,-0.4618073905618924,0.0013138830325538128,0.0,0.0,0.0,0.0,0.0,0.0,-0.006648551953741014,-0.04453742567522991,-0.005272673016880412,-0.00744451468142059,0.06346000885382465,-0.22407392922774638,-0.0029795864819053266,0.0026981619193090496,-0.1333699160638301,-0.11088214743612193,-0.15845771476484105,-0.10711394813216879,-0.37577673745324786,-0.11608014661131222,-0.3811374359635985,-0.3617637938919386,Infiltration
-0.43373894629488136,-0.47085676440730595,-0.010424892291272192,-0.010949535284642103,-0.05666156619817762,-0.007565914885138679,-0.297774330043816,-0.2171686162131481,-0.2940640257614974,-0.26045248447044883,-0.4783154060648466,-0.6089112490599635,-0.5384795411297775,-0.4273802294383181,-0.052869832402480305,-0.22852080427257765,-0.3083604475793117,-0.38763732123650385,-0.4009074991065932,-0.055864107887396715,-0.4620836149165752,-0.2912453019763816,-0.36172491824818215,-0.39356947169576884,-0.12513288881494278,-0.3675332702981718,-0.21586833477287287,-0.2516745753495165,-0.29061496530288927,-0.12346083136993022,-0.22618155779982402,0.0,-0.005633559196716718,0.0,0.0013106557249796447,0.0016604312719321283,-0.20631962169441043,-0.1707584879374633,-0.4233872010137798,-0.4985408037544615,-0.5800258743388937,-0.4996311998694753,-0.3143006297619917,-0.18209795288295783,-0.22618155779982402,-0.01649879159194664,-0.6509281872159266,1.4854093276621052,-0.3359068273836544,-0.005633559196716718,-0.016534838152822313,-1.0068823215381135,-0.5888102234108963,-0.2940640257614974,-0.5384795411297773,0.0013106557249796447,0.0,0.0,0.0,0.0,0.0,0.0,-0.010424892291272192,-0.05673723422543055,-0.010949535284642103,-0.007565858504735328,-0.4802466100377588,-0.24984597014156923,-0.007427886701260731,0.0026981619193090496,-0.1333699160638301,-0.11088214743612193,-0.15845771476484105,-0.10711394813216879,-0.37577673745324786,-0.11608014661131222,-0.3811374359635985,-0.3617637938919386,Infiltration
-0.43373894629488136,2.934775318358121,6.939300108878608,5.216494469612582,270.6296140179458,0.006363833053829466,1.3786419442113094,-0.3158555467343715,2.328969185846526,0.42737637362474074,-0.3473268887496002,-0.6089112490599635,-0.5289210773073098,-0.4233937364925935,-0.05218287817997973,-0.2329284437096683,-0.3064745689524798,-0.37435546561747496,-0.03376665933603133,-0.056536568402067555,2.9502091653475615,-0.28927854816748017,-0.34612720353254034,-0.027554560740927745,-0.12530254504813743,3.6021346005245154,-0.21355588249448204,-0.2278257753570503,0.23045133580481644,-0.12339467405300578,-0.22618155779982402,0.0,-0.005633559196716718,0.0,0.006260628364292753,0.07347280424945321,-0.2111792241447784,-0.1695513759108569,-0.6579074030071375,0.09909534974521182,0.2254350132758741,-0.054303537493490255,-0.2644182925786192,-0.18209795288295783,-0.22618155779982402,-0.01649879159194664,1.536267778289156,-0.6732151073629691,-0.3359068273836544,-0.005633559196716718,-0.016534838152822313,0.4306017525750411,0.14474937551819325,2.328969185846526,-0.5289210773073098,0.006260628364292753,0.0,0.0,0.0,0.0,0.0,0.0,6.939300108878608,270.99633940230905,5.216494469612582,0.006364078820529696,0.06346000885382465,0.11936652903689302,8.178927283652468,0.0026981619193090496,1.3198330015408262,1.8850433323180933,1.302322872326835,0.5635845431436488,-0.0480268489242882,0.2576807985568736,-0.01294408455989332,-0.08286221831513751,Infiltration
-0.43373894629488136,-0.3288530560329303,0.005939249171362917,0.0032426203847621235,-0.05779489635890824,-0.007528386377849356,-0.305706899164897,-0.3158555467343715,-0.32474631791767644,-0.26045248447044883,-0.47537184387798714,-0.5242607858289798,-0.5289943266265337,-0.4273802294383181,-0.05309163004924815,-0.23335323968246668,-0.27194011994795736,-0.3591161617263052,-0.3809999359551424,-0.05643903342855338,-0.3198266465303454,-0.2557586732145682,-0.33869272000204953,-0.3737027796894178,-0.12527185901506774,-0.20197747781193748,-0.17781249335122434,-0.21644204275759965,-0.2622238452761447,-0.12336625596154338,-0.22618155779982402,0.0,-0.005633559196716718,0.0,0.0013294816858289591,0.0018553758199744796,-0.2114018777175973,-0.1706799217339425,-0.6579074030071375,-0.4985408037544615,-0.5897532651324643,-0.49501922375225166,-0.3142952796663364,-0.18209795288295783,-0.22618155779982402,-0.01649879159194664,1.536267778289156,-0.6732151073629691,-0.3359068273836544,-0.005633559196716718,-0.016534838152822313,0.4306017525750411,-0.6061762019618783,-0.32474631791767644,-0.5289943266265338,0.0013294816858289591,0.0,0.0,0.0,0.0,0.0,0.0,0.005939249171362917,-0.05787210013707712,0.0032426203847621235,-0.007528329487215306,0.06346000885382465,-0.24973391778977,-0.008910653441045866,0.0027051199053102553,-0.1333699160638301,-0.11088214743612193,-0.15845771476484105,-0.10711394813216879,-0.37577673745324786,-0.11608014661131222,-0.3811374359635985,-0.3617637938919386,Infiltration
-0.43373894629488136,2.9342445906446595,5.495479319829188,4.12748305791363,219.1922913430256,0.0033773978404279857,1.3773198493577958,-0.2171686162131481,2.3880913660868233,0.6246447200753352,-0.47537184387798714,-0.5242607858289798,-0.5289943266265337,-0.4273802294383181,-0.05235583272464355,-0.23302289823908265,-0.3058658298737037,-0.38521803957980844,-0.3557042848016558,-0.05653723190528874,2.9502091653475615,-0.28871021451692525,-0.35941058674579496,-0.34721609506291745,-0.1253464768508775,3.6021346005245154,-0.21294808029938586,-0.24826972299804026,-0.22633601820542432,-0.12340092603312751,-0.22618155779982402,0.0,-0.005633559196716718,0.0,0.00523183442759402,0.05850626148108176,-0.21122865510518796,-0.16980269953391836,-0.4233872010137798,0.09862402785759378,0.24383492458334902,-0.013294498620782639,-0.254808223209942,-0.18209795288295783,-0.22618155779982402,-0.01649879159194664,-0.6509281872159266,1.4854093276621052,-0.3359068273836544,-0.005633559196716718,-0.016534838152822313,-1.0068823215381135,0.16172355328069513,2.3880913660868233,-0.5289943266265338,0.00523183442759402,0.0,0.0,0.0,0.0,0.0,0.0,5.495479319829188,219.48931513631777,4.12748305791363,0.0033776030041030632,-0.27206664092959176,0.11936652903689302,6.478193833118918,0.0026981619193090496,-0.1333699160638301,-0.11088214743612193,-0.15845771476484105,-0.10711394813216879,-0.37577673745324786,-0.11608014661131222,-0.3811374359635985,-0.3617637938919386,Infiltration
-0.43373894629488136,2.9342926992854594,4.264392369794022,3.204046795691062,155.3797588663674,0.001041873736789101,1.2186684669361751,-0.3158555467343715,2.1520707305951676,0.756982588407638,-0.3473268887496002,-0.6089112490599635,-0.5288756916593583,-0.4222969534103361,-0.05256955110147509,-0.23310327752807214,-0.3050237643872385,-0.37319160741604956,-0.02000103763495943,-0.056537895408509925,2.9502091653475615,-0.2879219619870423,-0.34483220786783003,-0.013830924135049978,-0.1253001166570312,3.6021346005245154,-0.21210849320194733,-0.22581559006542903,0.24998405205334245,-0.12340081236076166,-0.22618155779982402,0.0,-0.005633559196716718,0.0,0.004355620421207351,0.0458296673370478,-0.2112708365847931,-0.17001598151072145,-0.6579074030071375,0.04206540134342911,0.1712566412819089,-0.014463940408196855,-0.2550939892512772,-0.18209795288295783,-0.22618155779982402,-0.01649879159194664,1.536267778289156,-0.6732151073629691,-0.3359068273836544,-0.005633559196716718,-0.016534838152822313,0.4306017525750411,0.09486359954373753,2.1520707305951676,-0.5288756916593584,0.004355620421207351,0.0,0.0,0.0,0.0,0.0,0.0,4.264392369794022,155.5903116924204,3.204046795691062,0.0010420471471070324,0.06346000885382465,0.195898285315767,5.028047961609057,0.0026981619193090496,1.0671876038294268,-0.11088214743612193,0.6009242346447277,1.241739366831632,0.018044937668694,-0.11608014661131222,0.0008580289950875295,0.036331507925144536,Infiltration
-0.43373894629488136,2.9348323675427865,4.786786116485835,3.5948041484553253,165.46044731352615,0.001968827866835386,1.3746756596507688,-0.2171686162131481,2.0256462777272946,0.5706235418185069,-0.47537184387798714,-0.5242607858289798,-0.5289943266265337,-0.4273802294383181,-0.05253545937752227,-0.23306926895996447,-0.3054327401729734,-0.38484677736648293,-0.3682201285992387,-0.05653723190528874,2.9502091653475615,-0.2883053289690721,-0.3591161962820198,-0.3602177475286998,-0.12534669761370532,3.6021346005245154,-0.21251644357662175,-0.24780990915079384,-0.24409718628267765,-0.1234018354120543,-0.22618155779982402,0.0,-0.005633559196716718,0.0,0.0047271193819671585,0.05118934277789217,-0.21125296467985752,-0.16992586768878118,-0.4233872010137798,0.0976813840823577,0.1325169695469262,-0.06663521377381385,-0.2671426503469101,-0.18209795288295783,-0.22618155779982402,-0.01649879159194664,-0.6509281872159266,1.4854093276621052,-0.3359068273836544,-0.005633559196716718,-0.016534838152822313,-1.0068823215381135,0.05915177723218851,2.0256462777272946,-0.5289943266265338,0.0047271193819671585,0.0,0.0,0.0,0.0,0.0,0.0,4.786786116485835,165.68466026003875,3.5948041484553253,0.001969013879851574,-0.27206664092959176,0.11936652903689302,5.643396158619888,0.0026981619193090496,-0.1333699160638301,-0.11088214743612193,-0.15845771476484105,-0.10711394813216879,-0.37577673745324786,-0.11608014661131222,-0.3811374359635985,-0.3617637938919386,Infiltration
-0.43373894629488136,1.7495680053436864,0.04747899288420588,0.03824993770262588,1.079501919934276,-0.007321562604343752,1.6245515869648213,-0.3158555467343715,0.9581570228625584,1.1636672708131879,-0.3473268887496002,-0.6089112490599635,-0.5206643626064433,-0.3862397151822441,-0.05308623193032518,-0.23337651056509034,-0.14005452851360453,0.04318392052373623,0.7475274749995172,-0.05653723190528874,1.7615737391395938,-0.12526669418951097,0.14868916410216354,0.7512494556283572,-0.1253565215595442,2.2193669588546125,-0.052563718154577735,0.5002630048887139,1.3390679289388339,-0.12346071769756438,-0.22618155779982402,0.0,-0.005633559196716718,0.0,0.0013524314285785998,0.00234403682040064,-0.21141420961188265,-0.17074106279322773,-0.6579074030071375,0.18676122084216706,-0.20613731657224682,-0.02312598974124115,-0.2571892365346084,-0.18209795288295783,-0.22618155779982402,-0.01649879159194664,1.536267778289156,-0.6732151073629691,-0.3359068273836544,-0.005633559196716718,-0.016534838152822313,0.4306017525750411,-0.24936322933436805,0.9581570228625584,-0.5206643626064437,0.0013524314285785998,0.0,0.0,0.0,0.0,0.0,0.0,0.04747899288420588,1.0809658422002568,0.03824993770262588,-0.00732150290177163,0.06346000885382465,-0.18944975252178436,0.06077938332885546,0.0026981619193090496,2.8155026688280658,7.3161833437441395,6.714596374697303,-0.10212178877524161,0.1715470991800784,1.976584683018222,0.7704212145969194,-0.13138747078819277,Infiltration
-0.43373894629488136,2.8945140057790275,4.686083707485004,3.5200587952631297,172.52336087519942,0.00177117772844495,1.3746756596507688,-0.2171686162131481,2.1784605015549117,0.6476892481122639,-0.47537184387798714,-0.5242607858289798,-0.5289943266265337,-0.4273802294383181,-0.05250520221533529,-0.23307213006369493,-0.30540177794479384,-0.3852497508768529,-0.3828432036053927,-0.05653590489884637,2.92177291113206,-0.2882761432675541,-0.359754278106664,-0.37487329206189957,-0.125347139139361,3.569054034934326,-0.21248534800861077,-0.24874496973066748,-0.26484238660451953,-0.12339842524107882,-0.22618155779982402,0.0,-0.005633559196716718,0.0,0.004655401435874532,0.05016263482486913,-0.2112544858981081,-0.16993335931625797,-0.4233872010137798,0.0976813840823577,0.17935715388979112,-0.03376671224079083,-0.2597114385997612,-0.18209795288295783,-0.22618155779982402,-0.01649879159194664,-0.6509281872159266,1.4854093276621052,-0.3359068273836544,-0.005633559196716718,-0.016534838152822313,-1.0068823215381135,0.10231927722843549,2.1784605015549117,-0.5289943266265338,0.004655401435874532,0.0,0.0,0.0,0.0,0.0,0.0,4.686083707485004,172.75714462142017,3.5200587952631297,0.001771361054246125,-0.22527923754003,0.195898285315767,5.524774819437077,0.0026981619193090496,-0.1333699160638301,-0.11088214743612193,-0.15845771476484105,-0.10711394813216879,-0.37577673745324786,-0.11608014661131222,-0.3811374359635985,-0.3617637938919386,Infiltration
-0.43373894629488136,2.934803332062233,2.821830360857112,2.117873815125992,87.70993718766255,-0.001936638791740189,1.3759977545042823,-0.2171686162131481,1.7854741941275656,0.7667702898650082,-0.47537184387798714,-0.5242607858289798,-0.5289943266265337,-0.4273802294383181,-0.05279659897555308,-0.2331976647731707,-0.3031014002715418,-0.33104232853788434,0.7786736175742397,-0.05653723190528874,2.9502091653475615,-0.28612604859004515,-0.29499862500426005,0.7822975291689873,-0.12534448998542694,3.6021346005245154,-0.2101899733345286,-0.14969629027090206,1.3832627192911517,-0.12340672332378583,-0.22618155779982402,0.0,-0.005633559196716718,0.0,0.0033277229588347763,0.03090211347828482,-0.21132027540040663,-0.1702669078976925,-0.4233872010137798,0.09815270596997575,0.058801650076682796,-0.051143213071305225,-0.2637077877123249,-0.18209795288295783,-0.22618155779982402,-0.01649879159194664,-0.6509281872159266,1.4854093276621052,-0.3359068273836544,-0.005633559196716718,-0.016534838152822313,-1.0068823215381135,-0.008725335732158212,1.7854741941275656,-0.5289943266265338,0.0033277229588347763,0.0,0.0,0.0,0.0,0.0,0.0,2.821830360857112,87.82879211823389,2.117873815125992,-0.0019365058767320405,-0.27206664092959176,0.11936652903689302,3.3287972778152928,0.0026981619193090496,49.81928799354481,27.254524525314896,38.89932951606153,42.76229776982653,0.40496461774429104,3.063949741551215,0.8016499237646622,-0.020016927154532765,Infiltration
-0.43373894629488136,2.917467617507087,1.4434661376582318,1.0837387386820705,30.12939837650195,-0.004671216022888878,1.3746756596507688,-0.2171686162131481,1.087956223601547,0.6326852370923851,-0.47537184387798714,-0.5242607858289798,-0.5289943266265337,-0.4273802294383181,-0.0529893547864381,-0.23328716374392716,-0.2977729109823732,-0.30621872076485523,0.5645438873730222,-0.05653723190528874,2.92177291113206,-0.28113774823176196,-0.2658218321554221,0.5688420235771553,-0.1253181088275001,3.569054034934326,-0.2048742989571332,-0.10514615599028546,1.079423535618966,-0.12340808739217603,4.421226954697268,0.0,-0.005633559196716718,0.0,0.0023460835716919456,0.016697154077598822,-0.2113672378103559,-0.17050441327141583,-0.4233872010137798,0.0976813840823577,-0.15563050262550226,-0.15002606133071006,-0.28355785507349585,-0.18209795288295783,4.421226954697268,-0.01649879159194664,-0.6509281872159266,1.4854093276621052,-0.3359068273836544,-0.005633559196716718,-0.016534838152822313,0.4306017525750411,-0.2062671344792941,1.087956223601547,-0.5289943266265338,0.0023460835716919456,0.0,0.0,0.0,0.0,0.0,0.0,1.4434661376582318,30.170227178162378,1.0837387386820705,-0.00467112028669097,-0.4802466100377588,0.195898285315767,1.7051676977505699,0.0026981619193090496,12.599152987864013,20.70253554345792,19.831023014219408,6.005218228274001,0.1715470991800784,1.8726718005768648,0.5869525482364301,-0.14316579383611178,Infiltration
-0.43373894629488136,2.9348702868018477,2.276778572140112,1.7081935881358565,46.142786882545344,-0.003019961702158654,1.3746756596507688,-0.2171686162131481,1.0504860813038266,0.6343517104894543,-0.47537184387798714,-0.5242607858289798,-0.5289943266265337,-0.4273802294383181,-0.052935459970615814,-0.2332332836928606,-0.30174508139303347,-0.31867087692916923,0.891578384407609,-0.056536568402067555,2.9502091653475615,-0.2848583767652959,-0.2804551488183782,0.8987278049463502,-0.12534691837653317,3.6021346005245154,-0.20883493835896264,-0.1273992850054114,1.543468834318304,-0.12340672332378583,-0.22618155779982402,0.0,-0.005633559196716718,0.0,0.0029395495756084334,0.02527471419146228,-0.2113389484023437,-0.17036151754971293,-0.4233872010137798,0.0976813840823577,-0.16696252360007352,-0.1526924263551829,-0.2840250042178019,-0.18209795288295783,-0.22618155779982402,-0.01649879159194664,-0.6509281872159266,1.4854093276621052,-0.3359068273836544,-0.005633559196716718,-0.016534838152822313,-1.0068823215381135,-0.21677581457907635,1.0504860813038266,-0.5289943266265338,0.0029395495756084334,0.0,0.0,0.0,0.0,0.0,0.0,2.276778572140112,46.20531507677261,1.7081935881358565,-0.0030198435158100066,-0.27206664092959176,0.11936652903689302,2.686759279488329,0.0026981619193090496,8.406105886795336,10.648815629186625,8.45940998063753,1.2167900237066156,0.21581593890777392,3.187047672705894,0.9148539944977301,-0.15395597250133222,Infiltration
-0.43373894629488136,1.4978682230552332,1.2848598434819223,0.964524631059075,29.025251467410136,-0.004986455484119193,1.3746756596507688,-0.2171686162131481,1.2026177887926028,0.649242805676563,-0.47537184387798714,-0.5242607858289798,-0.5289943266265337,-0.4273802294383181,-0.052921874083238424,-0.23323611971967081,-0.3016073020392399,-0.34723700372783384,0.14017769479242762,-0.05653557314723578,1.5084910766216295,-0.2847260768281551,-0.3141838779751681,0.14581202158607,-0.12531623234346348,1.9282579816609489,-0.20869896239005134,-0.1790946897631625,0.4772695170686344,-0.12340831473690772,4.421226954697268,0.0,-0.005633559196716718,0.0,0.0022331278065960583,0.015059619874043072,-0.2113404782923951,-0.170368832023391,-0.4233872010137798,0.0976813840823577,-0.12043937103411587,-0.13569371650206155,-0.2809855373272325,-0.18209795288295783,4.421226954697268,-0.01649879159194664,-0.6509281872159266,1.4854093276621052,-0.3359068273836544,-0.005633559196716718,-0.016534838152822313,0.4306017525750411,-0.17380376114616333,1.2026177887926028,-0.5289943266265338,0.0022331278065960583,0.0,0.0,0.0,0.0,0.0,0.0,1.2848598434819223,29.064584063740707,0.964524631059075,-0.004986364033859155,-0.4802466100377588,0.195898285315767,1.5183390885376429,0.0026981619193090496,23.750699755002696,-0.11088214743612193,14.94879961036611,26.727174302803807,0.18362041910581356,-0.11608014661131222,0.16146138582593364,0.20370376146047692,Infiltration
-0.43373894629488136,2.832640106286337,0.6214827241889451,0.4659068952073399,16.134848663440042,-0.006304957040217417,1.0520845153934735,-0.2171686162131481,1.4148503603333844,0.5237595625862371,-0.47537184387798714,-0.5242607858289798,-0.5289943266265337,-0.4273802294383181,-0.05303589076471846,-0.2333400804653907,-0.2841132775682373,-0.14525714159433645,1.541754110654942,-0.056536568402067555,1.428869564818225,-0.278242970837821,-0.17787710926400058,1.2169705587378088,-0.12534747028360277,3.469812338163759,-0.1912376629413681,0.1852670157875234,2.4660350829229407,-0.1234011533778592,-0.22618155779982402,0.0,-0.005633559196716718,0.0,0.0017606858367108786,0.008210568086155131,-0.21139497907841098,-0.17064496870855816,-0.4233872010137798,-0.017321156496443797,-0.05568954429997323,-0.14478910549751042,-0.2826299259073136,-0.18209795288295783,-0.22618155779982402,-0.01649879159194664,-0.6509281872159266,1.4854093276621052,-0.3359068273836544,-0.005633559196716718,-0.016534838152822313,0.4306017525750411,-0.11385874991074163,1.4148503603333844,-0.5289943266265338,0.0017606858367108786,0.0,0.0,0.0,0.0,0.0,0.0,0.6214827241889451,16.156713756831916,0.4659068952073399,-0.006304883516062592,-0.27206664092959176,0.11936652903689302,0.7369210166708768,0.0026981619193090496,31.760601169079884,-0.11088214743612193,20.015257859647836,35.726478289398194,1.2943658522734462,-0.11608014661131222,1.2388518521130623,1.3265026483472875,Infiltration
-0.43373894629488136,1.9906190890001447,2.221392247189655,1.6684555522615245,74.10685860095302,-0.003125041522568759,1.3786419442113094,-0.2171686162131481,1.9376045715389767,0.5865087379919768,-0.47537184387798714,-0.5242607858289798,-0.5289943266265337,-0.4273802294383181,-0.05274691294917154,-0.2331808153106865,-0.30357591238286696,-0.3282004465338358,0.7202746002466349,-0.05653092862468748,2.0032818999713577,-0.28656734936845524,-0.29161590316544067,0.7279634004728845,-0.125311375561251,2.5005517663712196,-0.21066388288759536,-0.14455569910148808,1.3003974873805555,-0.12340103970549335,4.421226954697268,0.0,-0.005633559196716718,0.0,0.0029001047052574884,0.0247288694569437,-0.21131148529375013,-0.17022193449907727,-0.4233872010137798,0.09909534974521182,0.10526911500225075,-0.07376886876279808,-0.2686837157775577,-0.18209795288295783,4.421226954697268,-0.01649879159194664,-0.6509281872159266,1.4854093276621052,-0.3359068273836544,-0.005633559196716718,-0.016534838152822313,0.4306017525750411,0.034139224030122074,1.9376045715389767,-0.5289943266265338,0.0029001047052574884,0.0,0.0,0.0,0.0,0.0,0.0,2.221392247189655,74.207280297218,1.6684555522615245,-0.003124924764866068,-0.4802466100377588,0.195898285315767,2.621517542937783,0.0026981619193090496,33.50821602306036,62.54149628754647,38.16239013434782,7.501380332075822,0.32447581823939015,3.2075639945650067,0.7430960940751443,-0.11956037107848475,Infiltration
-0.43373894629488136,-0.4709138135919713,-0.010424892291272192,-0.010949535284642103,-0.05666156619817762,-0.007565914885138679,-0.297774330043816,-0.2171686162131481,-0.2940640257614974,-0.26045248447044883,-0.4783154060648466,-0.6089112490599635,-0.5384795411297775,-0.4273802294383181,-0.030511157631578818,0.2601116272033418,-0.30878964169855105,-0.38763732123650385,-0.40098575378981216,-0.05653092862468748,-0.46214077178754837,-0.2914459730275937,-0.36172491824818215,-0.39364747998053967,-0.12535475545692146,-0.3675332702981718,-0.21586833477287287,-0.2516745753495165,-0.29061496530288927,-0.12346083136993022,-0.22618155779982402,0.0,-0.005633559196716718,0.0,0.0013106557249796447,0.0016604312719321283,0.30600551418029304,-0.1707584879374633,-0.4233872010137798,-0.4985408037544615,-0.5800258743388937,-0.4996311998694753,-0.3143006297619917,-0.18209795288295783,-0.22618155779982402,-0.01649879159194664,-0.6509281872159266,1.4854093276621052,2.977016001100374,-0.005633559196716718,-0.016534838152822313,-1.0068823215381135,-0.5888102234108963,-0.2940640257614974,-0.5384795411297773,0.0013106557249796447,0.0,0.0,0.0,0.0,0.0,0.0,-0.010424892291272192,-0.05673723422543055,-0.010949535284642103,-0.007565858504735328,-0.46086032137122007,-0.24984597014156923,-0.007427886701260731,0.0026981619193090496,-0.1333699160638301,-0.11088214743612193,-0.15845771476484105,-0.10711394813216879,-0.37577673745324786,-0.11608014661131222,-0.3811374359635985,-0.3617637938919386,Infiltration
-0.43373894629488136,-0.35617689075046827,-0.010424892291272192,-0.010003391573348487,-0.048256034172758804,-0.007563412984652724,-0.18010788808111394,-0.2171686162131481,-0.06650369226983646,-0.048473818007054276,-0.47537184387798714,-0.5242607858289798,-0.5289943266265337,-0.4273802294383181,-0.05309131062402265,-0.2333791562361005,0.12280433460853998,-0.04971464523513866,-0.2436215036035117,-0.05635841778717942,-0.34720262657116785,0.11208833583570461,-0.36172491824818215,-0.23677871844036694,0.3208022835873231,-0.3675332702981718,-0.21586833477287287,-0.2516745753495165,-0.29061496530288927,-0.12346083136993022,-0.22618155779982402,0.0,-0.005633559196716718,0.0,0.0013106557249796447,0.0016734275751349517,-0.21141482433655553,-0.17075200286217196,-0.4233872010137798,-0.4565931557564561,-0.5101355847671564,-0.4322976263840025,-0.3131602466559054,-0.18209795288295783,-0.22618155779982402,-0.01649879159194664,-0.6509281872159266,1.4854093276621052,-0.3359068273836544,-0.005633559196716718,-0.016534838152822313,-1.0068823215381135,-0.5058394369910011,-0.06650369226983646,-0.5289943266265338,0.0013106557249796447,0.0,0.0,0.0,0.0,0.0,0.0,-0.010424892291272192,-0.04832031204738515,-0.010003391573348487,-0.007563356570233993,-0.4802466100377588,-0.24973391778977,-0.007427886701260731,0.0026981619193090496,-0.1333699160638301,-0.11088214743612193,-0.15845771476484105,-0.10711394813216879,-0.37577673745324786,-0.11608014661131222,-0.3811374359635985,-0.3617637938919386,Infiltration
-0.43373894629488136,0.06544754942939625,-0.002872211616209835,-0.010949535284642103,0.6378809339695749,-0.007565914885138679,1.6245515869648213,-0.2171686162131481,4.38370709921596,1.8758693391184869,-0.4783154060648466,-0.6089112490599635,-0.5384795411297775,-0.4273802294383181,-0.05307763705431673,-0.23338072937550705,0.26765951568065693,0.021033717551570782,-0.027212965880814656,0.04027220083651796,0.07530386416034793,-0.021925368722408176,-0.020963273547113363,-0.021051580547934694,-0.09314612116362196,-0.3675332702981718,-0.21586833477287287,-0.2516745753495165,-0.29061496530288927,-0.12346083136993022,4.421226954697268,0.0,-0.005633559196716718,0.0,0.0013160345709365916,0.0016604312719321283,-0.21141519380201396,-0.1707584879374633,-0.4233872010137798,0.18676122084216706,1.9929140243670176,0.497523976211349,-0.0642010606668019,-0.18209795288295783,4.421226954697268,-0.01649879159194664,-0.6509281872159266,1.4854093276621052,-0.3359068273836544,-0.005633559196716718,-0.016534838152822313,-1.0068823215381135,2.071802407087471,4.38370709921596,-0.5384795411297773,0.0013160345709365916,0.0,0.0,0.0,0.0,0.0,0.0,-0.002872211616209835,0.6387464252953098,-0.010949535284642103,-0.007565858504735328,-0.4802466100377588,-0.24984597014156923,0.0014687137374500777,0.0026981619193090496,13.406274708804208,-0.11088214743612193,8.405698153801325,15.104980627152193,0.010590024814150324,-0.11608014661131222,-0.0063730176485897886,0.02879569674377498,Infiltration
-0.43373894629488136,1.422091862999774,0.027338511084039598,0.021219350899340808,1.0659019580055082,-0.007374102514548805,1.6245515869648213,-0.3158555467343715,1.5765969741355417,1.4417598730995518,-0.3473268887496002,-0.6089112490599635,-0.5170913123553926,-0.37653278150920216,-0.053085333382469006,-0.23337793505727314,-0.08969359294570724,0.23676981032069427,1.039522561637541,-0.05653690015367815,1.4345568156613253,-0.07665357664379437,0.382599768739146,1.0423251450717645,-0.1253565215595442,1.8389404545674384,-0.0007093722623790188,0.8534885370952513,1.7533940884918142,-0.12346060402519853,-0.22618155779982402,0.0,-0.005633559196716718,0.0,0.0013380878393600745,0.002110103362749819,-0.21141490169651517,-0.17074512360592814,-0.6579074030071375,0.18676122084216706,-0.01949707866715271,0.09327388618096766,-0.2258791458206845,-0.18209795288295783,-0.22618155779982402,-0.01649879159194664,1.536267778289156,-0.6732151073629691,-0.3359068273836544,-0.005633559196716718,-0.016534838152822313,0.4306017525750411,-0.0729178708221904,1.5765969741355417,-0.5170913123553931,0.0013380878393600745,0.0,0.0,0.0,0.0,0.0,0.0,0.027338511084039598,1.0673474512604981,0.021219350899340808,-0.00737404352629966,0.06346000885382465,-0.19460416070454895,0.03705511549229331,0.0026981619193090496,0.41469812194727573,0.7594578776044963,0.5146875881965899,-0.09709526843945654,0.4975267371749271,2.940851810396537,1.0631903630445085,-0.06606596058969262,Infiltration
-0.43373894629488136,2.3574516473532494,0.005939249171362917,0.0032426203847621235,0.4246259753920953,-0.007528386377849356,1.6245515869648213,-0.2171686162131481,1.4166442189536705,1.276201627224117,-0.47537184387798714,-0.5242607858289798,-0.5289943266265337,-0.4273802294383181,-0.053090343649311096,-0.23338133284985352,0.42494564802712786,1.77631407771101,3.433882272069336,-0.056536568402067555,2.3729532047728785,0.4191758873534634,2.2314332390175435,3.429145798507705,-0.1253566319409581,2.9305991190436775,0.5418887277833562,3.7149552920088915,5.150868596826254,-0.12346037668046682,4.421226954697268,0.0,-0.005633559196716718,0.0,0.0013223098912196966,0.0018553758199744796,-0.21141660538902163,-0.17075454176540694,-0.4233872010137798,0.18676122084216706,-0.0660953942345956,0.03643752283749998,-0.24201892529435243,-0.18209795288295783,4.421226954697268,-0.01649879159194664,-0.6509281872159266,1.4854093276621052,-0.3359068273836544,-0.005633559196716718,-0.016534838152822313,0.4306017525750411,-0.10757966213498399,1.4166442189536705,-0.5289943266265338,0.0013223098912196966,0.0,0.0,0.0,0.0,0.0,0.0,0.005939249171362917,0.4252024895871467,0.0032426203847621235,-0.007528329487215306,-0.4802466100377588,-0.17667578441667217,0.01184808091594602,0.0026981619193090496,0.6972058884760666,-0.11088214743612193,0.3669017645877235,0.8260566069795722,3.588296638163122,-0.11608014661131222,3.463897380314741,3.645326436483092,Infiltration
-0.43373894629488136,2.3804135468235588,0.01978583040897724,0.013650201208991889,0.4877146876727668,-0.007500865472503852,1.0190321440556358,-0.2171686162131481,0.8112852175368666,0.7654296321988691,-0.47537184387798714,-0.5242607858289798,-0.5289943266265337,-0.4273802294383181,-0.05309008448105525,-0.2333802640990392,0.11181775222542695,0.6358711724268286,1.7325242339251175,-0.056525620598918004,2.381484081037529,0.1097330886601677,0.8313250324330071,1.7331447813507845,-0.125305856490555,2.940523288720734,0.21192120268615863,1.5732768084921844,2.736728173830888,-0.12340081236076166,4.421226954697268,0.0,-0.005633559196716718,0.0,0.0013321711088074327,0.001998335155205537,-0.2114160451029345,-0.17075170298904868,-0.4233872010137798,-0.02910420368689477,-0.24516885832343624,-0.14031271218517513,-0.28182582312363297,-0.18209795288295783,4.421226954697268,-0.01649879159194664,-0.6509281872159266,1.4854093276621052,-0.3359068273836544,-0.005633559196716718,-0.016534838152822313,0.4306017525750411,-0.28267919117311874,0.8112852175368666,-0.5289943266265338,0.0013321711088074327,0.0,0.0,0.0,0.0,0.0,0.0,0.01978583040897724,0.4883766920021391,0.013650201208991889,-0.0075008082077006235,-0.4802466100377588,-0.15112784820644776,0.0281585150535825,0.0026981619193090496,0.69443397718677,-0.09858694322367886,0.37039485725704646,0.8160232011530636,0.9402151344518822,3.8025373284792856,1.7580291420267873,0.5088121546362406,Infiltration
-0.43373894629488136,1.5077705991445538,0.01223314973391488,0.007973338941230198,0.29514300452862113,-0.007515876875419582,0.6263699725621247,-0.2171686162131481,0.6307513969793315,0.5047052611905741,-0.47537184387798714,-0.5242607858289798,-0.5289943266265337,-0.4273802294383181,-0.05309022458447112,-0.23337998700044718,0.07290099974634036,0.6757763265473041,1.7403107695687983,-0.05652661585374978,1.51986557830783,0.07486759181168133,0.9003444510674562,1.740906799735942,-0.12531093403559532,1.9381821513380055,0.17474373328107956,1.678852508383853,2.7477768714189676,-0.12340058501602995,4.421226954697268,0.0,-0.005633559196716718,0.0,0.0013267922628504858,0.0019203573359885967,-0.21141589983568998,-0.17075096697002407,-0.4233872010137798,-0.16908680430945233,-0.3006179422349354,-0.2256917490339028,-0.29542521040086167,-0.18209795288295783,4.421226954697268,-0.01649879159194664,-0.6509281872159266,1.4854093276621052,-0.3359068273836544,-0.005633559196716718,-0.016534838152822313,0.4306017525750411,-0.3331685474916487,0.6307513969793315,-0.5289943266265338,0.0013267922628504858,0.0,0.0,0.0,0.0,0.0,0.0,0.01223314973391488,0.2955440591815259,0.007973338941230198,-0.007515819814708632,-0.4802466100377588,-0.13062226782718872,0.019261914614871693,0.0026981619193090496,0.6786578694924871,-0.11085498916997462,0.35517705902465846,0.8052044015240887,0.9925328541300679,5.977267445545272,1.765836319318723,0.16709075427938527,Infiltration
-0.43373894629488136,0.2104633412233881,0.031114851421570777,0.022165494610634422,1.2094571116980544,-0.007478348368130258,1.6245515869648213,-0.2171686162131481,1.635706044855144,1.4222718781805281,-0.47537184387798714,-0.5242607858289798,-0.5289943266265337,-0.4273802294383181,-0.05307094229627212,-0.23336842901425323,-0.23450172236335545,-0.1198915290326617,0.3192680145970822,-0.05653756365689933,0.22032876065940618,-0.22095641084934362,-0.04521432466344358,0.3243384444446932,-0.1253566319409581,0.4264003038663656,-0.14070260779883295,0.23247957078233883,0.7313895615944624,-0.12346083136993022,4.421226954697268,0.0,-0.005633559196716718,0.0,0.0013402393777428533,0.002115301884030948,-0.21140984063201684,-0.17072026707485977,-0.4233872010137798,0.18676122084216706,0.005641258577616173,0.10025024858048719,-0.2237860976958442,-0.18209795288295783,4.421226954697268,-0.01649879159194664,-0.6509281872159266,1.4854093276621052,-0.3359068273836544,-0.005633559196716718,-0.016534838152822313,0.4306017525750411,-0.04988602237875481,1.635706044855144,-0.5289943266265338,0.0013402393777428533,0.0,0.0,0.0,0.0,0.0,0.0,0.031114851421570777,1.211097133402397,0.022165494610634422,-0.0074782907971886105,-0.4802466100377588,-0.08972315942046982,0.041503415711648714,0.0026981619193090496,7.095011242424693,-0.11088214743612193,4.413669887831372,8.014134493438554,0.36874465796708567,-0.11608014661131222,0.34102646354045507,0.39083690927494535,Infiltration
-0.43373894629488136,2.3642801225482266,0.005939249171362917,0.0032426203847621235,0.4205648756494772,-0.007528386377849356,1.6245515869648213,-0.2171686162131481,1.4019849019310773,1.2820601806584435,-0.47537184387798714,-0.5242607858289798,-0.5289943266265337,-0.4273802294383181,-0.05309036457814411,-0.2333813364280337,0.4267171027672293,1.77631407771101,3.445562075534857,-0.056536568402067555,2.378640455615979,0.42089419203307377,2.241293155965322,3.440788826085441,-0.1253565215595442,2.9372152321617153,0.5437179482721669,3.7300375348505583,5.167441643208373,-0.12346049035283267,4.421226954697268,0.0,-0.005633559196716718,0.0,0.0013223098912196966,0.0018553758199744796,-0.21141660726486072,-0.1707545512696367,-0.4233872010137798,0.18676122084216706,-0.07045245446052824,0.03697994636911324,-0.24187257416148697,-0.18209795288295783,4.421226954697268,-0.01649879159194664,-0.6509281872159266,1.4854093276621052,-0.3359068273836544,-0.005633559196716718,-0.016534838152822313,0.4306017525750411,-0.11172820164845171,1.4019849019310773,-0.5289943266265338,0.0013223098912196966,0.0,0.0,0.0,0.0,0.0,0.0,0.005939249171362917,0.4211358867370798,0.0032426203847621235,-0.007528329487215306,-0.4802466100377588,-0.0870339029772883,0.01184808091594602,0.0026981619193090496,0.6966044176971549,-0.11088214743612193,0.3665213196319138,0.8253808410620334,3.6003699580888573,-0.11608014661131222,3.4756081462526445,3.657530772210123,Infiltration
-0.43373894629488136,2.3981799685315885,0.018527050296466847,0.012704057497698274,0.4919646757755067,-0.007503367372989807,1.2556871228345534,-0.2171686162131481,0.8659311663564436,0.9826318955478535,-0.47537184387798714,-0.5242607858289798,-0.5289943266265337,-0.4273802294383181,-0.0530900837222417,-0.23338037755530727,0.13171334819394526,0.6617465346034389,1.7403107695687983,-0.05652761110858156,2.4099203352530307,0.12905306820239493,0.8609047832763425,1.740906799735942,-0.12530828488166126,2.973603854310923,0.23252082270113036,1.6185235370171853,2.7477768714189676,-0.12340388151463959,4.421226954697268,0.0,-0.005633559196716718,0.0,0.001331274634481275,0.0019853388520027137,-0.21141610458169013,-0.17075200434738894,-0.4233872010137798,0.0552624141967342,-0.22889607415593075,-0.07602679801443765,-0.26916615671499367,-0.18209795288295783,4.421226954697268,-0.01649879159194664,-0.6509281872159266,1.4854093276621052,-0.3359068273836544,-0.005633559196716718,-0.016534838152822313,0.4306017525750411,-0.26713441405153965,0.8659311663564436,-0.5289943266265338,0.001331274634481275,0.0,0.0,0.0,0.0,0.0,0.0,0.018527050296466847,0.49263243917081373,0.012704057497698274,-0.0075033101422019586,-0.4802466100377588,-0.0870339029772883,0.026675748313797366,0.0026981619193090496,0.6965723780914986,-0.07500820424002756,0.3782266805362089,0.798420562555285,0.9482640144023723,3.8025373284792856,1.765836319318723,0.5250846022722814,Infiltration
-0.43373894629488136,1.4567567640939099,0.01223314973391488,0.007973338941230198,0.295237448708682,-0.007515876875419582,0.6263699725621247,-0.2171686162131481,0.6310070827472998,0.5049382792297608,-0.47537184387798714,-0.5242607858289798,-0.5289943266265337,-0.4273802294383181,-0.053090168927217574,-0.23337991206729314,0.06306026145924311,0.6656401554140636,1.7325242339251175,-0.056526947605360374,1.4686803207199273,0.06542314725939195,0.8904845341196778,1.7331447813507845,-0.125308616025903,1.8786371332756653,0.1646729556898027,1.6637702655421862,2.736728173830888,-0.12340058501602995,4.421226954697268,0.0,-0.005633559196716718,0.0,0.0013267922628504858,0.0019203573359885967,-0.2114158605524416,-0.17075076793535365,-0.4233872010137798,-0.16908680430945233,-0.3005413291277342,-0.2256101610185661,-0.29541396532218606,-0.18209795288295783,4.421226954697268,-0.01649879159194664,-0.6509281872159266,1.4854093276621052,-0.3359068273836544,-0.005633559196716718,-0.016534838152822313,0.4306017525750411,-0.3330961892476863,0.6310070827472998,-0.5289943266265338,0.0013267922628504858,0.0,0.0,0.0,0.0,0.0,0.0,0.01223314973391488,0.29563863134082974,0.007973338941230198,-0.007515819814708632,-0.4802466100377588,-0.0870339029772883,0.019261914614871693,0.0026981619193090496,0.6916171618076081,-0.08272072282750813,0.3710083592923231,0.8062041423851449,0.9563128943528624,6.16191434227729,1.7580291420267873,0.10200096373522233,Infiltration
-0.43373894629488136,0.23893494309449984,0.029856071309060383,0.01932706347675358,1.2175793111832904,-0.007485854069588123,1.6245515869648213,-0.2171686162131481,1.7063011001671975,1.455590627696982,-0.47537184387798714,-0.5242607858289798,-0.5289943266265337,-0.4273802294383181,-0.05307169688480883,-0.2333697954450083,-0.22663453528763888,-0.09846560745214919,0.3543074249936451,-0.05653723190528874,0.2487650148749078,-0.21578523578629671,-0.024885651052075835,0.35926752717790206,-0.1253566319409581,0.4594808694565547,-0.12998233234687584,0.27957687753328336,0.7811087007408201,-0.12346071769756438,4.421226954697268,0.0,-0.005633559196716718,0.0,0.0013393429034166955,0.002076312974422478,-0.21141035008816006,-0.17072494476189506,-0.4233872010137798,0.18676122084216706,0.044919663197323795,0.12136158007248464,-0.21730312791649226,-0.18209795288295783,4.421226954697268,-0.01649879159194664,-0.6509281872159266,1.4854093276621052,-0.3359068273836544,-0.005633559196716718,-0.016534838152822313,-1.0068823215381135,-0.012663187431216721,1.7063011001671975,-0.5289943266265338,0.0013393429034166955,0.0,0.0,0.0,0.0,0.0,0.0,0.029856071309060383,1.2192303391025308,0.01932706347675358,-0.007485796600692615,-0.4802466100377588,-0.0870339029772883,0.04002064897186358,0.0026981619193090496,7.215235493612856,-0.11088214743612193,4.4897146626304085,8.149209137566071,0.40496461774429104,-0.11608014661131222,0.37615876135416576,0.42744991645603697,Infiltration
-0.43373894629488136,2.503316620518387,0.005939249171362917,0.0032426203847621235,0.4206593198295381,-0.007528386377849356,1.063983369075095,-0.2171686162131481,1.4023258159474539,1.0941071936997566,-0.47537184387798714,-0.5242607858289798,-0.5289943266265337,-0.4273802294383181,-0.05309045501110613,-0.23338140571126853,0.4627861892057511,1.8827379170035106,3.6480120022705536,-0.05651666330543201,2.5236653521150374,0.45582650086043425,2.3694720762864416,3.6426013040995366,-0.12530773297459166,3.105926116671679,0.5809692948847228,3.9261066917922287,5.45470778049844,-0.12338660331503046,4.421226954697268,0.0,-0.005633559196716718,0.0,0.0013223098912196966,0.0018553758199744796,-0.21141664358617343,-0.1707547352972008,-0.4233872010137798,-0.013079259507881445,-0.07035112767576401,-0.013112772720204,-0.25476375474743607,-0.18209795288295783,4.421226954697268,-0.01649879159194664,-0.6509281872159266,1.4854093276621052,-0.3359068273836544,-0.005633559196716718,-0.016534838152822313,0.4306017525750411,-0.11163172379687981,1.4023258159474539,-0.5289943266265338,0.0013223098912196966,0.0,0.0,0.0,0.0,0.0,0.0,0.005939249171362917,0.42123045889638366,0.0032426203847621235,-0.007528329487215306,-0.4802466100377588,-0.0870339029772883,0.01184808091594602,0.0026981619193090496,0.6990481658013042,-0.11088214743612193,0.3680670499850583,0.8281264468964888,3.8096408368015995,-0.11608014661131222,3.678594755842973,3.8690725914786523,Infiltration
-0.43373894629488136,2.3968504387020957,0.01978583040897724,0.013650201208991889,0.4909257897948369,-0.007500865472503852,1.2503987434204993,-0.2171686162131481,0.8179723837366973,0.8326541958126782,-0.47537184387798714,-0.5242607858289798,-0.5289943266265337,-0.4273802294383181,-0.05309008455401381,-0.23338027873994358,0.11424242909795189,0.6412773919543537,1.7403107695687983,-0.056527279356970966,2.4099203352530307,0.11204603717352671,0.8411849493807856,1.740906799735942,-0.12531159632407884,2.973603854310923,0.21438623970461357,1.5883590513338515,2.7477768714189676,-0.12340081236076166,4.421226954697268,0.0,-0.005633559196716718,0.0,0.0013321711088074327,0.001998335155205537,-0.2114160527783392,-0.17075174187767703,-0.4233872010137798,0.05337712664626204,-0.2431537896614591,-0.12113604569523283,-0.27826699311424935,-0.18209795288295783,4.421226954697268,-0.01649879159194664,-0.6509281872159266,1.4854093276621052,-0.3359068273836544,-0.005633559196716718,-0.016534838152822313,0.4306017525750411,-0.28078674494841155,0.8179723837366973,-0.5289943266265338,0.0013321711088074327,0.0,0.0,0.0,0.0,0.0,0.0,0.01978583040897724,0.49159214541847107,0.013650201208991889,-0.0075008082077006235,-0.4802466100377588,-0.0870339029772883,0.0281585150535825,0.0026981619193090496,0.6796870205105981,-0.08466940923584475,0.36742499154874025,0.7952953497163041,0.9482640144023723,3.8025373284792856,1.765836319318723,0.516948378454261,Infiltration
-0.43373894629488136,1.5012025066461536,0.01223314973391488,0.007973338941230198,0.2948596719884385,-0.007515876875419582,0.6263699725621247,-0.2171686162131481,0.629984339675427,0.5040102329243299,-0.47537184387798714,-0.5242607858289798,-0.5289943266265337,-0.4273802294383181,-0.05309021927470772,-0.23337997757014337,0.07163399286928682,0.6745890956605419,1.7403107695687983,-0.05652661585374978,1.5141783274647298,0.07365150637226692,0.9003444510674562,1.740906799735942,-0.1252968052146136,1.9315660382199678,0.17344612353516747,1.678852508383853,2.7477768714189676,-0.12339558343193258,4.421226954697268,0.0,-0.005633559196716718,0.0,0.0013267922628504858,0.0019203573359885967,-0.2114158948919108,-0.17075094192160012,-0.4233872010137798,-0.16908680430945233,-0.3008477814937163,-0.22593543453224574,-0.2954587770830538,-0.18209795288295783,4.421226954697268,-0.01649879159194664,-0.6509281872159266,1.4854093276621052,-0.3359068273836544,-0.005633559196716718,-0.016534838152822313,0.4306017525750411,-0.33338562222353596,0.629984339675427,-0.5289943266265338,0.0013267922628504858,0.0,0.0,0.0,0.0,0.0,0.0,0.01223314973391488,0.29526034270361423,0.007973338941230198,-0.007515819814708632,-0.4802466100377588,-0.0870339029772883,0.019261914614871693,0.0026981619193090496,0.6930771483835376,-0.08044452065481253,0.37254948377433195,0.8067473730985175,0.9885084141548228,6.018300089263499,1.765836319318723,0.1589545304613649,Infiltration
-0.43373894629488136,2.8760573457019043,0.0437026525466747,0.026896213167102497,1.430078716320283,-0.007465838865700484,1.6245515869648213,-0.2171686162131481,1.4655086103926394,1.4425648675349132,-0.47537184387798714,-0.5242607858289798,-0.5289943266265337,-0.4273802294383181,-0.05308720227814406,-0.23337926136331738,-0.009031566780569699,0.8303243951110039,3.2119660062244377,-0.05653723190528874,2.893336656916558,-0.02388083663364806,1.0383832883363542,3.2079282745307154,-0.12535685270378594,3.535973469344137,0.10602411304978328,2.025744093742193,4.835980715565989,-0.12346071769756438,4.421226954697268,0.0,-0.005633559196716718,0.0,0.0013492041210044316,0.002180283400045065,-0.21141540972981268,-0.170749595346462,-0.4233872010137798,0.18676122084216706,-0.013379439955677455,0.10955420384939721,-0.22095662589434514,-0.18209795288295783,4.421226954697268,-0.01649879159194664,-0.6509281872159266,1.4854093276621052,-0.3359068273836544,-0.005633559196716718,-0.016534838152822313,-1.0068823215381135,-0.06902264970614475,1.4655086103926394,-0.5289943266265338,0.0013492041210044316,0.0,0.0,0.0,0.0,0.0,0.0,0.0437026525466747,1.4320176975362628,0.026896213167102497,-0.007465781124681936,-0.4802466100377588,-0.0870339029772883,0.05633108310950006,0.0026981619193090496,4.210841621713715,7.060714626755558,4.535374505547162,1.3170979021782852,1.8658363287582427,10.654988829423054,3.241392827494573,0.39490502118395554,Infiltration
-0.43373894629488136,2.3648820907858226,0.01978583040897724,0.013650201208991889,0.572525561367442,-0.007500865472503852,1.2332115103248238,-0.2171686162131481,0.9879050785981901,0.9724325514670895,-0.47537184387798714,-0.5242607858289798,-0.5289943266265337,-0.4273802294383181,-0.05308973405061958,-0.23338025010867397,0.10952664034927986,0.6338964138797065,1.7403107695687983,-0.056526947605360374,2.378640455615979,0.10754833001235913,0.8313250324330071,1.740906799735942,-0.12530044780127295,2.9372152321617153,0.2095906134834426,1.5732768084921844,2.7477768714189676,-0.12339831156871296,4.421226954697268,0.0,-0.005633559196716718,0.0,0.0013321711088074327,0.001998335155205537,-0.21141603776857357,-0.1707516658283715,-0.4233872010137798,0.047249942107227536,-0.190524934703144,-0.07107829406546205,-0.2681054846171969,-0.18209795288295783,4.421226954697268,-0.01649879159194664,-0.6509281872159266,1.4854093276621052,-0.3359068273836544,-0.005633559196716718,-0.016534838152822313,0.4306017525750411,-0.23136049823651672,0.9879050785981901,-0.5289943266265338,0.0013321711088074327,0.0,0.0,0.0,0.0,0.0,0.0,0.01978583040897724,0.5733024910570241,0.013650201208991889,-0.0075008082077006235,-0.4802466100377588,-0.0870339029772883,0.0281585150535825,0.0026981619193090496,0.7859128767183782,0.11582578214178112,0.5234682209297087,0.8364090790383326,0.9321662545013921,3.884602615915738,1.765836319318723,0.48847159509118976,Infiltration
-0.43373894629488136,2.6911070111114324,0.013491929846425275,0.008919482652523814,0.3751372250401912,-0.007513374974933627,0.6263699725621247,-0.2171686162131481,0.7915046920277939,0.5978867369489241,-0.47537184387798714,-0.5242607858289798,-0.5289943266265337,-0.4273802294383181,-0.05309071565338374,-0.2333809580570777,0.271416165326947,1.031347202663505,1.7325242339251175,-0.05652628410213919,2.694282877408047,0.2646724732258844,1.3046010459263715,1.7331447813507845,-0.12530994060287004,3.304409510212814,0.3771363032630157,2.297224464892198,2.736728173830888,-0.12340013032656656,4.421226954697268,0.0,-0.005633559196716718,0.0,0.0013276887371766436,0.0019333536391914201,-0.2114164089061979,-0.170753546254707,-0.4233872010137798,-0.16908680430945233,-0.2521788719578465,-0.18834534107453363,-0.2899277844875937,-0.18209795288295783,4.421226954697268,-0.01649879159194664,-0.6509281872159266,1.4854093276621052,-0.3359068273836544,-0.005633559196716718,-0.016534838152822313,0.4306017525750411,-0.2877999285272082,0.7915046920277939,-0.5289943266265338,0.0013276887371766436,0.0,0.0,0.0,0.0,0.0,0.0,0.013491929846425275,0.375646678111913,0.008919482652523814,-0.007513317880207297,-0.4802466100377588,-0.0870339029772883,0.02074468135465683,0.0026981619193090496,0.7160102243048965,-0.10630258480657984,0.38003863024099743,0.8449764164335705,1.8296163689810374,-0.11578274839001346,1.7580291420267873,1.8675615322456418,Infiltration
-0.43373894629488136,1.7852835196813912,0.038667532096633137,0.025950069455808883,1.3273234484140395,-0.0074683407661864385,1.6245515869648213,-0.2171686162131481,1.504467083693185,1.3302881871656465,-0.47537184387798714,-0.5242607858289798,-0.5289943266265337,-0.4273802294383181,-0.05308525242427717,-0.23337785203899236,-0.09393448181791145,0.3817660773869989,1.7442040373906385,-0.05653723190528874,1.798540869619746,-0.09304414700202968,0.5348026810791638,1.7447878089285207,-0.1253566319409581,2.262371694121858,0.0068291357794833,1.1544499351563886,2.7533012202130074,-0.12346071769756438,4.421226954697268,0.0,-0.005633559196716718,0.0,0.0013456182236998003,0.0021672870968422416,-0.21141471550405316,-0.17074562595874462,-0.4233872010137798,0.18676122084216706,-0.01888702564747113,0.07181716099566476,-0.23216313920610282,-0.18209795288295783,4.421226954697268,-0.01649879159194664,-0.6509281872159266,1.4854093276621052,-0.3359068273836544,-0.005633559196716718,-0.016534838152822313,-1.0068823215381135,-0.07376424288635507,1.504467083693185,-0.5289943266265338,0.0013456182236998003,0.0,0.0,0.0,0.0,0.0,0.0,0.038667532096633137,1.3291231882136405,0.025950069455808883,-0.007468283059183271,-0.4802466100377588,-0.0870339029772883,0.05040001615035952,0.0026981619193090496,3.9076581151166234,7.381433381007059,4.430630547701512,0.8218825661668808,1.101192733461684,5.218163536758088,1.7697399079646907,0.382700685456925,Infiltration
-0.43373894629488136,0.9042536322896024,-0.004130991728720228,-0.003380385594293182,0.1272212523803666,-0.00754589968125104,0.9674704447686091,-0.2171686162131481,1.1063634521575465,0.9840290936549403,-0.47537184387798714,-0.5242607858289798,-0.5289943266265337,-0.4273802294383181,-0.05309074780102807,-0.23338129069989577,0.43018500299480106,1.1022964288585058,1.4366358794652534,-0.05652363008925445,-0.42769707450647987,-0.27129300865063943,-0.3154305365407923,-0.3486432585733044,-0.1253069603046942,1.2368741608259974,0.5209826158894681,2.4329646504672007,2.316877665483868,-0.12337966930071363,4.421226954697268,0.0,-0.005633559196716718,0.0,0.0013151380966104338,0.0017644016975547157,-0.2114166366887244,-0.17075415926629284,-0.4233872010137798,-0.04748575730399829,-0.19307710819874113,-0.08911201218382997,-0.2719115128162479,-0.18209795288295783,4.421226954697268,-0.01649879159194664,-0.6509281872159266,1.4854093276621052,-0.3359068273836544,-0.005633559196716718,-0.016534838152822313,0.4306017525750411,-0.21602055051648258,1.1063634521575465,-0.5289943266265338,0.0013151380966104338,0.0,0.0,0.0,0.0,0.0,0.0,-0.004130991728720228,0.12739475993922558,-0.003380385594293182,-0.007545843028724649,-0.4802466100377588,-0.0870339029772883,-1.4053002335057048e-05,0.0026981619193090496,-0.1333699160638301,-0.11088214743612193,-0.15845771476484105,-0.10711394813216879,-0.37577673745324786,-0.11608014661131222,-0.3811374359635985,-0.3617637938919386,Infiltration
-0.43373894629488136,1.133799087471569,-0.010424892291272192,-0.010003391573348487,-0.0515615804748898,-0.007563412984652724,-0.22638120795408664,-0.2171686162131481,-0.1559937110586919,-0.1318362149535691,-0.47537184387798714,-0.5242607858289798,-0.5289943266265337,-0.4273802294383181,-0.053092258850977236,-0.2333825566621153,5.734088463073398,4.342311091763527,1.798709786896403,-0.05640851228037888,1.1445070226632088,5.349305459839887,-0.36172491824818215,1.7991219376246235,6.111192923380671,-0.3675332702981718,-0.21586833477287287,-0.2516745753495165,-0.29061496530288927,-0.12346083136993022,-0.22618155779982402,0.0,-0.005633559196716718,0.0,0.0013106557249796447,0.0016734275751349517,-0.21141720120665305,-0.17075802425264106,-0.4233872010137798,-0.47308942182308744,-0.5376205301043565,-0.4587771215749188,-0.3138808144435537,-0.18209795288295783,-0.22618155779982402,-0.01649879159194664,-0.6509281872159266,1.4854093276621052,-0.3359068273836544,-0.005633559196716718,-0.016534838152822313,-1.0068823215381135,-0.5396066175164472,-0.1559937110586919,-0.5289943266265338,0.0013106557249796447,0.0,0.0,0.0,0.0,0.0,0.0,-0.010424892291272192,-0.05163033762302098,-0.010003391573348487,-0.007563356570233993,-0.4802466100377588,-0.24973391778977,-0.007427886701260731,0.0026981619193090496,-0.1333699160638301,-0.11088214743612193,-0.15845771476484105,-0.10711394813216879,1.8980318485602032,-0.11608014661131222,1.8243901490082408,1.936719434698815,Infiltration
-0.43373894629488136,2.915216644005872,3.366882149574112,1.6249329415420184,0.7259973539663811,3.1435431375516494,0.37781614010158554,-0.3158555467343715,-0.30894046176480916,-0.2036674320962918,8.04624068708018,-0.6089112490599635,6.371003659966391,2.486100044600896,-0.05070578310446561,-0.2332002338829985,-0.30302127656882694,-0.36698805051617867,-0.20535044731875207,-0.05653756365689933,2.92177291113206,-0.28701029333128536,-0.33979037781983934,-0.19860029957076342,-0.12535696308519986,3.569054034934326,-0.20851838474754433,-0.2103692253976188,-0.01301732229819943,-0.12346071769756438,-0.22618155779982402,0.0,-0.005633559196716718,0.0,0.005160475071231857,0.037618602973503966,-0.211300934222547,-0.17037855092392734,-0.6579074030071375,7.688320384170875,4.783545639517548,3.539459179281598,3.789200806914404,-0.18209795288295783,-0.22618155779982402,-0.01649879159194664,1.536267778289156,-0.6732151073629691,-0.3359068273836544,-0.005633559196716718,-0.016534838152822313,-1.0068823215381135,4.345772841977581,-0.30894046176480916,6.37100365996617,0.005160475071231857,0.0,0.0,0.0,0.0,0.0,0.0,3.366882149574112,0.7269822499258307,1.6249329415420184,3.143586035832503,1.5025665541069915,-0.223401615116951,0.16605582185360002,0.0027085988983108584,-0.13014119762110118,-0.11088214743612193,-0.15641547150326696,-0.10348641050702702,-0.17354927260758032,-0.11608014661131222,-0.18498273107789703,-0.1573418213620823,Heartbleed
-0.43373894629488136,2.914066776534057,3.501571621612724,1.9854136955448858,1.2372237006359548,3.2774857159345587,7.351866492385328,-0.3158555467343715,-0.29963196798710484,0.11133396769980188,6.625481338222675,-0.6089112490599635,5.364032335463192,2.2581492693190337,-0.05060189836523184,-0.23317997893516484,-0.30359783174932475,-0.3695568230521351,-0.36223489117868896,-0.05653756365689933,2.92177291113206,-0.2871818648756853,-0.34191790176406317,-0.3549798210921197,-0.12535696308519986,3.569054034934326,-0.20984822835195696,-0.21710940307560167,-0.23562835958141473,-0.12346071769756438,-0.22618155779982402,0.0,-0.005633559196716718,0.0,0.00531413077073531,0.04553595088466399,-0.21129625243595632,-0.17029467103622245,-0.6579074030071375,6.323372197629034,4.460797505985448,3.1531635842001355,3.0418233469749163,-0.18209795288295783,-0.22618155779982402,-0.01649879159194664,-0.6509281872159266,1.4854093276621052,-0.3359068273836544,-0.005633559196716718,-0.016534838152822313,-1.0068823215381135,4.048211305977938,-0.29963196798710484,5.364032335463004,0.00531413077073531,0.0,0.0,0.0,0.0,0.0,0.0,3.501571621612724,1.238901348237738,1.9854136955448858,3.2775304352741297,-0.48161666577391,-0.223401615116951,0.1690213553331703,0.0027085988983108584,-0.1333699160638301,-0.11088214743612193,-0.15845771476484105,-0.10711394813216879,-0.37577673745324786,-0.11608014661131222,-0.3811374359635985,-0.3617637938919386,Heartbleed
-0.43373894629488136,2.9140356407352623,3.504089181837745,2.004336569770758,1.1004685279077924,3.2780699096980292,5.437473144497772,-0.3158555467343715,-0.3023001457017786,0.019833385680592907,5.915101663793923,-0.6089112490599635,5.309649499941692,2.200046276771276,-0.050601890289460195,-0.23317906672425304,-0.3036210996800052,-0.3695929750411448,-0.3622384340524068,-0.05653756365689933,2.92177291113206,-0.2871849661629192,-0.3419210292606996,-0.35497780296733955,-0.12535696308519986,3.569054034934326,-0.2099048369281274,-0.21725589567866108,-0.2356333867388173,-0.12346071769756438,-0.22618155779982402,0.0,-0.005633559196716718,0.0,0.005316461603983321,0.04595183258715434,-0.21129616455033173,-0.1702902703606445,-0.6579074030071375,5.640898104358114,4.43724243351984,3.1044695674267757,2.9529413256292836,-0.18209795288295783,-0.22618155779982402,-0.01649879159194664,-0.6509281872159266,1.4854093276621052,-0.3359068273836544,-0.005633559196716718,-0.016534838152822313,-1.0068823215381135,4.026498353822978,-0.3023001457017786,5.3096494999415045,0.005316461603983321,0.0,0.0,0.0,0.0,0.0,0.0,3.504089181837745,1.1019608615657184,2.004336569770758,3.2781146369801912,-0.48161666577391,-0.223401615116951,0.1690213553331703,0.0027085988983108584,-0.1333699160638301,-0.11088214743612193,-0.15845771476484105,-0.10711394813216879,-0.37577673745324786,-0.11608014661131222,-0.3811374359635985,-0.3617637938919386,Heartbleed
-0.43373894629488136,2.9140122817904963,3.5003128415002136,1.9891982703900604,1.2372237006359548,3.2774661177140856,7.351866492385328,-0.3158555467343715,-0.2996229696532139,0.11140045790832176,5.915101663793923,-0.6089112490599635,5.352828765272719,2.1650206117039117,-0.05060187310370029,-0.23317985153074014,-0.3036010940303369,-0.3695695342918504,-0.3622384340524068,-0.056537895408509925,2.92177291113206,-0.28718041223990953,-0.34192212926261406,-0.35492389574965466,-0.12535696308519986,3.569054034934326,-0.20985972165902106,-0.21715455958214996,-0.2356333867388173,-0.12346071769756438,-0.22618155779982402,0.0,-0.005633559196716718,0.0,0.0053121585272177625,0.04561912722516206,-0.21129629387185467,-0.1702937842812438,-0.6579074030071375,5.640898104358114,4.457673444594094,3.098485189408716,2.9421002434696457,-0.18209795288295783,-0.22618155779982402,-0.01649879159194664,-0.6509281872159266,1.4854093276621052,-0.3359068273836544,-0.005633559196716718,-0.016534838152822313,-1.0068823215381135,4.045331540486786,-0.2996229696532139,5.35282876527253,0.0053121585272177625,0.0,0.0,0.0,0.0,0.0,0.0,3.5003128415002136,1.238901348237738,1.9891982703900604,3.2775108367872026,-0.48161666577391,-0.223401615116951,0.1690213553331703,0.0027085988983108584,-0.1333699160638301,-0.11088214743612193,-0.15845771476484105,-0.10711394813216879,-0.37577673745324786,-0.11608014661131222,-0.3811374359635985,-0.3617637938919386,Heartbleed
-0.43373894629488136,2.9150823371691374,3.4889838204876202,1.96554467760772,0.8269581824514678,3.2792774936659166,1.6086864487226593,-0.3158555467343715,-0.3075265891320895,-0.1577008832303909,8.04624068708018,-0.6089112490599635,5.4266200538447285,2.264923639999137,-0.05060266013992195,-0.23318132213525614,-0.30356318723418446,-0.3695163354741613,-0.3622367599472434,-0.05653756365689933,2.92177291113206,-0.2871652403183887,-0.3419008238850539,-0.35490689692939115,-0.12535696308519986,3.569054034934326,-0.20978585877439052,-0.2169775752690665,-0.23563101126883587,-0.12346060402519853,-0.22618155779982402,0.0,-0.005633559196716718,0.0,0.00529924929692109,0.04509927509704912,-0.21129672248997847,-0.17029942495135664,-0.6579074030071375,7.688320384170875,4.490160612289025,3.173735499474616,3.0797320275496287,-0.18209795288295783,-0.22618155779982402,-0.01649879159194664,-0.6509281872159266,1.4854093276621052,-0.3359068273836544,-0.005633559196716718,-0.016534838152822313,-1.0068823215381135,4.075278886853638,-0.3075265891320895,5.4266200538445375,0.00529924929692109,0.0,0.0,0.0,0.0,0.0,0.0,3.4889838204876202,0.8280798882216793,1.96554467760772,3.279322237366169,-0.48161666577391,-0.223401615116951,0.1690213553331703,0.0027085988983108584,-0.1333699160638301,-0.11088214743612193,-0.15845771476484105,-0.10711394813216879,-0.37577673745324786,-0.11608014661131222,-0.3811374359635985,-0.3617637938919386,Heartbleed
-0.43373894629488136,2.9140006732748107,3.4889838204876202,1.9674369650303072,1.1004685279077924,3.2780699096980292,5.437473144497772,-0.3158555467343715,-0.30220332540725303,0.020435764496155147,7.335861012651427,-0.6089112490599635,5.418725078236419,2.267878255066333,-0.050601864562756976,-0.2331811749867602,-0.3035670047749457,-0.3695313755867519,-0.3622394852347187,-0.05653756365689933,2.92177291113206,-0.28716660855351767,-0.341914460820667,-0.3549847887838862,-0.12535696308519986,3.569054034934326,-0.2097936190999303,-0.21701539194180697,-0.2356348783129917,-0.12346071769756438,-0.22618155779982402,0.0,-0.005633559196716718,0.0,0.00529924929692109,0.04514086326729816,-0.21129668393203802,-0.17029883861036427,-0.6579074030071375,7.005846290899955,4.4899387538102635,3.1740185365290414,3.080255077124918,-0.18209795288295783,-0.22618155779982402,-0.01649879159194664,-0.6509281872159266,1.4854093276621052,-0.3359068273836544,-0.005633559196716718,-0.016534838152822313,-1.0068823215381135,4.075074023299002,-0.30220332540725303,5.418725078236228,0.00529924929692109,0.0,0.0,0.0,0.0,0.0,0.0,3.4889838204876202,1.1019608615657184,1.9674369650303072,3.2781146369801912,-0.48161666577391,-0.223401615116951,0.1690213553331703,0.0027085988983108584,-0.1333699160638301,-0.11088214743612193,-0.15845771476484105,-0.10711394813216879,-0.37577673745324786,-0.11608014661131222,-0.3811374359635985,-0.3617637938919386,Heartbleed
-0.43373894629488136,2.9139758668134186,3.5129006426253175,1.9466218033818476,1.1004685279077924,3.2780699096980292,5.437473144497772,-0.3158555467343715,-0.30235624109844356,0.01948378276658222,7.335861012651427,-0.6089112490599635,5.4820689642416305,2.3640125518320487,-0.05060184631116683,-0.2331812976491474,-0.3035638225824104,-0.3695112684577995,-0.36223831725437217,-0.05653756365689933,2.92177291113206,-0.2871956920955001,-0.3419619006180113,-0.35498343043066877,-0.12535696308519986,3.569054034934326,-0.20972903940624787,-0.21681370108999748,-0.2356332210083535,-0.12346060402519853,-0.22618155779982402,0.0,-0.005633559196716718,0.0,0.005326502116436288,0.044683393394558776,-0.21129585870429532,-0.170303671377298,-0.6579074030071375,7.005846290899955,4.4930729013912725,3.2404872836491223,3.2042043382456895,-0.18209795288295783,-0.22618155779982402,-0.01649879159194664,-0.6509281872159266,1.4854093276621052,-0.3359068273836544,-0.005633559196716718,-0.016534838152822313,-1.0068823215381135,4.077963099848987,-0.30235624109844356,5.482068964241438,0.005326502116436288,0.0,0.0,0.0,0.0,0.0,0.0,3.5129006426253175,1.1019608615657184,1.9466218033818476,3.2781146369801912,-0.48161666577391,-0.223401615116951,0.1690213553331703,0.0027085988983108584,-0.1333699160638301,-0.11088214743612193,-0.15845771476484105,-0.10711394813216879,-0.37577673745324786,-0.11608014661131222,-0.3811374359635985,-0.3617637938919386,Heartbleed
-0.43373894629488136,2.913937294752742,3.514159422737828,1.9447295159592604,1.9121218113510428,3.2500707243762936,7.351866492385328,-0.3158555467343715,-0.2866799813839216,0.16411385965310799,5.915101663793923,-0.6089112490599635,5.436539442975774,2.2742829199137353,-0.050620296046761035,-0.23318133673321662,-0.30356280781163597,-0.36945024124439046,-0.32330236869099865,-0.056537895408509925,2.92177291113206,-0.28719725762920867,-0.34186297549939904,-0.3161787331076588,-0.12535696308519986,3.569054034934326,-0.20972316621099632,-0.21648397486161536,-0.1803850926149691,-0.12346071769756438,-0.22618155779982402,0.0,-0.005633559196716718,0.0,0.005327936475358141,0.04464180522430974,-0.21129581393246807,-0.17030410584802094,-0.6579074030071375,5.640898104358114,4.45728590686484,3.17354632542163,3.0793824590242966,-0.18209795288295783,-0.22618155779982402,-0.01649879159194664,-0.6509281872159266,1.4854093276621052,-0.3359068273836544,-0.005633559196716718,-0.016534838152822313,-1.0068823215381135,4.044981404732912,-0.2866799813839216,5.436539442975583,0.005327936475358141,0.0,0.0,0.0,0.0,0.0,0.0,3.514159422737828,1.914713998623271,1.9447295159592604,3.25011507098667,-0.48161666577391,-0.2106276470118388,0.1734696555525257,0.0027085988983108584,-0.1333699160638301,-0.11088214743612193,-0.15845771476484105,-0.10711394813216879,-0.37577673745324786,-0.11608014661131222,-0.3811374359635985,-0.3617637938919386,Heartbleed
-0.43373894629488136,2.915128459022412,3.5179357630753594,1.9078299112188093,1.2372237006359548,3.277690871774407,7.351866492385328,-0.3158555467343715,-0.29974836247946357,0.11047282422570408,8.04624068708018,-0.6089112490599635,5.603077582633416,2.4373975518906987,-0.050602524014356894,-0.23318289678670995,-0.3035219797558904,-0.36957737061023394,-0.36220927347642123,-0.056537895408509925,2.92177291113206,-0.28720173397239057,-0.3420399319119968,-0.3549590965030313,-0.12535696308519986,3.569054034934326,-0.20960272743565825,-0.21653790964071806,-0.23559200936634997,-0.12346071769756438,-0.22618155779982402,0.0,-0.005633559196716718,0.0,0.005332777436719393,0.04383083590445356,-0.21129572658413542,-0.17031283592459753,-0.6579074030071375,7.688320384170875,4.533338399709592,3.3129749531801322,3.341911090745384,-0.18209795288295783,-0.22618155779982402,-0.01649879159194664,-0.6509281872159266,1.4854093276621052,-0.3359068273836544,-0.005633559196716718,-0.016534838152822313,-1.0068823215381135,4.115079892053401,-0.29974836247946357,5.60307758263322,0.005332777436719393,0.0,0.0,0.0,0.0,0.0,0.0,3.5179357630753594,1.238901348237738,1.9078299112188093,3.2777355939032393,-0.4738073480778484,-0.2106276470118388,0.1690213553331703,0.0027085988983108584,-0.1333699160638301,-0.11088214743612193,-0.15845771476484105,-0.10711394813216879,-0.37577673745324786,-0.11608014661131222,-0.3811374359635985,-0.3617637938919386,Heartbleed
-0.43373894629488136,2.915042487887909,3.507865522175276,1.8870147495703498,1.2372237006359548,3.2774661177140856,7.351866492385328,-0.3158555467343715,-0.29967686314029596,0.11100204919325764,5.915101663793923,-0.6089112490599635,5.670007875668377,2.3459259778547645,-0.05060263083899917,-0.23318413272119393,-0.30348917859105695,-0.3694975302162101,-0.3622100521299856,-0.056537895408509925,2.92177291113206,-0.2871882646099602,-0.3419915252610565,-0.3549568067076077,-0.12535696308519986,3.569054034934326,-0.2095361369991573,-0.2163468502015587,-0.23559311423610876,-0.12346071769756438,-0.22618155779982402,0.0,-0.005633559196716718,0.0,0.005320764680748878,0.04337336603171417,-0.2112960704777263,-0.17031765922125122,-0.6579074030071375,5.640898104358114,4.565035584111664,3.2816058784826105,3.2819939894576216,-0.18209795288295783,-0.22618155779982402,-0.01649879159194664,-0.6509281872159266,1.4854093276621052,-0.3359068273836544,-0.005633559196716718,-0.016534838152822313,-1.0068823215381135,4.144298741408699,-0.29967686314029596,5.670007875668178,0.005320764680748878,0.0,0.0,0.0,0.0,0.0,0.0,3.507865522175276,1.238901348237738,1.8870147495703498,3.2775108367872026,-0.4738073480778484,-0.2106276470118388,0.1690213553331703,0.0027085988983108584,-0.1333699160638301,-0.11088214743612193,-0.15845771476484105,-0.10711394813216879,-0.37577673745324786,-0.11608014661131222,-0.3811374359635985,-0.3617637938919386,Heartbleed
-0.43373894629488136,0.23069599066969856,0.7297378138648388,0.40156912283937407,0.6450586916542022,0.6749037506238778,7.351866492385328,-0.3158555467343715,-0.26024416588675403,0.5436017020659456,5.915101663793923,-0.6089112490599635,5.395881823501304,2.2556335419543037,-0.05058915602524598,-0.23317799160603778,-0.30364427719165593,-0.3699019194616294,-0.36221612562778766,-0.05653756365689933,0.2402341386102573,-0.28725795078133187,-0.3422549144155324,-0.3549577381498139,-0.12535696308519986,0.4297083604253845,-0.2099810254793472,-0.2175987210159381,-0.23560173222022746,-0.12346060402519853,-0.22618155779982402,0.0,-0.005633559196716718,0.0,0.0021551345402203268,0.010726652386221745,-0.21129388762952195,-0.17029609535464132,-0.6579074030071375,5.640898104358114,4.447490200100519,3.156771429037924,3.0484562700638125,-0.18209795288295783,-0.22618155779982402,-0.01649879159194664,-0.6509281872159266,1.4854093276621052,-0.3359068273836544,-0.005633559196716718,-0.016534838152822313,-1.0068823215381135,4.039530548230691,-0.26024416588675403,5.395881823501114,0.0021551345402203268,0.0,0.0,0.0,0.0,0.0,0.0,0.7297378138648388,0.6459339094024047,0.40156912283937407,0.6749130857366206,-0.4738073480778484,-0.2106276470118388,0.0281585150535825,0.0027085988983108584,-0.1333699160638301,-0.11088214743612193,-0.15845771476484105,-0.10711394813216879,-0.37577673745324786,-0.11608014661131222,-0.3811374359635985,-0.3617637938919386,Heartbleed
-0.4543040427526191,-0.46832945714395074,-0.010424892291272192,-0.009057247862054873,-0.05080602703440271,-0.007373268547720153,-0.2567893895848973,0.2927138581465061,-0.13553884962123922,-0.26045248447044883,-0.36498826187075706,2.650131585332907,-0.17329878275489138,-0.4273802294383181,-0.05287081114577097,-0.23316607413444657,-0.3023115863803999,-0.3814204342884091,-0.39744108916873944,-0.05653623665045696,-0.4621412267676158,-0.29144757040909586,-0.36172491824818215,-0.3936481009420105,-0.1253565215595442,-0.3675331379759095,-0.21586790894125807,-0.2516745753495165,-0.2906147443289375,-0.12346037668046682,-0.22618155779982402,0.0,-0.005633559196716718,0.0,0.0013106557249796447,0.0017020194421811634,-0.21130375732213627,-0.17018277953232344,0.7883005092852345,-0.39249337904040277,-0.23889843849661616,-0.3388504646875648,-0.30779850246786283,-0.18209795288295783,-0.22618155779982402,-0.01649879159194664,-0.6509281872159266,-0.6732151073629691,-0.3359068273836544,-0.005633559196716718,-0.016534838152822313,0.4306017525750411,-0.20024645333267396,-0.13553884962123922,-0.17329878275490282,0.0013106557249796447,0.0,0.0,0.0,0.0,0.0,0.0,-0.010424892291272192,-0.05087376034858993,-0.009057247862054873,-0.007373209548132549,-0.49778332346049353,-0.24984597014156923,-0.007427886701260731,0.0026981619193090496,-0.1333699160638301,-0.11088214743612193,-0.15845771476484105,-0.10711394813216879,-0.37577673745324786,-0.11608014661131222,-0.3811374359635985,-0.3617637938919386,BENIGN
2.481613308323902,-0.4709052987882899,-0.010424892291272192,-0.010003391573348487,-0.05430046169665548,-0.007565914885138679,-0.2567893895848973,-0.3158555467343715,-0.23014258376945784,-0.1723265220274405,-0.4783154060648466,-0.6089112490599635,-0.5384795411297775,-0.4273802294383181,-0.048740731161484134,-0.18711771423002424,-0.30875974758079305,-0.38762845810322,-0.400978239782916,-0.05650206623456594,-0.4621322409112837,-0.2914160221244277,-0.36172491824818215,-0.39363583695296195,-0.12532164103274554,-0.3675332702981718,-0.21586833477287287,-0.2516745753495165,-0.29061496530288927,-0.12346083136993022,4.421226954697268,0.0,-0.005633559196716718,0.0,0.001311731494171034,0.0016734275751349517,-0.17907845308924578,-0.08883338278972738,-0.6579074030071375,-0.48392982523830236,-0.5407616667143222,-0.46730811895351154,-0.31403783727415463,-0.18209795288295783,4.421226954697268,-0.01649879159194664,-0.6509281872159266,1.4854093276621052,-0.3359068273836544,-0.005633559196716718,-0.016534838152822313,-1.0068823215381135,-0.5434657238514622,-0.23014258376945784,-0.5384795411297773,0.001311731494171034,0.0,0.0,0.0,0.0,0.0,0.0,-0.010424892291272192,-0.054372930242833524,-0.010003391573348487,-0.007565858504735328,-0.4311301118967401,-0.24973391778977,-0.008910653441045866,0.0027085988983108584,-0.1333699160638301,-0.11088214743612193,-0.15845771476484105,-0.10711394813216879,-0.37577673745324786,-0.11608014661131222,-0.3811374359635985,-0.3617637938919386,BENIGN
-0.032114709590827,-0.4419838314560109,-0.0091661121787618,-0.008111104150761257,-0.05779489635890824,-0.007558409183680815,-0.305706899164897,-0.3158555467343715,-0.32474631791767644,-0.26045248447044883,-0.47537184387798714,-0.5242607858289798,-0.5289943266265337,-0.4273802294383181,-0.05309164217270771,-0.23335376958108467,-0.2652636781253055,-0.3547339437246469,-0.38087854386445746,-0.056361735303285344,-0.43317870279534787,-0.24060576253031585,-0.3606434891358864,-0.3735830117457348,-0.07000068400444527,-0.33383909329685035,-0.16165203909577083,-0.249968534301782,-0.2620390005654961,-0.06647960250632541,-0.22618155779982402,0.0,-0.005633559196716718,0.0,0.001312986558227655,0.0016994201815405986,-0.21140215551370894,-0.17068132923102688,-0.6579074030071375,-0.4985408037544615,-0.5907954855744081,-0.4947784391128691,-0.31429470644179963,-0.18209795288295783,-0.22618155779982402,-0.01649879159194664,1.536267778289156,-0.6732151073629691,-0.3359068273836544,-0.005633559196716718,-0.016534838152822313,0.4306017525750411,-0.6061762019618783,-0.32474631791767644,-0.5289943266265338,0.001312986558227655,0.0,0.0,0.0,0.0,0.0,0.0,-0.0091661121787618,-0.05787210013707712,-0.008111104150761257,-0.007558352701231324,0.06346000885382465,-0.24973391778977,-0.008910653441045866,0.0027051199053102553,-0.1333699160638301,-0.11088214743612193,-0.15845771476484105,-0.10711394813216879,-0.37577673745324786,-0.11608014661131222,-0.3811374359635985,-0.3617637938919386,BENIGN
-0.4528839465777881,1.856535311739307,0.0021629088338317374,-0.001488098171705952,0.02550487045479283,-0.007365762846262288,0.7810550704232048,-0.3158555467343715,0.05111176099551641,0.5335438852448188,-0.2663789286109648,-0.6089112490599635,-0.46259782510382713,-0.2742262336283681,-0.053091681684806866,-0.23338149454657808,0.5250126880335012,0.1937479501278044,-0.010627333498349155,-0.05651998082153793,1.8654477928207902,0.4514512735884966,0.09607862044285846,0.0012836661654480202,-0.10883761182221184,2.340205732918087,0.7523410215271902,0.2350790427014886,0.27155967248590435,-0.06792142279476125,-0.22618155779982402,0.0,-0.005633559196716718,0.0,0.0013205169425673808,0.0017981920858820566,-0.21141662705908687,-0.17075529095637096,-0.6579074030071375,-0.11394214345814177,-0.4128627782260854,-0.21430115254222015,-0.2938228690225594,-0.18209795288295783,-0.22618155779982402,-0.01649879159194664,1.536267778289156,-0.6732151073629691,-0.3359068273836544,-0.005633559196716718,-0.016534838152822313,-1.0068823215381135,-0.43567386709766504,0.05111176099551641,-0.46259782510382935,0.0013205169425673808,0.0,0.0,0.0,0.0,0.0,0.0,0.0021629088338317374,0.02554054436894585,-0.001488098171705952,-0.007365703744628544,1.5025665541069915,-0.19236311366856435,0.007399780696590617,0.0026981619193090496,0.17360263798854778,0.30375122222726325,0.4294973956704856,0.13748877046055502,0.027505410062701168,-0.11390667610220159,0.01025658227032496,0.044988856878709106,BENIGN
-0.4543040427526191,-0.47090881824047826,-0.010424892291272192,-0.009057247862054873,-0.051372692114768026,-0.007490023903731381,-0.2607556741454378,0.24337039288589438,-0.15087999569932872,-0.26045248447044883,-0.4336713795641447,0.6749541099432885,-0.39462045449724664,-0.4273802294383181,-0.005088163187151792,-0.13266966630540186,-0.30877996169851585,-0.38762445203137535,-0.4009790963018368,-0.05653690015367815,-0.4621359091880775,-0.29142890101278907,-0.36172491824818215,-0.39364084345482037,-0.1253358802351412,-0.36753317105647504,-0.21586801539916178,-0.2516745753495165,-0.2906147995724255,-0.12346049035283267,-0.22618155779982402,0.0,-0.005633559196716718,0.0,0.001312627968497192,0.00172801204858681,-0.1586191293133737,0.09675205941416247,0.6710404082885557,-0.4584784433069282,-0.420456134552635,-0.45239149934255973,-0.3137393211325246,-0.18209795288295783,-0.22618155779982402,-0.01649879159194664,-0.6509281872159266,-0.6732151073629691,-0.3359068273836544,-0.005633559196716718,-0.016534838152822313,0.4306017525750411,-0.4093617783840823,-0.15087999569932872,-0.39462045449725097,0.001312627968497192,0.0,0.0,0.0,0.0,0.0,0.0,-0.010424892291272192,-0.05144119330441322,-0.009057247862054873,-0.007489966491528173,-0.49778332346049353,-0.24984597014156923,-0.007427886701260731,0.0027085988983108584,-0.1333699160638301,-0.11088214743612193,-0.15845771476484105,-0.10711394813216879,-0.37577673745324786,-0.11608014661131222,-0.3811374359635985,-0.3617637938919386,BENIGN
-0.43379154244950474,-0.46362437530836187,-0.00035465139118904865,-0.004326529305586797,-0.004622822984629667,-0.006331226995319943,-0.04657630787624986,-0.3158555467343715,-0.036844143185530094,0.005569182619016969,0.23795139273762447,-0.6089112490599635,0.13022808134891006,0.26438276983904013,-0.052575942499222,-0.2330561880483985,-0.3053661379726146,-0.38533486333211425,-0.3988762255532262,-0.05653723190528874,-0.4548375739261437,-0.28859878470799943,-0.3592110648323004,-0.3907612122541108,-0.1253566319409581,-0.3617146634553823,-0.21274748583998343,-0.24647505022546778,-0.28636077478357513,-0.12346071769756438,-0.22618155779982402,0.0,-0.005633559196716718,0.0,0.001318365404184602,0.0017566039156330217,-0.211215932443011,-0.17004400719394377,-0.6579074030071375,0.18676122084216706,0.01609205119689342,0.12307673439599172,-0.2167665824487268,-0.18209795288295783,-0.22618155779982402,-0.01649879159194664,1.536267778289156,-0.6732151073629691,-0.3359068273836544,-0.005633559196716718,-0.016534838152822313,-1.0068823215381135,-0.014881657769989537,-0.036844143185530094,0.1302280813488889,0.001318365404184602,0.0,0.0,0.0,0.0,0.0,0.0,-0.00035465139118904865,-0.004627974448992162,-0.004326529305586797,-0.006331153828326607,0.06346000885382465,-0.24726876605018694,0.004434247217020347,0.0026981619193090496,-0.1333699160638301,-0.11088214743612193,-0.15845771476484105,-0.10711394813216879,-0.37577673745324786,-0.11608014661131222,-0.3811374359635985,-0.3617637938919386,BENIGN
-0.4543040427526191,-0.47025113480412695,-0.011683672403782586,-0.010003391573348487,-0.053450464076107505,-0.007528386377849356,-0.24489053590327572,0.44074425392834116,-0.08951541138697071,-0.26045248447044883,-0.4341619732619546,0.6608456994047912,-0.3962013235811206,-0.4273802294383181,-0.05287327246615106,-0.23296045079478414,-0.30380415697417257,-0.38763732123650385,-0.4000767536187689,-0.048785192020575595,-0.46214134051263267,-0.2914479697544714,-0.36172491824818215,-0.3936482561823782,-0.12535696308519986,-0.3675332702981718,-0.21586833477287287,-0.2516745753495165,-0.29061496530288927,-0.12346083136993022,-0.22618155779982402,0.0,-0.005633559196716718,0.0,0.0013097592506534869,0.0016734275751349517,-0.21119596054213813,-0.16963661042768485,1.140080812275271,-0.4589497651945463,-0.4083104063169638,-0.461192941489467,-0.3139289962656707,-0.18209795288295783,-0.22618155779982402,-0.01649879159194664,-0.6509281872159266,-0.6732151073629691,-0.3359068273836544,-0.005633559196716718,-0.016534838152822313,0.4306017525750411,-0.35147518321414223,-0.08951541138697071,-0.3962013235811249,0.0013097592506534869,0.0,0.0,0.0,0.0,0.0,0.0,-0.011683672403782586,-0.0535217808090986,-0.010003391573348487,-0.007528329487215306,-0.49778332346049353,-0.24984597014156923,-0.008910653441045866,0.0026981619193090496,-0.1333699160638301,-0.11088214743612193,-0.15845771476484105,-0.10711394813216879,-0.37577673745324786,-0.11608014661131222,-0.3811374359635985,-0.3617637938919386,BENIGN
-0.43379154244950474,0.30661006348336484,0.2274845489731921,0.25964756614533185,0.49215356413562844,0.2372475495660327,0.483583728382666,-0.3158555467343715,-0.1688449329285757,0.13649392262771057,1.65282361722141,-0.6089112490599635,2.7067572576083827,0.4955865601157694,-0.052277721018376355,-0.23329688947210905,-0.29650505729037535,-0.30777372259423774,-0.007766482437504453,-0.05653723190528874,0.3170120249921117,-0.27705349791400385,-0.2558905772098191,0.00221468146065574,-0.1253565215595442,0.4065519645122522,-0.20711638942132662,-0.12297581341417144,0.2728686116891641,-0.12346071769756438,-0.22618155779982402,0.0,-0.005633559196716718,0.0,0.001583183920131627,0.007612738138825253,-0.21138130824336016,-0.1704847894789098,-0.6579074030071375,1.5460535447325914,3.2975101266478775,1.2815820861950733,0.48372952015451814,-0.18209795288295783,-0.22618155779982402,-0.01649879159194664,1.536267778289156,-0.6732151073629691,-0.3359068273836544,-0.005633559196716718,-0.016534838152822313,0.4306017525750411,2.9829019190021695,-0.1688449329285757,2.7067572576082792,0.001583183920131627,0.0,0.0,0.0,0.0,0.0,0.0,0.2274845489731921,0.4928215834894215,0.25964756614533185,0.23725093438537567,1.5025665541069915,-0.2128686940478234,0.010365314176160887,0.0027085988983108584,2.268965541429047,5.0673844596057265,2.766200447170163,0.09611324320437098,0.030691700046501805,-0.10103803471832194,0.013125017279155061,0.04504739700907976,BENIGN
-0.43379154244950474,-0.4707231387548658,-0.0091661121787618,-0.010949535284642103,-0.05779489635890824,-0.007565914885138679,-0.305706899164897,-0.3158555467343715,-0.32474631791767644,-0.26045248447044883,-0.4783154060648466,-0.6089112490599635,-0.5384795411297775,-0.4273802294383181,-0.05309230677830024,-0.23118560370877064,-0.308074531695898,-0.3870745958875209,-0.4007243597882538,-0.05653623665045696,-0.4619497370317286,-0.2911116211119174,-0.36125570169688687,-0.39338690902334994,-0.1253565215595442,-0.3675332702981718,-0.21586833477287287,-0.2516745753495165,-0.29061496530288927,-0.12346083136993022,-0.22618155779982402,0.0,-0.005633559196716718,0.0,0.0013131658530928865,0.0016604312719321283,-0.20911363135337366,-0.1707584879374633,-0.6579074030071375,-0.5013687350801698,-0.5988726939986881,-0.4996311998694753,-0.3143006297619917,-0.18209795288295783,-0.22618155779982402,-0.01649879159194664,-0.6509281872159266,1.4854093276621052,-0.3359068273836544,-0.005633559196716718,-0.016534838152822313,-1.0068823215381135,-0.6148591912373693,-0.32474631791767644,-0.5384795411297773,0.0013131658530928865,0.0,0.0,0.0,0.0,0.0,0.0,-0.0091661121787618,-0.05787210013707712,-0.010949535284642103,-0.007565858504735328,1.783427980017977,-0.24984597014156923,-0.008910653441045866,0.0027085988983108584,-0.1333699160638301,-0.11088214743612193,-0.15845771476484105,-0.10711394813216879,-0.37577673745324786,-0.11608014661131222,-0.3811374359635985,-0.3617637938919386,BENIGN
-0.4366317347991667,2.6779266910488833,0.03237363153408117,0.0060810515186429685,0.6273031858027557,-0.005194113224453448,0.22709732680104583,-0.3158555467343715,0.705667326994002,0.42789768802350603,-0.32328779755691456,3.8493464811051754,-0.038924910625604284,-0.4273802294383181,-0.05308791643149767,-0.23338041648488314,0.13817692942086626,0.39989966776419467,0.9188312591604911,-0.056536568402067555,2.694282877408047,0.02501141614135878,0.429070846695365,0.9220138601018227,-0.1253566319409581,3.304409510212814,0.47887606995803694,1.3621254087088472,1.587663624670622,-0.12346049035283267,4.421226954697268,0.0,-0.005633559196716718,0.0,0.0013604996975140203,0.002034724804173443,-0.21141570524019215,-0.1707542344796215,-0.6579074030071375,-0.3114260143701001,0.1632812706142267,-0.23552190165370723,-0.2967555708802298,-0.18209795288295783,4.421226954697268,-0.01649879159194664,-0.6509281872159266,1.4854093276621052,-0.3359068273836544,-0.005633559196716718,-0.016534838152822313,-1.0068823215381135,0.10041544992025188,0.705667326994002,-0.03892491062562002,0.0013604996975140203,0.0,0.0,0.0,0.0,0.0,0.0,0.03237363153408117,0.6281543434532751,0.0060810515186429685,-0.005194024597469943,-0.4632579189094846,-0.01677707839917121,0.016296381135301425,0.0027085988983108584,0.4981195460563479,2.3526551064631773,2.1699455569482855,-0.10656580870753077,0.3526468980661055,2.0791662923137872,0.942179115019505,-0.13271314641598192,BENIGN
-0.43379154244950474,-0.2592251221850942,0.0021629088338317374,0.004188764096055738,0.03891594402343858,-0.0019900126687738932,0.13983906646915445,-0.3158555467343715,0.1116240594144768,0.17865218099264382,0.19870389691283152,-0.6089112490599635,0.7827317957178895,0.26978959097238,-0.05301966421031016,-0.23336429195304306,-0.24980921167581274,-0.27297652418675666,-0.20967863208897017,-0.05653623665045696,-0.38978304519720575,-0.2683532912007726,-0.31987362455305557,-0.3375214117200395,-0.1253409577801815,-0.1293753951083216,-0.16477330321448466,-0.05330968665016605,-0.016414189128166525,-0.12346037668046682,-0.22618155779982402,0.0,-0.005633559196716718,0.0,0.0013201583528369178,0.001876169905098997,-0.2114090592940304,-0.17070224842720433,-0.6579074030071375,0.14905546983272394,0.960430845210352,0.40295480772129144,-0.10938992799330768,-0.18209795288295783,-0.22618155779982402,-0.01649879159194664,1.536267778289156,-0.6732151073629691,-0.3359068273836544,-0.005633559196716718,-0.016534838152822313,0.4306017525750411,0.8732397803099982,0.1116240594144768,0.7827317957178475,0.0013201583528369178,0.0,0.0,0.0,0.0,0.0,0.0,0.0021629088338317374,0.03896979099009694,0.004188764096055738,-0.0019898804794271827,0.06346000885382465,-0.23404658853787783,0.007399780696590617,0.0026981619193090496,-0.1333699160638301,-0.11088214743612193,-0.15845771476484105,-0.10711394813216879,-0.37577673745324786,-0.11608014661131222,-0.3811374359635985,-0.3617637938919386,BENIGN
-0.4543040427526191,-0.4659258415954074,-0.010424892291272192,-0.009057247862054873,-0.0502393619540374,-0.0074516614296134065,-0.2528231050243568,0.34205732340711775,-0.12019770354314972,-0.26045248447044883,-0.41110406946488876,1.3239409947141632,-0.3219004766390442,-0.4273802294383181,-0.05301650524214178,-0.2332705075363354,-0.2962839357690903,-0.3756387403534886,-0.3941439974484575,-0.056536568402067555,-0.46214125520387,-0.29144767024543977,-0.36172491824818215,-0.39364813975210244,-0.1253566319409581,-0.3675331379759095,-0.21586790894125807,-0.2516745753495165,-0.2906147443289375,-0.12346037668046682,-0.22618155779982402,0.0,-0.005633559196716718,0.0,0.001311731494171034,0.0017020194421811634,-0.21135850589526206,-0.17046017166931354,0.9055606102819134,-0.43679763647649844,-0.35135112913338906,-0.4192408323087823,-0.3126750979384595,-0.18209795288295783,-0.22618155779982402,-0.01649879159194664,-0.6509281872159266,-0.6732151073629691,-0.3359068273836544,-0.005633559196716718,-0.016534838152822313,0.4306017525750411,-0.3297677100254147,-0.12019770354314972,-0.32190047663905086,0.001311731494171034,0.0,0.0,0.0,0.0,0.0,0.0,-0.010424892291272192,-0.050306327392766644,-0.009057247862054873,-0.0074516034958410395,-0.49778332346049353,-0.24984597014156923,-0.007427886701260731,0.0027085988983108584,-0.1333699160638301,-0.11088214743612193,-0.15845771476484105,-0.10711394813216879,-0.37577673745324786,-0.11608014661131222,-0.3811374359635985,-0.3617637938919386,BENIGN
-0.43379154244950474,-0.47091435286287114,-0.010424892291272192,-0.010949535284642103,-0.05666156619817762,-0.007565914885138679,-0.297774330043816,-0.2171686162131481,-0.2940640257614974,-0.26045248447044883,-0.4783154060648466,-0.6089112490599635,-0.5384795411297775,-0.4273802294383181,0.3985306761561283,9.636506095875292,-0.3087936987573896,-0.38763732123650385,-0.4009864935106983,-0.05653723190528874,-0.46214131207637843,-0.29144786991812754,-0.36172491824818215,-0.3936482173722863,-0.12535685270378594,-0.3675332702981718,-0.21586833477287287,-0.2516745753495165,-0.29061496530288927,-0.12346083136993022,-0.22618155779982402,0.0,-0.005633559196716718,0.0,0.0013106557249796447,0.0016604312719321283,10.13704058417628,-0.1707584879374633,-0.4233872010137798,-0.4985408037544615,-0.5800258743388937,-0.4996311998694753,-0.3143006297619917,5.491549927761919,-0.22618155779982402,-0.01649879159194664,-0.6509281872159266,-0.6732151073629691,-0.3359068273836544,-0.005633559196716718,-0.016534838152822313,-1.0068823215381135,-0.5888102234108963,-0.2940640257614974,-0.5384795411297773,0.0013106557249796447,0.0,0.0,0.0,0.0,0.0,0.0,-0.010424892291272192,-0.05673723422543055,-0.010949535284642103,-0.007565858504735328,-0.497714820673686,-0.24984597014156923,-0.007427886701260731,0.0026981619193090496,-0.1333699160638301,-0.11088214743612193,-0.15845771476484105,-0.10711394813216879,-0.37577673745324786,-0.11608014661131222,-0.3811374359635985,-0.3617637938919386,BENIGN
-0.4543040427526191,-0.4700245558781649,-0.010424892291272192,-0.009057247862054873,-0.05042825031415917,-0.00751003910761902,-0.25414519987787026,0.3256095016535805,-0.12531141890251288,-0.26045248447044883,-0.4454456283115826,0.33635225701935395,-0.4325613125102218,-0.4273802294383181,-0.05283781177978319,-0.23275318061540895,-0.30656245874911175,-0.3855068928937885,-0.3997697305183386,-0.056521639579590895,-0.4621399755724303,-0.29144317760996485,-0.36172491824818215,-0.39364639329796575,-0.1253516647773317,-0.3675316493504579,-0.21586311833559166,-0.2516745753495165,-0.2906122583719802,-0.12345526142400359,-0.22618155779982402,0.0,-0.005633559196716718,0.0,0.001311731494171034,0.0016864238783377752,-0.21108730041647839,-0.16908606704835125,0.8664739099496871,-0.46979016860976114,-0.4411876361784088,-0.4764257329456798,-0.31416518317365616,-0.18209795288295783,-0.22618155779982402,-0.01649879159194664,-0.6509281872159266,-0.6732151073629691,-0.3359068273836544,-0.005633559196716718,-0.016534838152822313,0.4306017525750411,-0.4332399988916825,-0.12531141890251288,-0.43256131251022495,0.001311731494171034,0.0,0.0,0.0,0.0,0.0,0.0,-0.010424892291272192,-0.05049547171137441,-0.009057247862054873,-0.007509981967538851,-0.49778332346049353,-0.24984597014156923,-0.007427886701260731,0.0027085988983108584,-0.1333699160638301,-0.11088214743612193,-0.15845771476484105,-0.10711394813216879,-0.37577673745324786,-0.11608014661131222,-0.3811374359635985,-0.3617637938919386,BENIGN
-0.43379154244950474,1.0183161826795386,-0.0091661121787618,-0.009057247862054873,-0.056094901117812304,-0.007565914885138679,-0.297774330043816,-0.2171686162131481,-0.2940640257614974,-0.26045248447044883,-0.4783154060648466,-0.6089112490599635,-0.5384795411297775,-0.4273802294383181,-0.05309229386733424,-0.23338234825008677,2.4921619820753,2.1588738777386767,1.3507858979179912,-0.047097903329102526,1.02990030198971,2.327743386905058,2.2581995200704386,1.35372614537781,0.6965413892400493,1.121865141755916,4.577224827037474,-0.2516745753495165,2.196632811354209,4.99445170036078,-0.22618155779982402,0.0,-0.005633559196716718,0.0,0.0013115521993058024,0.0017020194421811634,-0.21141708839956153,-0.17075748865463264,-0.6579074030071375,-0.4985408037544615,-0.5863081475588252,-0.49494298757729127,-0.31429510132981475,-0.18209795288295783,-0.22618155779982402,-0.01649879159194664,-0.6509281872159266,1.4854093276621052,-0.3359068273836544,-0.005633559196716718,-0.016534838152822313,-1.0068823215381135,-0.6009664083965837,-0.2940640257614974,-0.5384795411297773,0.0013115521993058024,0.0,0.0,0.0,0.0,0.0,0.0,-0.0091661121787618,-0.056169801269607265,-0.009057247862054873,-0.007565858504735328,-0.4801781072509513,-0.12994995371639334,-0.005945119961475596,0.0026981619193090496,-0.09142715956829865,-0.11088214743612193,-0.13192789702314767,-0.05999031998418366,1.4350164879010825,-0.11608014661131222,1.3752788401316303,1.4686795796287135,BENIGN
0.04746327235433202,-0.4709123660753455,-0.010424892291272192,-0.009057247862054873,-0.0574171196386647,-0.007560911084166769,-0.30306270945787,-0.282959903227297,-0.3145188871989501,-0.26045248447044883,-0.47537184387798714,-0.5242607858289798,-0.5289943266265337,-0.4273802294383181,-0.04461112399928779,0.04464222133064573,-0.30878885875737094,-0.3876370750821842,-0.40098552019374284,-0.0565302651214663,-0.4621399755724303,-0.29144317760996485,-0.36172491824818215,-0.39364639329796575,-0.1253516647773317,-0.3675316493504579,-0.21586311833559166,-0.2516745753495165,-0.2906122583719802,-0.12345526142400359,-0.22618155779982402,0.0,-0.005633559196716718,0.0,0.0013110143147101077,0.0016864238783377752,-0.06566445513123743,0.5677213329943938,-0.5797340023426849,-0.4985408037544615,-0.5875646022028115,-0.4963161331660976,-0.31429786554590317,-0.18209795288295783,-0.22618155779982402,-0.01649879159194664,1.536267778289156,-0.6732151073629691,-0.3359068273836544,-0.005633559196716718,-0.016534838152822313,0.4306017525750411,-0.6018347073241328,-0.3145188871989501,-0.5289943266265338,0.0013110143147101077,0.0,0.0,0.0,0.0,0.0,0.0,-0.010424892291272192,-0.057493811499861595,-0.009057247862054873,-0.007560854635732658,-0.4275679669827471,-0.24973391778977,-0.007427886701260731,0.0027016409123096527,-0.1333699160638301,-0.11088214743612193,-0.15845771476484105,-0.10711394813216879,-0.37577673745324786,-0.11608014661131222,-0.3811374359635985,-0.3617637938919386,BENIGN
-0.43379154244950474,-0.4699820670077947,-0.011683672403782586,-0.008111104150761257,-0.05779489635890824,-0.007550069515394298,-0.305706899164897,-0.3158555467343715,-0.32474631791767644,-0.26045248447044883,-0.45967284554807,-0.6089112490599635,-0.5184551993954377,-0.4024790350249313,-0.053048768680230216,-0.23278187545033077,-0.3064559075729576,-0.38539649874669296,-0.39970833368478814,-0.05653623665045696,-0.46214134051263267,-0.2914479697544714,-0.36172491824818215,-0.3936482561823782,-0.12535696308519986,-0.366447069927018,-0.21412056213890274,-0.2481736558348027,-0.2888012663503181,-0.12346037668046682,-0.22618155779982402,0.0,-0.005633559196716718,0.0,0.0013097592506534869,0.0016994201815405986,-0.211259863874518,-0.16836418384170054,-0.6579074030071375,-0.4834585033506843,-0.5750000557629487,-0.4739171638935921,-0.3141343160940014,5.491549927761919,-0.22618155779982402,-0.01649879159194664,-0.6509281872159266,1.4854093276621052,-0.3359068273836544,-0.005633559196716718,-0.016534838152822313,3.30556990080135,-0.5873630585316478,-0.32474631791767644,-0.5184551993954382,0.0013097592506534869,0.0,0.0,0.0,0.0,0.0,0.0,-0.011683672403782586,-0.05787210013707712,-0.008111104150761257,-0.0075500129195602075,-0.497714820673686,-0.21040354230824035,-0.008910653441045866,0.0026981619193090496,-0.1333699160638301,-0.11088214743612193,-0.15845771476484105,-0.10711394813216879,-0.37577673745324786,-0.11608014661131222,-0.3811374359635985,-0.3617637938919386,BENIGN
-0.43379154244950474,2.865366470409007,0.005939249171362917,0.0013503329621748932,0.031171521258445963,-0.0055985871363494885,-0.03996583360868233,-0.3158555467343715,-0.0036049933496695007,-0.010687284702033483,0.23795139273762447,-0.6089112490599635,0.03525433096584639,0.16379309767805195,-0.0530904945955102,-0.23338164299336658,0.6208211662126473,1.457042559833508,1.8882549467987302,-0.05653623665045696,2.893336656916558,0.5467948672247334,1.7285774746808438,1.8883851490539352,-0.1253565215595442,3.5028929037539482,0.824871149169307,3.187076792550548,2.968750823180557,-0.12345537509636945,-0.22618155779982402,0.0,-0.005633559196716718,0.0,0.0013228477758153911,0.001837180995490527,-0.21141672396124428,-0.17075558858429282,-0.6579074030071375,0.18676122084216706,0.014190520243871331,0.07221638644351362,-0.23204833330723915,-0.18209795288295783,-0.22618155779982402,-0.01649879159194664,1.536267778289156,-0.6732151073629691,-0.3359068273836544,-0.005633559196716718,-0.016534838152822313,-1.0068823215381135,-0.029791104465232632,-0.0036049933496695007,0.03525433096582828,0.0013228477758153911,0.0,0.0,0.0,0.0,0.0,0.0,0.005939249171362917,0.031214873927178706,0.0013503329621748932,-0.005598504008519068,0.06346000885382465,-0.1362248854171502,0.01184808091594602,0.0026981619193090496,0.2868127641429752,0.06481655800281048,0.1549939242017205,0.28028645364565774,1.974496208089859,0.009001193127160835,1.9141726878655014,1.9936730014249575,BENIGN
-0.4543040427526191,2.9279459065347386,-0.010424892291272192,-0.009057247862054873,-0.043061604269410095,-0.007434148126211722,-0.18407417264165446,0.7368050454920113,0.07412348011265067,-0.19376256693614174,-0.3841214160853436,1.1405316577136986,-0.2887022258776909,-0.3728055586467564,-0.05309215843878378,-0.23338265367633876,8.214674951688117,7.7816734119895,4.258886007442651,-0.04647056103347226,2.9422717537083884,11.661045977971552,-0.36172491824818215,4.252729713952894,13.089601943217371,3.5929006899290634,12.529364088556223,-0.2516745753495165,6.323183251782043,13.485493248408403,-0.22618155779982402,0.0,-0.005633559196716718,0.0,0.001311731494171034,0.0017020194421811634,-0.21141729782423974,-0.1707580500958329,1.8436414182553438,-0.4108749326575063,-0.2621428494103625,-0.4187227426019447,-0.31265407837862,-0.18209795288295783,-0.22618155779982402,-0.01649879159194664,-0.6509281872159266,-0.6732151073629691,-0.3359068273836544,-0.005633559196716718,-0.016534838152822313,0.4306017525750411,-0.22701900359877122,0.07412348011265067,-0.28870222587769867,0.001311731494171034,0.0,0.0,0.0,0.0,0.0,0.0,-0.010424892291272192,-0.0431188432856717,-0.009057247862054873,-0.007434089954331696,-0.49778332346049353,-0.24984597014156923,-0.007427886701260731,0.0027085988983108584,-0.0891712800609522,-0.11088214743612193,-0.13050099814530453,-0.057455788734140985,4.441096436249818,-0.11608014661131222,4.2910881520921755,4.507380544865396,BENIGN
-0.39949884963506743,-0.47091435286287114,-0.010424892291272192,-0.010949535284642103,-0.0574171196386647,-0.007565914885138679,-0.30306270945787,-0.282959903227297,-0.3145188871989501,-0.26045248447044883,-0.4783154060648466,-0.6089112490599635,-0.5384795411297775,-0.4273802294383181,0.09744868753317593,9.636506095875292,-0.3087936987573896,-0.38763732123650385,-0.4009864935106983,-0.05653723190528874,-0.46214131207637843,-0.29144786991812754,-0.36172491824818215,-0.3936482173722863,-0.12535685270378594,-0.3675332702981718,-0.21586833477287287,-0.2516745753495165,-0.29061496530288927,-0.12346083136993022,-0.22618155779982402,0.0,-0.005633559196716718,0.0,0.0013110143147101077,0.0016604312719321283,10.13704058417628,-0.1707584879374633,-0.5797340023426849,-0.5004260913049337,-0.5925904207787567,-0.4996311998694753,-0.3143006297619917,-0.18209795288295783,-0.22618155779982402,-0.01649879159194664,1.536267778289156,-0.6732151073629691,-0.3359068273836544,-0.005633559196716718,-0.016534838152822313,-1.0068823215381135,-0.6061762019618783,-0.3145188871989501,-0.5384795411297773,0.0013110143147101077,0.0,0.0,0.0,0.0,0.0,0.0,-0.010424892291272192,-0.057493811499861595,-0.010949535284642103,-0.007565858504735328,-0.4275679669827471,-0.24984597014156923,-0.007427886701260731,0.0027016409123096527,-0.1333699160638301,-0.11088214743612193,-0.15845771476484105,-0.10711394813216879,-0.37577673745324786,-0.11608014661131222,-0.3811374359635985,-0.3617637938919386,BENIGN
-0.43379154244950474,-0.3242342575413129,-0.002872211616209835,-0.004326529305586797,-0.02332277063668501,-0.005708253774317177,-0.054508876997330896,-0.3158555467343715,-0.0914330546467319,-0.017584458481447202,0.23795139273762447,-0.6089112490599635,0.46763071153577024,0.32508226925924877,-0.053057205418253775,-0.23336849480209698,-0.22997189371706236,-0.23681778794366298,-0.21429807222494013,-0.056536568402067555,-0.3151843427209021,-0.21774100772487592,-0.18507386090040945,-0.2075476169734264,-0.1253566319409581,-0.3564835012963433,-0.20994171681607365,-0.23771134376788994,-0.2773963587519989,-0.12345526142400359,-0.22618155779982402,0.0,-0.005633559196716718,0.0,0.0013171103401279811,0.0017592031762735864,-0.2114093745129151,-0.170722978226053,-0.6579074030071375,0.18676122084216706,0.34739470975348624,0.28887485481051567,-0.15791475902918226,-0.18209795288295783,-0.22618155779982402,-0.01649879159194664,1.536267778289156,-0.6732151073629691,-0.3359068273836544,-0.005633559196716718,-0.016534838152822313,-1.0068823215381135,0.3151854378262371,-0.0914330546467319,0.46763071153573826,0.0013171103401279811,0.0,0.0,0.0,0.0,0.0,0.0,-0.002872211616209835,-0.023353261991160584,-0.004326529305586797,-0.0057081721374942435,0.06346000885382465,-0.1437323929876986,-1.4053002335057048e-05,0.0026981619193090496,-0.1333699160638301,-0.11088214743612193,-0.15845771476484105,-0.10711394813216879,-0.37577673745324786,-0.11608014661131222,-0.3811374359635985,-0.3617637938919386,BENIGN
-0.4528839465777881,-0.46796300837618227,-0.0091661121787618,-0.0071649604394676426,-0.02653387275875512,-0.00675196326037469,0.13190649734807341,-0.3158555467343715,0.2394669432282693,0.38324900387638383,0.47932349206010105,-0.6089112490599635,0.23298457180071785,0.6803832094610773,-0.05226602152064404,-0.23305061087858256,-0.3050932696267258,-0.38452198580724456,-0.39897620467089107,-0.05653623665045696,-0.46066433303242527,-0.2888551699855638,-0.35812533706965005,-0.3916384755720013,-0.12533974358462838,-0.365801535770091,-0.2140106798389471,-0.2472464049277495,-0.2877783779276137,-0.12346037668046682,-0.22618155779982402,0.0,-0.005633559196716718,0.0,0.0013120900839014972,0.001720214266665116,-0.2112681061047305,-0.16975003350084505,-0.6579074030071375,0.41865158955024223,0.29752916607028035,0.5342893542916736,-0.045418595131915596,-0.18209795288295783,-0.22618155779982402,-0.01649879159194664,1.536267778289156,-0.6732151073629691,-0.3359068273836544,-0.005633559196716718,-0.016534838152822313,0.4306017525750411,0.32910578558839554,0.2394669432282693,0.23298457180069343,0.0013120900839014972,0.0,0.0,0.0,0.0,0.0,0.0,-0.0091661121787618,-0.026568715407492536,-0.0071649604394676426,-0.006751895813634408,0.06346000885382465,-0.2436830907926116,-0.007427886701260731,0.0026981619193090496,-0.1333699160638301,-0.11088214743612193,-0.15845771476484105,-0.10711394813216879,-0.37577673745324786,-0.11608014661131222,-0.3811374359635985,-0.3617637938919386,BENIGN
2.220263016000376,-0.4709128769635664,-0.011683672403782586,-0.010003391573348487,-0.05722823127854293,-0.007563412984652724,-0.297774330043816,-0.2171686162131481,-0.2940640257614974,-0.26045248447044883,-0.47537184387798714,-0.5242607858289798,-0.5289943266265337,-0.4273802294383181,-0.04457111842253808,-0.047158499360011576,-0.30878259522793666,-0.38763732123650385,-0.400984469011431,-0.05651998082153793,-0.46214134051263267,-0.2914479697544714,-0.36172491824818215,-0.3936482561823782,-0.12535696308519986,-0.3675332702981718,-0.21586833477287287,-0.2516745753495165,-0.29061496530288927,-0.12346083136993022,-0.22618155779982402,0.0,-0.005633559196716718,0.0,0.0013097592506534869,0.0016734275751349517,-0.11379042226556543,0.32388365639527134,-0.4233872010137798,-0.4985408037544615,-0.5800258743388937,-0.4996311998694753,-0.3143006297619917,-0.18209795288295783,-0.22618155779982402,-0.01649879159194664,-0.6509281872159266,1.4854093276621052,2.977016001100374,-0.005633559196716718,-0.016534838152822313,0.4306017525750411,-0.5888102234108963,-0.2940640257614974,-0.5289943266265338,0.0013097592506534869,0.0,0.0,0.0,0.0,0.0,0.0,-0.011683672403782586,-0.057304667181253835,-0.010003391573348487,-0.007563356570233993,-0.49374165903884765,-0.22407392922774638,-0.008910653441045866,0.0026981619193090496,-0.1333699160638301,-0.11088214743612193,-0.15845771476484105,-0.10711394813216879,-0.37577673745324786,-0.11608014661131222,-0.3811374359635985,-0.3617637938919386,BENIGN
-0.43379154244950474,2.9176006755059483,0.013491929846425275,0.007973338941230198,0.09624356132039612,-0.005146577115220306,0.49680467691780106,-0.3158555467343715,0.07241890832636672,0.35135916056443445,0.23795139273762447,-0.6089112490599635,-0.07986941989793997,0.14962648929425207,-0.05308996361322035,-0.23338112374887715,0.3285205137835094,0.15522142243521944,-0.011630628616037406,-0.05652197133120149,2.932113214688697,0.304393455849144,0.1289349252010323,-0.004627498935768696,-0.12531998531153674,3.581086329814749,0.4529323049145016,0.49067126759758967,0.2631371950710234,-0.12345526142400359,-0.22618155779982402,0.0,-0.005633559196716718,0.0,0.0013282266217723383,0.002013930719048925,-0.21141647409907657,-0.17075409615372691,-0.6579074030071375,0.18676122084216706,-0.042966303001628986,0.0823144358181493,-0.22911775773907686,-0.18209795288295783,-0.22618155779982402,-0.01649879159194664,1.536267778289156,-0.6732151073629691,-0.3359068273836544,-0.005633559196716718,-0.016534838152822313,-1.0068823215381135,-0.09013838404457092,0.07241890832636672,-0.0798694198979544,0.0013282266217723383,0.0,0.0,0.0,0.0,0.0,0.0,0.013491929846425275,0.09637509168755266,0.007973338941230198,-0.005146487841944582,0.06346000885382465,-0.13521641425095712,0.02074468135465683,0.0026981619193090496,-0.07154816196641331,0.009954612776188608,0.017273771372836175,-0.06972756689767878,0.022824697953292828,-0.05211970896914017,0.009250627476259043,0.0009623666413518393,BENIGN
-0.43379154244950474,-0.4709142960975133,-0.010424892291272192,-0.010949535284642103,-0.05666156619817762,-0.007565914885138679,-0.297774330043816,-0.2171686162131481,-0.2940640257614974,-0.26045248447044883,-0.4783154060648466,-0.6089112490599635,-0.5384795411297775,-0.4273802294383181,0.09744868753317593,3.0565801531121055,-0.3087932716985645,-0.38763732123650385,-0.4009864156453419,-0.056536568402067555,-0.46214125520387,-0.29144767024543977,-0.36172491824818215,-0.39364813975210244,-0.1253566319409581,-0.3675332702981718,-0.21586833477287287,-0.2516745753495165,-0.29061496530288927,-0.12346083136993022,-0.22618155779982402,0.0,-0.005633559196716718,0.0,0.0013106557249796447,0.0016604312719321283,3.2380686054042016,-0.1707584879374633,-0.4233872010137798,-0.4985408037544615,-0.5800258743388937,-0.4996311998694753,-0.3143006297619917,5.491549927761919,-0.22618155779982402,-0.01649879159194664,-0.6509281872159266,-0.6732151073629691,-0.3359068273836544,-0.005633559196716718,-0.016534838152822313,-1.0068823215381135,-0.5888102234108963,-0.2940640257614974,-0.5384795411297773,0.0013106557249796447,0.0,0.0,0.0,0.0,0.0,0.0,-0.010424892291272192,-0.05673723422543055,-0.010949535284642103,-0.007565858504735328,-0.497714820673686,-0.24984597014156923,-0.007427886701260731,0.0026981619193090496,-0.1333699160638301,-0.11088214743612193,-0.15845771476484105,-0.10711394813216879,-0.37577673745324786,-0.11608014661131222,-0.3811374359635985,-0.3617637938919386,BENIGN
-0.4543040427526191,-0.4688064564461828,-0.007907332066251407,-0.009057247862054873,-0.04683937147184552,-0.007439151927183632,-0.2673661484130053,0.1611312841182082,-0.17644857249614457,-0.26045248447044883,-0.4037451639977401,1.5355671527916224,-0.2981874403809347,-0.4273802294383181,-0.05287947212000949,-0.23298413177707594,-0.30562223180444703,-0.3848888076194966,-0.398921114931212,-0.056536568402067555,-0.4606325981727208,-0.28968229745494106,-0.3587050941647282,-0.39158934199562323,-0.1253566319409581,-0.36753317105647504,-0.21586801539916178,-0.2516745753495165,-0.2906147995724255,-0.12346049035283267,-0.22618155779982402,0.0,-0.005633559196716718,0.0,0.0013124486736319602,0.0016864238783377752,-0.21113870545643443,-0.17005250329684793,0.4756069066274244,-0.42972780816222783,-0.3973912171684328,-0.40881734333592856,-0.31222623367067387,-0.18209795288295783,-0.22618155779982402,-0.01649879159194664,-0.6509281872159266,-0.6732151073629691,-0.3359068273836544,-0.005633559196716718,-0.016534838152822313,-1.0068823215381135,-0.3982668476528249,-0.17644857249614457,-0.29818744038094214,0.0013124486736319602,0.0,0.0,0.0,0.0,0.0,0.0,-0.007907332066251407,-0.046901729657826935,-0.009057247862054873,-0.007439093823334365,-0.49778332346049353,-0.24984597014156923,-0.004462353221690461,0.0026981619193090496,-0.1333699160638301,-0.11088214743612193,-0.15845771476484105,-0.10711394813216879,-0.37577673745324786,-0.11608014661131222,-0.3811374359635985,-0.3617637938919386,BENIGN
2.2724909975413823,-0.4709142960975133,-0.010424892291272192,-0.010949535284642103,-0.05666156619817762,-0.007565914885138679,-0.297774330043816,-0.2171686162131481,-0.2940640257614974,-0.26045248447044883,-0.4783154060648466,-0.6089112490599635,-0.5384795411297775,-0.4273802294383181,0.09744868753317593,3.0565801531121055,-0.3087932716985645,-0.38763732123650385,-0.4009864156453419,-0.056536568402067555,-0.46214125520387,-0.29144767024543977,-0.36172491824818215,-0.39364813975210244,-0.1253566319409581,-0.3675332702981718,-0.21586833477287287,-0.2516745753495165,-0.29061496530288927,-0.12346083136993022,-0.22618155779982402,0.0,-0.005633559196716718,0.0,0.0013106557249796447,0.0016604312719321283,3.2380686054042016,-0.1707584879374633,-0.4233872010137798,-0.4985408037544615,-0.5800258743388937,-0.4996311998694753,-0.3143006297619917,-0.18209795288295783,-0.22618155779982402,-0.01649879159194664,-0.6509281872159266,1.4854093276621052,-0.3359068273836544,-0.005633559196716718,-0.016534838152822313,-1.0068823215381135,-0.5888102234108963,-0.2940640257614974,-0.5384795411297773,0.0013106557249796447,0.0,0.0,0.0,0.0,0.0,0.0,-0.010424892291272192,-0.05673723422543055,-0.010949535284642103,-0.007565858504735328,-0.4729168118493502,-0.24984597014156923,-0.007427886701260731,0.0026981619193090496,-0.1333699160638301,-0.11088214743612193,-0.15845771476484105,-0.10711394813216879,-0.37577673745324786,-0.11608014661131222,-0.3811374359635985,-0.3617637938919386,BENIGN
-0.43379154244950474,-0.4708934064458149,-0.011683672403782586,-0.010003391573348487,-0.05722823127854293,-0.007563412984652724,-0.297774330043816,-0.2171686162131481,-0.2940640257614974,-0.26045248447044883,-0.47537184387798714,-0.5242607858289798,-0.5289943266265337,-0.4273802294383181,-0.05248117960229631,-0.22002708250154523,-0.3086361140509226,-0.38763732123650385,-0.40095776119417315,-0.05629239921667153,-0.46214134051263267,-0.2914479697544714,-0.36172491824818215,-0.3936482561823782,-0.12535696308519986,-0.3675332702981718,-0.21586833477287287,-0.2516745753495165,-0.29061496530288927,-0.12346083136993022,-0.22618155779982402,0.0,-0.005633559196716718,0.0,0.0013097592506534869,0.0016734275751349517,-0.2044157212034014,-0.13528347623447595,-0.4233872010137798,-0.4985408037544615,-0.5800258743388937,-0.4996311998694753,-0.3143006297619917,5.491549927761919,-0.22618155779982402,-0.01649879159194664,-0.6509281872159266,1.4854093276621052,-0.3359068273836544,-0.005633559196716718,-0.016534838152822313,0.4306017525750411,-0.5888102234108963,-0.2940640257614974,-0.5289943266265338,0.0013097592506534869,0.0,0.0,0.0,0.0,0.0,0.0,-0.011683672403782586,-0.057304667181253835,-0.010003391573348487,-0.007563356570233993,-0.497714820673686,-0.24973391778977,-0.008910653441045866,0.0026981619193090496,-0.1333699160638301,-0.11088214743612193,-0.15845771476484105,-0.10711394813216879,-0.37577673745324786,-0.11608014661131222,-0.3811374359635985,-0.3617637938919386,BENIGN
-0.4543040427526191,-0.4709088750058361,-0.010424892291272192,-0.009057247862054873,-0.051183803754646255,-0.007523382576877446,-0.2594335792919243,0.2598182146394316,-0.14576628033996555,-0.26045248447044883,-0.45329512747654116,0.11061768840339753,-0.45785521785220523,-0.4273802294383181,-0.019724972987612218,-0.13163138640910554,-0.3087801040514568,-0.3876340095688282,-0.40098275597358934,-0.056521639579590895,-0.4621399755724303,-0.29144317760996485,-0.36172491824818215,-0.39364639329796575,-0.1253516647773317,-0.3675316493504579,-0.21586311833559166,-0.2516745753495165,-0.2906122583719802,-0.12345526142400359,-0.22618155779982402,0.0,-0.005633559196716718,0.0,0.0013128072633624235,0.0017176150060245513,-0.15807481739303872,0.09950990017877984,0.710127108620782,-0.4773313188116498,-0.46882963834610714,-0.486370933055813,-0.31425640230457597,-0.18209795288295783,-0.22618155779982402,-0.01649879159194664,-0.6509281872159266,-0.6732151073629691,-0.3359068273836544,-0.005633559196716718,-0.016534838152822313,0.4306017525750411,-0.46507762623514953,-0.14576628033996555,-0.4578552178522076,0.0013128072633624235,0.0,0.0,0.0,0.0,0.0,0.0,-0.010424892291272192,-0.05125204898580546,-0.009057247862054873,-0.0075233256182126364,-0.49778332346049353,-0.24984597014156923,-0.007427886701260731,0.0027190358773126672,-0.1333699160638301,-0.11088214743612193,-0.15845771476484105,-0.10711394813216879,-0.37577673745324786,-0.11608014661131222,-0.3811374359635985,-0.3617637938919386,BENIGN
-0.4528839465777881,0.964927654030189,0.0034216889463421305,0.00040418925088127816,0.06460476099999946,-0.005346729154096697,0.2654380775529375,-0.3158555467343715,0.18505176712703547,0.37766290983281686,0.39199781384993676,-0.6089112490599635,0.16263589756832636,0.41322769419698585,-0.053087383342574464,-0.23338037975659848,0.1412964799000868,0.07703734179245261,-0.003873214615664135,-0.056536568402067555,0.9426096177331473,0.11985209244537864,0.11613705916181233,0.00221468146065574,-0.1253566319409581,1.3063433485653946,0.2734980247588246,0.4745395932973227,0.2728686116891641,-0.12346037668046682,-0.22618155779982402,0.0,-0.005633559196716718,0.0,0.001327868032041875,0.0019151588147074674,-0.21141605459550775,-0.17075226930408485,-0.6579074030071375,0.33475629355423125,0.20066738606331286,0.31629310495334056,-0.14684984475971907,-0.18209795288295783,-0.22618155779982402,-0.01649879159194664,1.536267778289156,-0.6732151073629691,-0.3359068273836544,-0.005633559196716718,-0.016534838152822313,-1.0068823215381135,0.15132778243195677,0.18505176712703547,0.16263589756830418,0.001327868032041875,0.0,0.0,0.0,0.0,0.0,0.0,0.0034216889463421305,0.06469341832075255,0.00040418925088127816,-0.005346642602051365,1.5025665541069915,-0.1370092518797448,-0.004462353221690461,0.0027085988983108584,0.5341732289013664,2.018715781700391,1.7216229570373904,-0.06847257305082098,0.0036882792830840007,0.24045480479419623,0.017028605925122918,-0.1046405706521899,BENIGN
1.7867129134399355,-0.4709128201982085,-0.011683672403782586,-0.010003391573348487,-0.05779489635890824,-0.007565914885138679,-0.305706899164897,-0.3158555467343715,-0.32474631791767644,-0.26045248447044883,-0.4783154060648466,-0.6089112490599635,-0.5384795411297775,-0.4273802294383181,-0.05309230677830024,-0.05393029281797023,-0.3087821681691115,-0.38763732123650385,-0.40098439114607454,-0.05651931731831675,-0.46214134051263267,-0.2914479697544714,-0.36172491824818215,-0.3936482561823782,-0.12535696308519986,-0.3675332702981718,-0.21586833477287287,-0.2516745753495165,-0.29061496530288927,-0.12346083136993022,-0.22618155779982402,0.0,-0.005633559196716718,0.0,0.0013102971352491814,0.001681225357056646,-0.11734049362798489,0.3058966692380619,-0.6579074030071375,-0.5013687350801698,-0.5988726939986881,-0.4996311998694753,-0.3143006297619917,-0.18209795288295783,-0.22618155779982402,-0.01649879159194664,-0.6509281872159266,1.4854093276621052,2.977016001100374,-0.005633559196716718,-0.016534838152822313,0.4306017525750411,-0.6148591912373693,-0.32474631791767644,-0.5384795411297773,0.0013102971352491814,0.0,0.0,0.0,0.0,0.0,0.0,-0.011683672403782586,-0.05787210013707712,-0.010003391573348487,-0.007565858504735328,-0.4898370001908169,-0.2208244110255687,-0.008910653441045866,0.0027085988983108584,-0.1333699160638301,-0.11088214743612193,-0.15845771476484105,-0.10711394813216879,-0.37577673745324786,-0.11608014661131222,-0.3811374359635985,-0.3617637938919386,BENIGN
2.6044779255240944,-0.47091426771483436,-0.010424892291272192,-0.010949535284642103,-0.05430046169665548,-0.007565914885138679,-0.2647219587059783,-0.2171686162131481,-0.23014258376945784,-0.20090791524319646,-0.4783154060648466,-0.6089112490599635,-0.5384795411297775,-0.4273802294383181,0.2950337425669884,2.234089410081647,-0.3087930581691519,-0.38763732123650385,-0.4009863767126637,-0.05653623665045696,-0.4621412267676158,-0.29144757040909586,-0.36172491824818215,-0.3936481009420105,-0.1253565215595442,-0.3675332702981718,-0.21586833477287287,-0.2516745753495165,-0.29061496530288927,-0.12346083136993022,4.421226954697268,0.0,-0.005633559196716718,0.0,0.0013106557249796447,0.0016604312719321283,2.3756971078636586,-0.1707584879374633,-0.4233872010137798,-0.48675775656401055,-0.527673597506027,-0.4777912803317069,-0.31418065510537363,-0.18209795288295783,4.421226954697268,-0.01649879159194664,-0.6509281872159266,1.4854093276621052,-0.3359068273836544,-0.005633559196716718,-0.016534838152822313,-1.0068823215381135,-0.5164519794484713,-0.23014258376945784,-0.5384795411297773,0.0013106557249796447,0.0,0.0,0.0,0.0,0.0,0.0,-0.010424892291272192,-0.054372930242833524,-0.010949535284642103,-0.007565858504735328,-0.4899055029776244,-0.24984597014156923,-0.007427886701260731,0.0026981619193090496,-0.1333699160638301,-0.11088214743612193,-0.15845771476484105,-0.10711394813216879,-0.37577673745324786,-0.11608014661131222,-0.3811374359635985,-0.3617637938919386,BENIGN
-0.43379154244950474,-0.4580720705064737,-0.011683672403782586,-0.010003391573348487,-0.05722823127854293,-0.007552988399294579,-0.297774330043816,-0.2171686162131481,-0.2940640257614974,-0.26045248447044883,-0.46310700143273936,-0.17155052236654797,-0.4894725995296846,-0.4273802294383181,-0.05308922921692075,-0.23336100516084235,-0.21217825898718273,-0.38763732123650385,-0.38337066352989563,0.09357008758785425,-0.46214134051263267,-0.2914479697544714,-0.36172491824818215,-0.3936482561823782,-0.12535696308519986,-0.3675332702981718,-0.21586833477287287,-0.2516745753495165,-0.29061496530288927,-0.12346083136993022,-0.22618155779982402,0.0,-0.005633559196716718,0.0,0.0013097592506534869,0.001681225357056646,-0.2114059487222062,-0.17070054811018717,-0.4233872010137798,-0.48675775656401055,-0.5538497359226174,-0.4777912803317069,-0.31418065510537363,5.491549927761919,-0.22618155779982402,-0.01649879159194664,-0.6509281872159266,-0.6732151073629691,-0.3359068273836544,-0.005633559196716718,-0.016534838152822313,0.4306017525750411,-0.5526311014296837,-0.2940640257614974,-0.4894725995296859,0.0013097592506534869,0.0,0.0,0.0,0.0,0.0,0.0,-0.011683672403782586,-0.057304667181253835,-0.010003391573348487,-0.007552931843145099,-0.497714820673686,-0.14451675945029321,-0.008910653441045866,0.0026981619193090496,-0.1333699160638301,-0.11088214743612193,-0.15845771476484105,-0.10711394813216879,-0.37577673745324786,-0.11608014661131222,-0.3811374359635985,-0.3617637938919386,BENIGN
2.3524897487235283,-0.47091205386587714,-0.011683672403782586,-0.010003391573348487,-0.05779489635890824,-0.007565914885138679,-0.305706899164897,-0.3158555467343715,-0.32474631791767644,-0.26045248447044883,-0.4783154060648466,-0.6089112490599635,-0.5384795411297775,-0.4273802294383181,-0.05309230677830024,-0.11301831957227675,-0.3087764028749725,-0.38763732123650385,-0.4009833399637626,-0.05651036002483075,-0.46214134051263267,-0.2914479697544714,-0.36172491824818215,-0.3936482561823782,-0.12535696308519986,-0.3675332702981718,-0.21586833477287287,-0.2516745753495165,-0.29061496530288927,-0.12346083136993022,-0.22618155779982402,0.0,-0.005633559196716718,0.0,0.0013097592506534869,0.0016734275751349517,-0.1483170307809021,0.14894923943636462,-0.6579074030071375,-0.5013687350801698,-0.5988726939986881,-0.4996311998694753,-0.3143006297619917,-0.18209795288295783,-0.22618155779982402,-0.01649879159194664,-0.6509281872159266,1.4854093276621052,2.977016001100374,-0.005633559196716718,-0.016534838152822313,0.4306017525750411,-0.6148591912373693,-0.32474631791767644,-0.5384795411297773,0.0013097592506534869,0.0,0.0,0.0,0.0,0.0,0.0,-0.011683672403782586,-0.05787210013707712,-0.010003391573348487,-0.007565858504735328,0.06332300328020954,6.948509161792754,-0.008910653441045866,0.0026981619193090496,-0.1333699160638301,-0.11088214743612193,-0.15845771476484105,-0.10711394813216879,-0.37577673745324786,-0.11608014661131222,-0.3811374359635985,-0.3617637938919386,BENIGN
-0.43379154244950474,0.08351054174964925,0.022303390633998027,0.02878850058968973,0.01974377547107881,0.02131477337448153,0.3407974842032074,-0.3158555467343715,-0.17480487828079747,0.07821764925127846,1.6704849903425667,-0.6089112490599635,2.0684864980761843,0.7890419511722119,-0.0529572824841156,-0.23336513409101942,-0.24834367988212072,-0.2249459319028679,-0.01942351028626764,-0.056536568402067555,-0.055502905230959514,-0.23840835535652577,-0.16644753416099367,-0.01328665140588273,-0.12534658723229142,0.27422970215149595,-0.16549259495844734,0.02179230937622969,0.26734426289512436,-0.12346049035283267,-0.22618155779982402,0.0,-0.005633559196716718,0.0,0.001334501942055443,0.0022218715702941,-0.2114099674790165,-0.17070212067856702,-0.6579074030071375,1.5630211326868406,2.5016503467303965,1.2390930186084843,0.4461111824719298,-0.18209795288295783,-0.22618155779982402,-0.01649879159194664,1.536267778289156,-0.6732151073629691,-0.3359068273836544,-0.005633559196716718,-0.016534838152822313,0.4306017525750411,2.2828610690742974,-0.17480487828079747,2.0684864980761013,0.001334501942055443,0.0,0.0,0.0,0.0,0.0,0.0,0.022303390633998027,0.019771642651409117,0.02878850058968973,0.021315222411422873,0.06346000885382465,-0.23595147851846474,-0.0029795864819053266,0.0026981619193090496,3.272216616135052,7.375088531434412,4.026976607238966,0.11100790942072893,-0.07682077120377231,0.572164330121883,0.0014370873348304013,-0.15606227812334134,BENIGN
-0.4528839465777881,-0.32293753808867254,-0.0091661121787618,-0.010003391573348487,-0.05779489635890824,-0.007565914885138679,-0.305706899164897,-0.3158555467343715,-0.32474631791767644,-0.26045248447044883,-0.4783154060648466,-0.6089112490599635,-0.5384795411297775,-0.4273802294383181,-0.05309230677830024,-0.23337903233074386,0.06229401372463565,-0.036909800550183454,-0.19999225961358788,-0.05651998082153793,-0.31388517557455853,-0.031192991129313067,-0.0053441408536597755,-0.19328684869529575,-0.1197251929656003,-0.3675332702981718,-0.21586833477287287,-0.2516745753495165,-0.29061496530288927,-0.12346083136993022,-0.22618155779982402,0.0,-0.005633559196716718,0.0,0.0013135244428233498,0.0016864238783377752,-0.2114144069136212,-0.1707534595745901,-0.6579074030071375,-0.5013687350801698,-0.5988726939986881,-0.4996311998694753,-0.3143006297619917,-0.18209795288295783,-0.22618155779982402,-0.01649879159194664,1.536267778289156,-0.6732151073629691,-0.3359068273836544,-0.005633559196716718,-0.016534838152822313,-1.0068823215381135,-0.6148591912373693,-0.32474631791767644,-0.5384795411297773,0.0013135244428233498,0.0,0.0,0.0,0.0,0.0,0.0,-0.0091661121787618,-0.05787210013707712,-0.010003391573348487,-0.007565858504735328,1.5025665541069915,2.758535570964153,-0.008910653441045866,0.0027085988983108584,-0.1333699160638301,-0.11088214743612193,-0.15845771476484105,-0.10711394813216879,-0.37577673745324786,-0.11608014661131222,-0.3811374359635985,-0.3617637938919386,BENIGN
2.0133497437120376,-0.47091372844393453,-0.011683672403782586,-0.010003391573348487,-0.05779489635890824,-0.007565914885138679,-0.305706899164897,-0.3158555467343715,-0.32474631791767644,-0.26045248447044883,-0.4783154060648466,-0.6089112490599635,-0.5384795411297775,-0.4273802294383181,-0.05309230677830024,0.19574278646160134,-0.3087890011103134,-0.38763732123650385,-0.4009856369917775,-0.056529933369855706,-0.46214134051263267,-0.2914479697544714,-0.36172491824818215,-0.3936482561823782,-0.12535696308519986,-0.3675332702981718,-0.21586833477287287,-0.2516745753495165,-0.29061496530288927,-0.12346083136993022,-0.22618155779982402,0.0,-0.005633559196716718,0.0,0.0013102971352491814,0.001681225357056646,0.013549093335980178,0.969069061955478,-0.6579074030071375,-0.5013687350801698,-0.5988726939986881,-0.4996311998694753,-0.3143006297619917,-0.18209795288295783,-0.22618155779982402,-0.01649879159194664,-0.6509281872159266,1.4854093276621052,2.977016001100374,-0.005633559196716718,-0.016534838152822313,0.4306017525750411,-0.6148591912373693,-0.32474631791767644,-0.5384795411297773,0.0013102971352491814,0.0,0.0,0.0,0.0,0.0,0.0,-0.011683672403782586,-0.05787210013707712,-0.010003391573348487,-0.007565858504735328,-0.4899055029776244,-0.187320757837599,-0.008910653441045866,0.0027085988983108584,-0.1333699160638301,-0.11088214743612193,-0.15845771476484105,-0.10711394813216879,-0.37577673745324786,-0.11608014661131222,-0.3811374359635985,-0.3617637938919386,BENIGN
2.565451578793554,-0.4709122525446297,-0.011683672403782586,-0.009057247862054873,-0.05779489635890824,-0.007565914885138679,-0.305706899164897,-0.3158555467343715,-0.32474631791767644,-0.26045248447044883,-0.4783154060648466,-0.6089112490599635,-0.5384795411297775,-0.4273802294383181,-0.05309230677830024,-0.035985040228404,-0.3087859049338313,-0.3876355653327408,-0.40098466367482205,-0.056528606363413336,-0.46214134051263267,-0.2914479697544714,-0.36172491824818215,-0.3936482561823782,-0.12535696308519986,-0.36753168243102347,-0.21586322479349535,-0.2516745753495165,-0.29061231361546813,-0.12345537509636945,-0.22618155779982402,0.0,-0.005633559196716718,0.0,0.0013102971352491814,0.0017020194421811634,-0.14242766446835026,0.5283357427439365,-0.6579074030071375,-0.5013687350801698,-0.5988726939986881,-0.4996311998694753,-0.3143006297619917,-0.18209795288295783,-0.22618155779982402,-0.01649879159194664,-0.6509281872159266,1.4854093276621052,2.977016001100374,-0.005633559196716718,-0.016534838152822313,1.8680858266881957,-0.6148591912373693,-0.32474631791767644,-0.5384795411297773,0.0013102971352491814,0.0,0.0,0.0,0.0,0.0,0.0,-0.011683672403782586,-0.05787210013707712,-0.009057247862054873,-0.007565858504735328,-0.4810686434794495,-0.2155579504910049,-0.008910653441045866,0.0027085988983108584,-0.1333699160638301,-0.11088214743612193,-0.15845771476484105,-0.10711394813216879,-0.37577673745324786,-0.11608014661131222,-0.3811374359635985,-0.3617637938919386,BENIGN
-0.4543040427526191,-0.47090904530190975,-0.010424892291272192,-0.009057247862054873,-0.0502393619540374,-0.0074258084579252055,-0.2528231050243568,0.34205732340711775,-0.12019770354314972,-0.26045248447044883,-0.3958956648327815,1.7613017214075788,-0.27289353503895125,-0.4273802294383181,0.03018569005804104,-0.12838400030112654,-0.30878053111028125,-0.3876294505137539,-0.40098127653181703,-0.05653623665045696,-0.4621412267676158,-0.29144757040909586,-0.36172491824818215,-0.3936481009420105,-0.1253565215595442,-0.3675316493504579,-0.21586311833559166,-0.2516745753495165,-0.2906122583719802,-0.12345526142400359,-0.22618155779982402,0.0,-0.005633559196716718,0.0,0.0013106557249796447,0.0016864238783377752,-0.1563723950589517,0.10813548697219591,0.9055606102819134,-0.4221866579603392,-0.3124010351698141,-0.3935490653613877,-0.31147007248738745,-0.18209795288295783,-0.22618155779982402,-0.01649879159194664,-0.6509281872159266,-0.6732151073629691,-0.3359068273836544,-0.005633559196716718,-0.016534838152822313,0.4306017525750411,-0.28490559876871124,-0.12019770354314972,-0.2728935350389595,0.0013106557249796447,0.0,0.0,0.0,0.0,0.0,0.0,-0.010424892291272192,-0.050306327392766644,-0.009057247862054873,-0.0074257501726605795,-0.49778332346049353,-0.24984597014156923,-0.007427886701260731,0.0026981619193090496,-0.1333699160638301,-0.11088214743612193,-0.15845771476484105,-0.10711394813216879,-0.37577673745324786,-0.11608014661131222,-0.3811374359635985,-0.3617637938919386,BENIGN
-0.4528839465777881,2.8198339266975485,0.007198029283873309,0.0022964766734685084,-0.009533920347795717,-0.007252343357565667,0.25882760328536997,-0.3158555467343715,-0.16142703362801528,0.09443894270567561,-0.11233250749865249,-0.6089112490599635,-0.45356428748846533,-0.20121948467085923,-0.05309189680378857,-0.23338154160049127,0.5448976511015602,0.1887217731870084,-0.01165975025934477,-0.0565259523505286,2.8364641484855553,0.48023460103217824,0.04673519584357796,-0.005547336924501788,-0.12534791180925844,3.2713289446226246,0.6886874396886951,0.3151945218634594,0.2618199141010846,-0.12123955966886395,-0.22618155779982402,0.0,-0.005633559196716718,0.0,0.0013237442501415491,0.0019359528998319849,-0.21141667019758498,-0.1707553223542055,-0.6579074030071375,-0.14976260691711274,-0.4708967089015987,-0.2705009133717606,-0.3010952029095748,-0.18209795288295783,-0.22618155779982402,-0.01649879159194664,1.536267778289156,-0.6732151073629691,-0.3359068273836544,-0.005633559196716718,-0.016534838152822313,-1.0068823215381135,-0.4930079084046456,-0.16142703362801528,-0.45356428748846783,0.0013237442501415491,0.0,0.0,0.0,0.0,0.0,0.0,0.007198029283873309,-0.00954572673279397,0.0022964766734685084,-0.007252282713901367,0.06346000885382465,-0.2112999611226342,0.013330847655731153,0.0026981619193090496,-0.06629897347031675,-0.0344678735625216,-0.02761965458693559,-0.04772508676899975,0.02649281158505102,-0.11304875850083507,0.009221428633187204,0.04305931071914649,BENIGN
-0.43379154244950474,-0.470178758972835,-0.010424892291272192,-0.010949535284642103,-0.05666156619817762,-0.007565914885138679,-0.297774330043816,-0.2171686162131481,-0.2940640257614974,-0.26045248447044883,-0.4783154060648466,-0.6089112490599635,-0.5384795411297775,-0.4273802294383181,-0.053074881707578604,-0.23300200638124738,-0.3032596569721525,-0.38763732123650385,-0.39997747528931193,-0.04793922541356491,-0.4614043296758753,-0.28886041139361784,-0.36172491824818215,-0.39264237621984566,-0.12249609759922778,-0.3675332702981718,-0.21586833477287287,-0.2516745753495165,-0.29061496530288927,-0.12346083136993022,-0.22618155779982402,0.0,-0.005633559196716718,0.0,0.0013106557249796447,0.0016604312719321283,-0.2110181073685431,-0.1707584879374633,-0.4233872010137798,-0.4985408037544615,-0.5800258743388937,-0.4996311998694753,-0.3143006297619917,-0.18209795288295783,-0.22618155779982402,-0.01649879159194664,-0.6509281872159266,1.4854093276621052,-0.3359068273836544,-0.005633559196716718,-0.016534838152822313,-1.0068823215381135,-0.5888102234108963,-0.2940640257614974,-0.5384795411297773,0.0013106557249796447,0.0,0.0,0.0,0.0,0.0,0.0,-0.010424892291272192,-0.05673723422543055,-0.010949535284642103,-0.007565858504735328,-0.4803151128245664,-0.24984597014156923,-0.007427886701260731,0.0026981619193090496,-0.1333699160638301,-0.11088214743612193,-0.15845771476484105,-0.10711394813216879,-0.37577673745324786,-0.11608014661131222,-0.3811374359635985,-0.3617637938919386,BENIGN
-0.45598711970056693,-0.4709118551871246,-0.011683672403782586,-0.009057247862054873,-0.05722823127854293,-0.007560911084166769,-0.297774330043816,-0.2171686162131481,-0.2940640257614974,-0.26045248447044883,-0.47537184387798714,-0.5242607858289798,-0.5289943266265337,-0.4273802294383181,-0.04548068347083948,-0.06703637613164093,-0.3087844102279434,-0.38763656870631935,-0.40098462474214386,-0.056524293592475634,-0.46214134051263267,-0.2914479697544714,-0.36172491824818215,-0.3936482561823782,-0.12535696308519986,-0.3675316493504579,-0.21586311833559166,-0.2516745753495165,-0.2906122583719802,-0.12345526142400359,-0.22618155779982402,0.0,-0.005633559196716718,0.0,0.0013097592506534869,0.0016864238783377752,-0.15327997990383316,0.418365863624847,-0.4233872010137798,-0.4985408037544615,-0.5800258743388937,-0.4996311998694753,-0.3143006297619917,-0.18209795288295783,-0.22618155779982402,-0.01649879159194664,-0.6509281872159266,1.4854093276621052,2.977016001100374,-0.005633559196716718,-0.016534838152822313,1.8680858266881957,-0.5917045531693933,-0.2940640257614974,-0.5289943266265338,0.0013097592506534869,0.0,0.0,0.0,0.0,0.0,0.0,-0.011683672403782586,-0.057304667181253835,-0.009057247862054873,-0.007560854635732658,-0.4802466100377588,-0.22407392922774638,-0.008910653441045866,0.0026981619193090496,-0.1333699160638301,-0.11088214743612193,-0.15845771476484105,-0.10711394813216879,-0.37577673745324786,-0.11608014661131222,-0.3811374359635985,-0.3617637938919386,BENIGN
-0.43379154244950474,-0.29129297977372404,0.05754923378428903,0.059065099351085414,0.2533986769417097,0.04655728134410901,0.37781614010158554,-0.3158555467343715,-0.02385895884849168,0.2275771884766875,1.6704849903425667,-0.6089112490599635,2.2343861958499582,0.642481361928999,-0.05230082295280232,-0.23328144583687552,-0.2983184622195854,-0.3360619325471418,-0.20810505110073874,-0.05653690015367815,-0.42306077074667603,-0.2889532918668727,-0.35784906564084235,-0.38976208524757333,-0.1253566319409581,-0.16132265360195636,-0.20677772229324404,-0.1643235152390676,-0.016923976034880512,-0.12346060402519853,-0.22618155779982402,0.0,-0.005633559196716718,0.0,0.0013596032231878625,0.002629955490862755,-0.21137159863363958,-0.17045194309785802,-0.6579074030071375,1.5630211326868406,2.5924261902612384,1.1719619951038538,0.3885266931484712,-0.18209795288295783,-0.22618155779982402,-0.01649879159194664,1.536267778289156,-0.6732151073629691,-0.3359068273836544,-0.005633559196716718,-0.016534838152822313,0.4306017525750411,2.3483110862485255,-0.02385895884849168,2.23438619584987,0.0013596032231878625,0.0,0.0,0.0,0.0,0.0,0.0,0.05754923378428903,0.2537431647692105,0.059065099351085414,0.04655807357355673,0.06346000885382465,-0.2293403897623102,0.004434247217020347,0.0026981619193090496,-0.1333699160638301,-0.11088214743612193,-0.15845771476484105,-0.10711394813216879,-0.37577673745324786,-0.11608014661131222,-0.3811374359635985,-0.3617637938919386,BENIGN
-0.43379154244950474,-0.31213673668024855,-0.006648551953741014,-0.009057247862054873,-0.04617826221141932,-0.007527552411020704,-0.24489053590327572,-0.3158555467343715,-0.1989489200773425,-0.18204876840377401,-0.4557480959655907,0.040075635710911155,-0.4657595632715751,-0.4273802294383181,-0.0530908603487749,-0.23337664341134742,-0.10970713096707485,-0.1257391919258518,-0.18869773393171627,-0.056536568402067555,-0.30306398652288313,-0.15182249994806615,-0.09516861981816768,-0.18202788578725704,-0.1253566319409581,-0.36435429410608583,-0.20563794314325437,-0.2516745753495165,-0.285306176598793,-0.11253714435651906,4.421226954697268,0.0,-0.005633559196716718,0.0,0.0013138830325538128,0.0016864238783377752,-0.21141275958194208,-0.1707491153174371,-0.6579074030071375,-0.47968792824974,-0.49639311209855635,-0.4681719672873996,-0.31405169606092315,-0.18209795288295783,4.421226954697268,-0.01649879159194664,-0.6509281872159266,1.4854093276621052,-0.3359068273836544,-0.005633559196716718,-0.016534838152822313,-1.0068823215381135,-0.5069420388010054,-0.1989489200773425,-0.4657595632715772,0.0013138830325538128,0.0,0.0,0.0,0.0,0.0,0.0,-0.006648551953741014,-0.04623972454269977,-0.009057247862054873,-0.007527495509048195,0.6355952842705443,-0.23595147851846474,-0.005945119961475596,0.0026981619193090496,0.057306515271133174,-0.11088214743612193,-0.0378502155535761,0.10711530138725472,-0.15633549525706492,-0.11608014661131222,-0.16828587232661227,-0.13994124561255394,BENIGN
-0.43379154244950474,2.7438715465643297,0.007198029283873309,0.0032426203847621235,0.04203260196544781,-0.005254575819530692,0.23370780106861336,-0.3158555467343715,0.01307850301025285,0.11006487533436618,0.2232335818033271,-0.6089112490599635,0.045704280945086356,0.19625641999147575,-0.053090113771136815,-0.23338146785856378,0.49739185117472595,1.3033192364110069,1.8882549467987302,-0.05653723190528874,2.7511553858390503,0.4624213745542471,1.6003985543597243,1.8883851490539352,-0.1253516647773317,1.5875281560820016,0.2337724304964437,2.1162375507921944,2.9577021255924776,-0.12346071769756438,-0.22618155779982402,0.0,-0.005633559196716718,0.0,0.0013237442501415491,0.0018631736018961736,-0.2114166533254177,-0.17075501609852667,-0.6579074030071375,0.1726215642136259,0.048986731806742456,0.11799871520207547,-0.21835082535984804,-0.18209795288295783,-0.22618155779982402,-0.01649879159194664,1.536267778289156,-0.6732151073629691,-0.3359068273836544,-0.005633559196716718,-0.016534838152822313,-1.0068823215381135,0.0013529508755770958,0.01307850301025285,0.04570428094506791,0.0013237442501415491,0.0,0.0,0.0,0.0,0.0,0.0,0.007198029283873309,0.04209067224712501,0.0032426203847621235,-0.005254488014585534,0.06346000885382465,-0.20939507114204728,0.0029514804772352125,0.0026981619193090496,0.22209494523579898,0.2943565261718253,0.17634397926419368,0.09693954293404919,1.894007408584958,0.574103366476636,1.9141726878655014,1.8350166369735603,BENIGN
2.6308811951450264,-0.47091256475409804,-0.011683672403782586,-0.010003391573348487,-0.05722823127854293,-0.007563412984652724,-0.297774330043816,-0.2171686162131481,-0.2940640257614974,-0.26045248447044883,-0.47537184387798714,-0.5242607858289798,-0.5289943266265337,-0.4273802294383181,-0.0460356976699498,-0.07916580422886693,-0.30878024640439855,-0.38763732123650385,-0.4009840407519706,-0.056516331553821415,-0.46214134051263267,-0.2914479697544714,-0.36172491824818215,-0.3936482561823782,-0.12535696308519986,-0.3675332702981718,-0.21586833477287287,-0.2516745753495165,-0.29061496530288927,-0.12346083136993022,-0.22618155779982402,0.0,-0.005633559196716718,0.0,0.0013097592506534869,0.0016734275751349517,-0.13057005636229188,0.23886703780121626,-0.4233872010137798,-0.4985408037544615,-0.5800258743388937,-0.4996311998694753,-0.3143006297619917,-0.18209795288295783,-0.22618155779982402,-0.01649879159194664,-0.6509281872159266,1.4854093276621052,-0.3359068273836544,-0.005633559196716718,-0.016534838152822313,0.4306017525750411,-0.5888102234108963,-0.2940640257614974,-0.5289943266265338,0.0013097592506534869,0.0,0.0,0.0,0.0,0.0,0.0,-0.011683672403782586,-0.057304667181253835,-0.010003391573348487,-0.007563356570233993,-0.49552273149584414,3.4311858388149297,-0.008910653441045866,0.0026981619193090496,-0.1333699160638301,-0.11088214743612193,-0.15845771476484105,-0.10711394813216879,-0.37577673745324786,-0.11608014661131222,-0.3811374359635985,-0.3617637938919386,BENIGN
-0.4543040427526191,-0.46946621181809656,-0.007907332066251407,-0.009057247862054873,-0.043439380989653636,-0.007490857870560033,-0.2554672947313838,0.3091616799000433,-0.13042513426187605,-0.26045248447044883,-0.4341619732619546,0.6608456994047912,-0.3962013235811206,-0.4273802294383181,-0.05284741912904812,-0.2328024985284395,-0.30661493004342405,-0.38598619442624726,-0.39996030597821763,-0.05653723190528874,-0.4613903959113097,-0.2905691436979855,-0.36022579194101056,-0.3926252609693064,-0.12535685270378594,-0.36753317105647504,-0.21586801539916178,-0.2516745753495165,-0.2906147995724255,-0.12346049035283267,-0.22618155779982402,0.0,-0.005633559196716718,0.0,0.0013135244428233498,0.0016864238783377752,-0.21101174529465683,-0.16973087162142927,0.8273872096174608,-0.4589497651945463,-0.4328411874629537,-0.46123834995014756,-0.31392987379457393,-0.18209795288295783,-0.22618155779982402,-0.01649879159194664,-0.6509281872159266,-0.6732151073629691,-0.3359068273836544,-0.005633559196716718,-0.016534838152822313,-1.0068823215381135,-0.43637552278707314,-0.13042513426187605,-0.3962013235811249,0.0013135244428233498,0.0,0.0,0.0,0.0,0.0,0.0,-0.007907332066251407,-0.04349713192288722,-0.009057247862054873,-0.007490800469695284,-0.49778332346049353,-0.24984597014156923,-0.004462353221690461,0.0026981619193090496,-0.1333699160638301,-0.11088214743612193,-0.15845771476484105,-0.10711394813216879,-0.37577673745324786,-0.11608014661131222,-0.3811374359635985,-0.3617637938919386,BENIGN
-0.43379154244950474,-0.47091426771483436,-0.010424892291272192,-0.010949535284642103,-0.05666156619817762,-0.007565914885138679,-0.297774330043816,-0.2171686162131481,-0.2940640257614974,-0.26045248447044883,-0.4783154060648466,-0.6089112490599635,-0.5384795411297775,-0.4273802294383181,0.059813438955306886,2.234089410081647,-0.3087930581691519,-0.38763732123650385,-0.4009863767126637,-0.05653623665045696,-0.4621412267676158,-0.29144757040909586,-0.36172491824818215,-0.3936481009420105,-0.1253565215595442,-0.3675332702981718,-0.21586833477287287,-0.2516745753495165,-0.29061496530288927,-0.12346083136993022,-0.22618155779982402,0.0,-0.005633559196716718,0.0,0.0013106557249796447,0.0016604312719321283,2.3756971078636586,-0.1707584879374633,-0.4233872010137798,-0.4985408037544615,-0.5800258743388937,-0.4996311998694753,-0.3143006297619917,5.491549927761919,-0.22618155779982402,-0.01649879159194664,-0.6509281872159266,-0.6732151073629691,-0.3359068273836544,-0.005633559196716718,-0.016534838152822313,-1.0068823215381135,-0.5888102234108963,-0.2940640257614974,-0.5384795411297773,0.0013106557249796447,0.0,0.0,0.0,0.0,0.0,0.0,-0.010424892291272192,-0.05673723422543055,-0.010949535284642103,-0.007565858504735328,-0.497714820673686,-0.24984597014156923,-0.007427886701260731,0.0026981619193090496,-0.1333699160638301,-0.11088214743612193,-0.15845771476484105,-0.10711394813216879,-0.37577673745324786,-0.11608014661131222,-0.3811374359635985,-0.3617637938919386,BENIGN
-0.4543040427526191,-0.4708994803391076,-0.011683672403782586,-0.010003391573348487,-0.05288379899574219,-0.007518795759319862,-0.2369579667821947,0.5394311844495645,-0.0588331192307917,-0.26045248447044883,-0.42287831821232663,0.9853391417902286,-0.3598413346520194,-0.4273802294383181,-0.041264085796684266,-0.21458303010786975,-0.3086818093452098,-0.38763732123650385,-0.4009660927873119,-0.05636339406133831,-0.46214134051263267,-0.2914479697544714,-0.36172491824818215,-0.3936482561823782,-0.12535696308519986,-0.3675332702981718,-0.21586833477287287,-0.2516745753495165,-0.29061496530288927,-0.12346083136993022,-0.22618155779982402,0.0,-0.005633559196716718,0.0,0.0013108350198448762,0.00168902313897834,-0.2015617099849133,-0.12082318575217678,1.3746010142686285,-0.44810936177933136,-0.37166381254460545,-0.4463417961971208,-0.31358634864635027,-0.18209795288295783,-0.22618155779982402,-0.01649879159194664,-0.6509281872159266,-0.6732151073629691,-0.3359068273836544,-0.005633559196716718,-0.016534838152822313,0.4306017525750411,-0.3008244124404447,-0.0588331192307917,-0.35984133465202484,0.0013108350198448762,0.0,0.0,0.0,0.0,0.0,0.0,-0.011683672403782586,-0.05295434785327531,-0.010003391573348487,-0.007518738738293522,-0.49778332346049353,-0.24984597014156923,-0.008910653441045866,0.0027190358773126672,-0.1333699160638301,-0.11088214743612193,-0.15845771476484105,-0.10711394813216879,-0.37577673745324786,-0.11608014661131222,-0.3811374359635985,-0.3617637938919386,BENIGN
-0.4543040427526191,-0.47091040767049874,-0.010424892291272192,-0.009057247862054873,-0.050994915394524484,-0.007522548610048795,-0.2581114844384108,0.2762660363929688,-0.14065256498060238,-0.26045248447044883,-0.45280453377873126,0.1247260989418948,-0.4562743487683313,-0.4273802294383181,-0.005779422857212763,-0.09238440546054837,-0.3087839475808821,-0.3876283777453637,-0.4009813154644953,-0.056536568402067555,-0.46214125520387,-0.29144767024543977,-0.36172491824818215,-0.39364813975210244,-0.1253566319409581,-0.36753317105647504,-0.21586801539916178,-0.2516745753495165,-0.2906147995724255,-0.12346049035283267,-0.22618155779982402,0.0,-0.005633559196716718,0.0,0.001311731494171034,0.0017020194421811634,-0.13749982730111002,0.203756278564541,0.7492138089530083,-0.47685999692403175,-0.4656885017361414,-0.4863709330559644,-0.31425640230457597,-0.18209795288295783,-0.22618155779982402,-0.01649879159194664,-0.6509281872159266,-0.6732151073629691,-0.3359068273836544,-0.005633559196716718,-0.016534838152822313,0.4306017525750411,-0.46145971403702823,-0.14065256498060238,-0.45627434876833367,0.001311731494171034,0.0,0.0,0.0,0.0,0.0,0.0,-0.010424892291272192,-0.05106290466719769,-0.009057247862054873,-0.007522491640045525,-0.49778332346049353,-0.24984597014156923,-0.007427886701260731,0.0027085988983108584,-0.1333699160638301,-0.11088214743612193,-0.15845771476484105,-0.10711394813216879,-0.37577673745324786,-0.11608014661131222,-0.3811374359635985,-0.3617637938919386,BENIGN
-0.43379154244950474,-0.32668215006899953,-0.006648551953741014,-0.010003391573348487,-0.04617826221141932,-0.007546733648079691,-0.24489053590327572,-0.3158555467343715,-0.1989489200773425,-0.18204876840377401,-0.4557480959655907,0.040075635710911155,-0.4657595632715751,-0.4273802294383181,-0.05309105515812158,-0.2333769917904203,-0.09177547183460744,-0.13046698655684202,-0.20998896446704907,-0.056536568402067555,-0.3176368559019723,-0.1646134075313908,-0.12263321713670042,-0.2032520771889883,-0.1253566319409581,-0.3675332702981718,-0.21586833477287287,-0.2516745753495165,-0.29061496530288927,-0.12346083136993022,4.421226954697268,0.0,-0.005633559196716718,0.0,0.0013133451479581182,0.0016734275751349517,-0.21141229319817648,-0.17075332902631896,-0.6579074030071375,-0.47968792824974,-0.50239492670606,-0.4668193619595227,-0.31402982982278993,-0.18209795288295783,4.421226954697268,-0.01649879159194664,-0.6509281872159266,1.4854093276621052,-0.3359068273836544,-0.005633559196716718,-0.016534838152822313,-1.0068823215381135,-0.5111457082342079,-0.1989489200773425,-0.4657595632715772,0.0013133451479581182,0.0,0.0,0.0,0.0,0.0,0.0,-0.006648551953741014,-0.04623972454269977,-0.010003391573348487,-0.007546677006891761,-0.48045211839818147,1.5861318140888112,-0.005945119961475596,0.0026981619193090496,-0.1333699160638301,-0.11088214743612193,-0.15845771476484105,-0.10711394813216879,-0.37577673745324786,-0.11608014661131222,-0.3811374359635985,-0.3617637938919386,BENIGN
-0.4543040427526191,-0.4708993951910708,-0.011683672403782586,-0.010003391573348487,-0.05146713629482891,-0.007503784356404133,-0.2171265439794921,0.7861485107526229,0.01787261115965582,-0.26045248447044883,-0.4052169450911698,1.4932419211761305,-0.3029300476325566,-0.4273802294383181,-0.03769606872337531,-0.21468984708686453,-0.3086811687569721,-0.38763732123650385,-0.4009659759892772,-0.05636239880650653,-0.46214134051263267,-0.2914479697544714,-0.36172491824818215,-0.3936482561823782,-0.12535696308519986,-0.3675332702981718,-0.21586833477287287,-0.2516745753495165,-0.29061496530288927,-0.12346083136993022,-0.22618155779982402,0.0,-0.005633559196716718,0.0,0.0013102971352491814,0.001681225357056646,-0.20161770813377944,-0.12110690905845875,1.9609015192520225,-0.43114177382508195,-0.30255880713572525,-0.42799626379076383,-0.31300989441642363,-0.18209795288295783,-0.22618155779982402,-0.01649879159194664,-0.6509281872159266,-0.6732151073629691,-0.3359068273836544,-0.005633559196716718,-0.016534838152822313,0.4306017525750411,-0.2053115304100437,0.01787261115965582,-0.30293004763256387,0.0013102971352491814,0.0,0.0,0.0,0.0,0.0,0.0,-0.011683672403782586,-0.0515357654637171,-0.010003391573348487,-0.007503727131285514,-0.49778332346049353,-0.24984597014156923,-0.008910653441045866,0.0027085988983108584,-0.1333699160638301,-0.11088214743612193,-0.15845771476484105,-0.10711394813216879,-0.37577673745324786,-0.11608014661131222,-0.3811374359635985,-0.3617637938919386,BENIGN
-0.4543040427526191,-0.4709083357349363,-0.010424892291272192,-0.009057247862054873,-0.04929492015342854,-0.0074941937378746395,-0.24621263075678923,0.4242964321748039,-0.09462912674633388,-0.26045248447044883,-0.4361243480531942,0.6044120572508022,-0.40252479991661644,-0.4273802294383181,-0.0067991841278710816,-0.14070780525039092,-0.30877875169851066,-0.3876276298907724,-0.40098022534950517,-0.056536568402067555,-0.4621399755724303,-0.29144317760996485,-0.36172491824818215,-0.39364639329796575,-0.1253516647773317,-0.36753317105647504,-0.21586801539916178,-0.2516745753495165,-0.2906147995724255,-0.12346049035283267,-0.22618155779982402,0.0,-0.005633559196716718,0.0,0.0013106557249796447,0.0016864238783377752,-0.16283307452709625,0.07540145242558778,1.1009941119430446,-0.4608350527450184,-0.40600690614679263,-0.46565176615607073,-0.3140102143091957,-0.18209795288295783,-0.22618155779982402,-0.01649879159194664,-0.6509281872159266,-0.6732151073629691,-0.3359068273836544,-0.005633559196716718,-0.016534838152822313,0.4306017525750411,-0.3927193822727245,-0.09462912674633388,-0.40252479991662055,0.0013106557249796447,0.0,0.0,0.0,0.0,0.0,0.0,-0.010424892291272192,-0.049360605799727834,-0.009057247862054873,-0.00749413638236373,-0.49778332346049353,-0.24984597014156923,-0.007427886701260731,0.0026981619193090496,-0.1333699160638301,-0.11088214743612193,-0.15845771476484105,-0.10711394813216879,-0.37577673745324786,-0.11608014661131222,-0.3811374359635985,-0.3617637938919386,BENIGN
-0.4543040427526191,-0.47025391630666286,-0.011683672403782586,-0.010003391573348487,-0.05382824079635105,-0.007522131626634469,-0.2501789153173298,0.3749529669141922,-0.10997027282442338,-0.26045248447044883,-0.4268030677948059,0.8724718574822504,-0.3724882873230111,-0.4273802294383181,-0.052854559397926874,-0.23295867202228238,-0.30382508285660315,-0.38763732123650385,-0.4000805690212343,-0.04881770367841365,-0.46214134051263267,-0.2914479697544714,-0.36172491824818215,-0.3936482561823782,-0.12535696308519986,-0.3675332702981718,-0.21586833477287287,-0.2516745753495165,-0.29061496530288927,-0.12346083136993022,-0.22618155779982402,0.0,-0.005633559196716718,0.0,0.0013097592506534869,0.0016734275751349517,-0.21119502803151774,-0.16963188571799864,0.9837340109463659,-0.45187993688027567,-0.4009810875708475,-0.4445946026325498,-0.3135387427026042,-0.18209795288295783,-0.22618155779982402,-0.01649879159194664,-0.6509281872159266,-0.6732151073629691,-0.3359068273836544,-0.005633559196716718,-0.016534838152822313,0.4306017525750411,-0.3413450290594027,-0.10997027282442338,-0.37248828732301614,0.0013097592506534869,0.0,0.0,0.0,0.0,0.0,0.0,-0.011683672403782586,-0.05390006944631412,-0.010003391573348487,-0.007522074650961969,-0.49778332346049353,-0.24984597014156923,-0.008910653441045866,0.0026981619193090496,-0.1333699160638301,-0.11088214743612193,-0.15845771476484105,-0.10711394813216879,-0.37577673745324786,-0.11608014661131222,-0.3811374359635985,-0.3617637938919386,BENIGN
2.35501436414545,-0.4709143244801922,-0.010424892291272192,-0.009057247862054873,-0.05666156619817762,-0.007564246951481376,-0.297774330043816,-0.2171686162131481,-0.2940640257614974,-0.26045248447044883,-0.4773342186692268,-0.580694427982969,-0.5353178029620296,-0.4273802294383181,0.24798968184465212,9.636506095875292,-0.3087937699338604,-0.38763725296557916,-0.4009864935106983,-0.05653756365689933,-0.46214128364012425,-0.29144777008178363,-0.36172491824818215,-0.39364817856219436,-0.125356742322372,-0.3675332372176062,-0.21586822831496918,-0.2516745753495165,-0.2906149100594013,-0.12346071769756438,-0.22618155779982402,0.0,-0.005633559196716718,0.0,0.0013106557249796447,0.0016916223996189046,4.962811599967866,26.04527515933803,-0.5797340023426849,-0.4985408037544615,-0.5850516929148389,-0.4963161331660976,-0.31429786554590317,5.491549927761919,-0.22618155779982402,-0.01649879159194664,-0.6509281872159266,1.4854093276621052,-0.3359068273836544,-0.005633559196716718,-0.016534838152822313,0.4306017525750411,-0.5989403775656358,-0.2940640257614974,-0.5353178029620295,0.0013106557249796447,0.0,0.0,0.0,0.0,0.0,0.0,-0.010424892291272192,-0.05673723422543055,-0.009057247862054873,-0.007564190548401105,-0.497714820673686,-0.13499230954735866,-0.007427886701260731,0.0026981619193090496,-0.1333699160638301,-0.11088214743612193,-0.15845771476484105,-0.10711394813216879,-0.37577673745324786,-0.11608014661131222,-0.3811374359635985,-0.3617637938919386,BENIGN
2.712668215584367,-0.47091279181552953,-0.011683672403782586,-0.010003391573348487,-0.05779489635890824,-0.007565914885138679,-0.305706899164897,-0.3158555467343715,-0.32474631791767644,-0.26045248447044883,-0.4783154060648466,-0.6089112490599635,-0.5384795411297775,-0.4273802294383181,-0.05309230677830024,-0.0571348022089642,-0.308781954639699,-0.38763732123650385,-0.4009843522133963,-0.056518985566706155,-0.46214134051263267,-0.2914479697544714,-0.36172491824818215,-0.3936482561823782,-0.12535696308519986,-0.3675332702981718,-0.21586833477287287,-0.2516745753495165,-0.29061496530288927,-0.12346083136993022,-0.22618155779982402,0.0,-0.005633559196716718,0.0,0.0013102971352491814,0.001681225357056646,-0.11902043807918603,0.297384970124502,-0.6579074030071375,-0.5013687350801698,-0.5988726939986881,-0.4996311998694753,-0.3143006297619917,-0.18209795288295783,-0.22618155779982402,-0.01649879159194664,-0.6509281872159266,1.4854093276621052,2.977016001100374,-0.005633559196716718,-0.016534838152822313,0.4306017525750411,-0.6148591912373693,-0.32474631791767644,-0.5384795411297773,0.0013102971352491814,0.0,0.0,0.0,0.0,0.0,0.0,-0.011683672403782586,-0.05787210013707712,-0.010003391573348487,-0.007565858504735328,-0.4781915264335321,-0.22272930100615562,-0.008910653441045866,0.0027085988983108584,-0.1333699160638301,-0.11088214743612193,-0.15845771476484105,-0.10711394813216879,-0.37577673745324786,-0.11608014661131222,-0.3811374359635985,-0.3617637938919386,BENIGN
-0.4543040427526191,-0.4700455874432579,-0.011683672403782586,-0.010003391573348487,-0.05288379899574219,-0.007537560012964524,-0.2369579667821947,0.5394311844495645,-0.0588331192307917,-0.26045248447044883,-0.4449550346137726,0.3504606675578512,-0.43098044342634784,-0.4273802294383181,-0.0529447657842021,-0.23306037849942993,-0.30225777696843553,-0.38763732123650385,-0.3997948031631112,-0.046382646856665266,-0.46214134051263267,-0.2914479697544714,-0.36172491824818215,-0.3936482561823782,-0.12535696308519986,-0.3675332702981718,-0.21586833477287287,-0.2516745753495165,-0.29061496530288927,-0.12346083136993022,-0.22618155779982402,0.0,-0.005633559196716718,0.0,0.0013097592506534869,0.0016734275751349517,-0.21124834703100223,-0.169902034698415,1.3746010142686285,-0.46931884672214313,-0.4187808616940913,-0.48565365136531563,-0.314251488142641,-0.18209795288295783,-0.22618155779982402,-0.01649879159194664,-0.6509281872159266,-0.6732151073629691,-0.3359068273836544,-0.005633559196716718,-0.016534838152822313,0.4306017525750411,-0.36594683200662725,-0.0588331192307917,-0.43098044342635106,0.0013097592506534869,0.0,0.0,0.0,0.0,0.0,0.0,-0.011683672403782586,-0.05295434785327531,-0.010003391573348487,-0.007537503247053534,-0.49778332346049353,-0.24984597014156923,-0.008910653441045866,0.0026981619193090496,-0.1333699160638301,-0.11088214743612193,-0.15845771476484105,-0.10711394813216879,-0.37577673745324786,-0.11608014661131222,-0.3811374359635985,-0.3617637938919386,BENIGN
2.721819946488833,-0.4709126499021349,-0.011683672403782586,-0.010003391573348487,-0.05779489635890824,-0.007565914885138679,-0.305706899164897,-0.3158555467343715,-0.32474631791767644,-0.26045248447044883,-0.4783154060648466,-0.6089112490599635,-0.5384795411297775,-0.4273802294383181,-0.05309230677830024,-0.0715813608830335,-0.3087808869926362,-0.38763732123650385,-0.4009841575500052,-0.05651732680865319,-0.46214134051263267,-0.2914479697544714,-0.36172491824818215,-0.3936482561823782,-0.12535696308519986,-0.3675332702981718,-0.21586833477287287,-0.2516745753495165,-0.29061496530288927,-0.12346083136993022,-0.22618155779982402,0.0,-0.005633559196716718,0.0,0.0013102971352491814,0.001681225357056646,-0.12659395828518683,0.25901255538313683,-0.6579074030071375,-0.5013687350801698,-0.5988726939986881,-0.4996311998694753,-0.3143006297619917,-0.18209795288295783,-0.22618155779982402,-0.01649879159194664,-0.6509281872159266,1.4854093276621052,-0.3359068273836544,-0.005633559196716718,-0.016534838152822313,0.4306017525750411,-0.6148591912373693,-0.32474631791767644,-0.5384795411297773,0.0013102971352491814,0.0,0.0,0.0,0.0,0.0,0.0,-0.011683672403782586,-0.05787210013707712,-0.010003391573348487,-0.007565858504735328,0.09983498864863766,4.260597346832829,-0.008910653441045866,0.0027085988983108584,-0.1333699160638301,-0.11088214743612193,-0.15845771476484105,-0.10711394813216879,-0.37577673745324786,-0.11608014661131222,-0.3811374359635985,-0.3617637938919386,BENIGN
-0.43379154244950474,1.3556641897329131,0.013491929846425275,0.010811770075111044,0.586597744196514,-0.002299831345617973,2.8474893264648142,-0.3158555467343715,1.3367241533405867,1.9935937696913806,0.4121121554601431,-0.6089112490599635,0.32955505275952174,0.3196283962478254,-0.053080931184496014,-0.23337944447821657,0.01078213702823302,0.02397843325764254,-0.01165975025934477,-0.05653623665045696,1.3691534309656717,0.029802407538144945,0.09251608513500592,-0.0016663277319230241,-0.12533621137938294,1.7595470971509846,0.09528785688252833,0.4257934322626848,0.26734426289512436,-0.12346037668046682,-0.22618155779982402,0.0,-0.005633559196716718,0.0,0.0013287645063680329,0.002013930719048925,-0.211415695822578,-0.17074911857915737,-0.6579074030071375,0.6227339668888531,0.7589359580405333,0.500644453229991,-0.06263329842565415,-0.18209795288295783,-0.22618155779982402,-0.01649879159194664,1.536267778289156,-0.6732151073629691,-0.3359068273836544,-0.005633559196716718,-0.016534838152822313,0.4306017525750411,0.6646976829317531,1.3367241533405867,0.3295550527594942,0.0013287645063680329,0.0,0.0,0.0,0.0,0.0,0.0,0.013491929846425275,0.5873937427933025,0.010811770075111044,-0.0022997033685091413,0.06346000885382465,-0.23527916440766936,0.019261914614871693,0.0026981619193090496,0.8796491121030444,3.6815694964184282,3.45300400039743,-0.024570695730036642,0.025528216104248415,-0.1028409048562825,0.009221428633187204,0.038547693249816016,BENIGN
2.2689670551816166,-0.4709132743210715,-0.011683672403782586,-0.010003391573348487,-0.05779489635890824,-0.007565914885138679,-0.305706899164897,-0.3158555467343715,-0.32474631791767644,-0.26045248447044883,-0.4783154060648466,-0.6089112490599635,-0.5384795411297775,-0.4273802294383181,-0.05309230677830024,0.019691256201630362,-0.30878558463971245,-0.38763732123650385,-0.400985014068926,-0.05652462534408623,-0.46214134051263267,-0.2914479697544714,-0.36172491824818215,-0.3936482561823782,-0.12535696308519986,-0.3675332702981718,-0.21586833477287287,-0.2516745753495165,-0.29061496530288927,-0.12346083136993022,-0.22618155779982402,0.0,-0.005633559196716718,0.0,0.0013102971352491814,0.001681225357056646,-0.07874484618922925,0.5014475029914303,-0.6579074030071375,-0.5013687350801698,-0.5988726939986881,-0.4996311998694753,-0.3143006297619917,-0.18209795288295783,-0.22618155779982402,-0.01649879159194664,-0.6509281872159266,1.4854093276621052,2.977016001100374,-0.005633559196716718,-0.016534838152822313,0.4306017525750411,-0.6148591912373693,-0.32474631791767644,-0.5384795411297773,0.0013102971352491814,0.0,0.0,0.0,0.0,0.0,0.0,-0.011683672403782586,-0.05787210013707712,-0.010003391573348487,-0.007565858504735328,-0.4857268329823634,7.093616957372756,-0.008910653441045866,0.0027085988983108584,-0.1333699160638301,-0.11088214743612193,-0.15845771476484105,-0.10711394813216879,-0.37577673745324786,-0.11608014661131222,-0.3811374359635985,-0.3617637938919386,BENIGN
-0.4543040427526191,-0.4679936900521142,-0.011683672403782586,-0.010003391573348487,-0.05260046645555954,-0.007527135427606378,-0.23299168222165417,0.5887746497101762,-0.0434919731527022,-0.26045248447044883,-0.43269019216852483,0.703170931020283,-0.3914587163294987,-0.4273802294383181,-0.05303817849571349,-0.233286904956871,-0.28682088161704716,-0.38763732123650385,-0.39698020412399,-0.022398995920496646,-0.46214134051263267,-0.2914479697544714,-0.36172491824818215,-0.3936482561823782,-0.12535696308519986,-0.3675332702981718,-0.21586833477287287,-0.2516745753495165,-0.29061496530288927,-0.12346083136993022,-0.22618155779982402,0.0,-0.005633559196716718,0.0,0.0013097592506534869,0.0016734275751349517,-0.2113671021428222,-0.17050372589081492,1.4918611152653074,-0.45753579953169216,-0.38632245004720367,-0.46643452217077214,-0.3140234403153605,-0.18209795288295783,-0.22618155779982402,-0.01649879159194664,-0.6509281872159266,-0.6732151073629691,-0.3359068273836544,-0.005633559196716718,-0.016534838152822313,0.4306017525750411,-0.3210847207499237,-0.0434919731527022,-0.39145871632950313,0.0013097592506534869,0.0,0.0,0.0,0.0,0.0,0.0,-0.011683672403782586,-0.05267063137536367,-0.010003391573348487,-0.007527078519964639,-0.49778332346049353,-0.24984597014156923,-0.008910653441045866,0.0026981619193090496,-0.1333699160638301,-0.11088214743612193,-0.15845771476484105,-0.10711394813216879,-0.37577673745324786,-0.11608014661131222,-0.3811374359635985,-0.3617637938919386,BENIGN
-0.4543040427526191,-0.47090992516495683,-0.010424892291272192,-0.009057247862054873,-0.04948380851355032,-0.007515876875419582,-0.24753472561030274,0.4078486104212667,-0.09974284210569705,-0.26045248447044883,-0.4488797841962519,0.237593383249873,-0.4436273960973396,-0.4273802294383181,-0.0032315952990663063,-0.1076517495251774,-0.3087827375808791,-0.3876311480950761,-0.40098236664680714,-0.056536568402067555,-0.46214125520387,-0.29144767024543977,-0.36172491824818215,-0.39364813975210244,-0.1253566319409581,-0.3675317155115891,-0.21586333125139903,-0.2516745753495165,-0.2906123688589561,-0.1234554887687353,-0.22618155779982402,0.0,-0.005633559196716718,0.0,0.001311731494171034,0.0017020194421811634,-0.14550363923526358,0.16320372404624986,1.0619074116108185,-0.47308942182308744,-0.4405594088564156,-0.4863709330559644,-0.31425640230457597,-0.18209795288295783,-0.22618155779982402,-0.01649879159194664,-0.6509281872159266,-0.6732151073629691,-0.3359068273836544,-0.005633559196716718,-0.016534838152822313,0.4306017525750411,-0.43251641645205824,-0.09974284210569705,-0.44362739609734236,0.001311731494171034,0.0,0.0,0.0,0.0,0.0,0.0,-0.010424892291272192,-0.0495497501183356,-0.009057247862054873,-0.007515819814708632,-0.49778332346049353,-0.24984597014156923,-0.007427886701260731,0.0027085988983108584,-0.1333699160638301,-0.11088214743612193,-0.15845771476484105,-0.10711394813216879,-0.37577673745324786,-0.11608014661131222,-0.3811374359635985,-0.3617637938919386,BENIGN
-0.2852074056384841,-0.47091174165640887,-0.0091661121787618,-0.010949535284642103,-0.04702825983196729,-0.007565914885138679,-0.23034749251462716,-0.3158555467343715,-0.13042513426187605,-0.1496035876974513,-0.4783154060648466,-0.6089112490599635,-0.5384795411297775,-0.4273802294383181,-0.006958776248924542,-0.07419106181339723,-0.30878398316911826,-0.38762971232019433,-0.4009829506369804,-0.05653723190528874,-0.4621386959409906,-0.2914433273644807,-0.36171857371531846,-0.393644685653921,-0.12535685270378594,-0.3675332702981718,-0.21586833477287287,-0.2516745753495165,-0.29061496530288927,-0.12346083136993022,4.421226954697268,0.0,-0.005633559196716718,0.0,0.0013131658530928865,0.0016604312719321283,-0.04450677182669927,-0.1707584879374633,-0.6579074030071375,-0.47450338748594156,-0.4645891039226534,-0.4565074505585545,-0.3138328725707691,-0.18209795288295783,4.421226954697268,-0.01649879159194664,-0.6509281872159266,1.4854093276621052,-0.3359068273836544,-0.005633559196716718,-0.016534838152822313,-1.0068823215381135,-0.4498823950030403,-0.13042513426187605,-0.5384795411297773,0.0013131658530928865,0.0,0.0,0.0,0.0,0.0,0.0,-0.0091661121787618,-0.047090873976434695,-0.010949535284642103,-0.007565858504735328,-0.4601752935031445,-0.24984597014156923,-0.007427886701260731,0.0027085988983108584,-0.1333699160638301,-0.11088214743612193,-0.15845771476484105,-0.10711394813216879,-0.37577673745324786,-0.11608014661131222,-0.3811374359635985,-0.3617637938919386,BENIGN
-0.06977355630116001,-0.47086235579505675,-0.0091661121787618,-0.010003391573348487,-0.05486712677702079,-0.007565914885138679,-0.2647219587059783,-0.3158555467343715,-0.27190459255463606,-0.20016624237529115,-0.4783154060648466,-0.6089112490599635,-0.5384795411297775,-0.4273802294383181,-0.052455813212545346,-0.2226137089541922,-0.3086634458157299,-0.3875232857581886,-0.40091945143880625,-0.05653623665045696,-0.46209223110160247,-0.29136176107152534,-0.36160506932517544,-0.3935813863939901,-0.1253565215595442,-0.3675332702981718,-0.21586833477287287,-0.2516745753495165,-0.29061496530288927,-0.12346083136993022,-0.22618155779982402,0.0,-0.005633559196716718,0.0,0.0013115521993058024,0.0016734275751349517,-0.20294892436526252,-0.1564562328118744,-0.6579074030071375,-0.48675775656401055,-0.5793976470169007,-0.4786539599964037,-0.31418994594278216,-0.18209795288295783,-0.22618155779982402,-0.01649879159194664,-0.6509281872159266,1.4854093276621052,-0.3359068273836544,-0.005633559196716718,-0.016534838152822313,-1.0068823215381135,-0.5924281356090175,-0.27190459255463606,-0.5384795411297773,0.0013115521993058024,0.0,0.0,0.0,0.0,0.0,0.0,-0.0091661121787618,-0.05494036319865681,-0.010003391573348487,-0.007565858504735328,-0.4283214976376303,-0.24973391778977,-0.007427886701260731,0.0026981619193090496,-0.1333699160638301,-0.11088214743612193,-0.15845771476484105,-0.10711394813216879,-0.37577673745324786,-0.11608014661131222,-0.3811374359635985,-0.3617637938919386,BENIGN
-0.4528839465777881,-0.2961293314994012,-0.007907332066251407,-0.009057247862054873,-0.05666156619817762,-0.007565914885138679,-0.297774330043816,-0.3158555467343715,-0.30940517183958693,-0.248784179546089,-0.4783154060648466,-0.6089112490599635,-0.5384795411297775,-0.4273802294383181,-0.053092233440963074,-0.23337801031515637,-0.04580429754640785,-0.14778889082566107,-0.21662792048756405,-0.05653159212790867,-0.2870263656891534,-0.08651194317701941,-0.1263191366769997,-0.20987012930454133,-0.10758114018756333,-0.32578748211559183,-0.08152452840587592,-0.2516745753495165,-0.22090083240092037,0.019987215007363016,-0.22618155779982402,0.0,-0.005633559196716718,0.0,0.0013135244428233498,0.0017020194421811634,-0.211414023347147,-0.170749973693638,-0.6579074030071375,-0.4985408037544615,-0.5934878883825014,-0.49520125564836365,-0.3142956936618339,-0.18209795288295783,-0.22618155779982402,-0.01649879159194664,1.536267778289156,-0.6732151073629691,-0.3359068273836544,-0.005633559196716718,-0.016534838152822313,-1.0068823215381135,-0.6090705317203753,-0.30940517183958693,-0.5384795411297773,0.0013135244428233498,0.0,0.0,0.0,0.0,0.0,0.0,-0.007907332066251407,-0.05673723422543055,-0.009057247862054873,-0.007565858504735328,0.06346000885382465,1.3862304184789853,-0.005945119961475596,0.0026981619193090496,-0.1333699160638301,-0.11088214743612193,-0.15845771476484105,-0.10711394813216879,-0.37577673745324786,-0.11608014661131222,-0.3811374359635985,-0.3617637938919386,BENIGN
-0.43379154244950474,-0.466129260255356,0.022303390633998027,0.04392679997038757,0.024465984474123088,0.028525667558417834,0.20858799885185675,-0.3158555467343715,-0.16567324368859015,0.0393472155370892,0.9424439427926576,-0.6089112490599635,1.8206677468260146,0.27556257055902394,-0.033576303107175104,-0.2308654825453606,-0.3083703880014562,-0.38697894811338895,-0.40002629686779784,-0.05653756365689933,-0.4573471871056786,-0.29082457313505,-0.3608437897700237,-0.39269104407512057,-0.12535696308519986,-0.36320653080236864,-0.21562405310521215,-0.25052000032638194,-0.288023714257557,-0.12345628447529625,-0.22618155779982402,0.0,-0.005633559196716718,0.0,0.0013495627107348947,0.0028716867304352705,-0.21055804600280698,-0.16173954912378943,-0.6579074030071375,0.8635794514616709,2.5576085473515047,0.7997251387336226,0.1103619427990692,-0.18209795288295783,-0.22618155779982402,-0.01649879159194664,1.536267778289156,-0.6732151073629691,-0.3359068273836544,-0.005633559196716718,-0.016534838152822313,1.8680858266881957,2.327428936979093,-0.16567324368859015,1.8206677468259396,0.0013495627107348947,0.0,0.0,0.0,0.0,0.0,0.0,0.022303390633998027,0.024500250616603162,0.04392679997038757,0.02852621463335331,3.9916153127595915,-0.23606353087026397,-1.4053002335057048e-05,0.0027085988983108584,-0.1333699160638301,-0.11088214743612193,-0.15845771476484105,-0.10711394813216879,-0.37577673745324786,-0.11608014661131222,-0.3811374359635985,-0.3617637938919386,BENIGN
-0.4543040427526191,-0.4709087330924414,-0.010424892291272192,-0.009057247862054873,-0.04192827410867947,-0.007389113917464534,-0.1946509314697625,1.0657614805627558,0.10480577226882969,-0.26045248447044883,-0.37430954212914536,2.382071785101459,-0.20333529534849673,-0.4273802294383181,0.05886782969455654,-0.1341879550550132,-0.3087797481691026,-0.38762434976080373,-0.40097901843648037,-0.056536568402067555,-0.46214125520387,-0.29144767024543977,-0.36172491824818215,-0.39364813975210244,-0.1253566319409581,-0.36753317105647504,-0.21586801539916178,-0.2516745753495165,-0.2906147995724255,-0.12346049035283267,-0.22618155779982402,0.0,-0.005633559196716718,0.0,0.001311731494171034,0.0017020194421811634,-0.1594150828917201,0.09271923716078269,2.625375424899869,-0.4014484949051455,-0.17419102433132228,-0.3935490653603284,-0.31147007248738745,-0.18209795288295783,-0.22618155779982402,-0.01649879159194664,-0.6509281872159266,-0.6732151073629691,-0.3359068273836544,-0.005633559196716718,-0.016534838152822313,0.4306017525750411,-0.12571746205137618,0.10480577226882969,-0.20333529534850722,0.001311731494171034,0.0,0.0,0.0,0.0,0.0,0.0,-0.010424892291272192,-0.04198397737402513,-0.009057247862054873,-0.007389055133307669,-0.49778332346049353,-0.24984597014156923,-0.007427886701260731,0.0027085988983108584,-0.1333699160638301,-0.11088214743612193,-0.15845771476484105,-0.10711394813216879,-0.37577673745324786,-0.11608014661131222,-0.3811374359635985,-0.3617637938919386,BENIGN
-0.43379154244950474,-0.46763345709103316,0.010974369621404488,0.0022964766734685084,-0.0005617232420115878,-0.002010027872661532,0.16628096353942456,-0.3158555467343715,-0.16164571225612218,0.03205762393984464,0.21489348894055862,-0.6089112490599635,0.9660561498145473,0.3127179132211803,-0.048557037280463934,-0.23197400534732449,-0.30802256397511696,-0.38635968550596617,-0.39955532825938983,-0.05653723190528874,-0.45885422327033754,-0.2908068207540315,-0.3603269001990498,-0.39219229558378227,-0.12535685270378594,-0.3649633403991668,-0.21523215052943195,-0.2495609605219461,-0.2885333906772951,-0.12346071769756438,-0.22618155779982402,0.0,-0.005633559196716718,0.0,0.001336653480438222,0.0019567469849565023,-0.21056691925290721,-0.16758342590305914,-0.6579074030071375,0.16460909212411923,0.6880694525262635,0.437418942673502,-0.09344264264755761,-0.18209795288295783,-0.22618155779982402,-0.01649879159194664,1.536267778289156,-0.6732151073629691,-0.3359068273836544,-0.005633559196716718,-0.016534838152822313,-1.0068823215381135,0.6068987946364848,-0.16164571225612218,0.9660561498144994,0.001336653480438222,0.0,0.0,0.0,0.0,0.0,0.0,0.010974369621404488,-0.0005613715989252826,0.0022964766734685084,-0.002009895955437861,3.9916153127595915,-0.2106276470118388,-0.0014968197421201918,0.0027085988983108584,-0.1333699160638301,-0.11088214743612193,-0.15845771476484105,-0.10711394813216879,-0.37577673745324786,-0.11608014661131222,-0.3811374359635985,-0.3617637938919386,BENIGN
-0.4543040427526191,-0.4700343195197195,-0.010424892291272192,-0.009057247862054873,-0.04948380851355032,-0.0074833521691021684,-0.24753472561030274,0.4078486104212667,-0.09974284210569705,-0.26045248447044883,-0.42974662998166535,0.7878213942512667,-0.3819735018262549,-0.4273802294383181,-0.05274516964497804,-0.23274619524326953,-0.30658694345437315,-0.3855210591120051,-0.3997795804859278,-0.056536568402067555,-0.46214125520387,-0.29144767024543977,-0.36172491824818215,-0.39364813975210244,-0.1253566319409581,-0.36753317105647504,-0.21586801539916178,-0.2516745753495165,-0.2906147995724255,-0.12346049035283267,-0.22618155779982402,0.0,-0.005633559196716718,0.0,0.0013106557249796447,0.0016864238783377752,-0.2110836383777449,-0.16906751276114285,1.0619074116108185,-0.4547078682059839,-0.39155767774095035,-0.4540490327018142,-0.3137780201577633,-0.18209795288295783,-0.22618155779982402,-0.01649879159194664,-0.6509281872159266,-0.6732151073629691,-0.3359068273836544,-0.005633559196716718,-0.016534838152822313,0.4306017525750411,-0.37607698616136676,-0.09974284210569705,-0.38197350182625966,0.0013106557249796447,0.0,0.0,0.0,0.0,0.0,0.0,-0.010424892291272192,-0.0495497501183356,-0.009057247862054873,-0.00748329466619128,-0.49778332346049353,-0.24984597014156923,-0.007427886701260731,0.0026981619193090496,-0.1333699160638301,-0.11088214743612193,-0.15845771476484105,-0.10711394813216879,-0.37577673745324786,-0.11608014661131222,-0.3811374359635985,-0.3617637938919386,BENIGN
-0.43379154244950474,-0.4587262061079577,-0.00035465139118904865,-0.006218816728174027,0.00482159502145889,-0.007059280036732815,0.25089503416428893,-0.3158555467343715,0.014293010408101587,0.1869933002538643,0.050054006476428284,-0.6089112490599635,-0.15432835374840378,0.10611006360765195,-0.052927716160589416,-0.2332104379803574,-0.30224430936334357,-0.379750592695351,-0.3912034122626215,-0.05653623665045696,-0.4499301589186493,-0.28668441172104625,-0.3538786194808435,-0.38389593985299053,-0.1253565215595442,-0.35652018764358284,-0.20700792329147444,-0.2320721602253395,-0.2754511802981296,-0.12341161123551736,-0.22618155779982402,0.0,-0.005633559196716718,0.0,0.0013237442501415491,0.0017696002188358451,-0.21129689164969462,-0.17045324073776494,-0.6579074030071375,0.006244937884458151,-0.23018178440396125,-0.07861306085856007,-0.26971559987971516,-0.18209795288295783,-0.22618155779982402,-0.01649879159194664,1.536267778289156,-0.6732151073629691,-0.3359068273836544,-0.005633559196716718,-0.016534838152822313,-1.0068823215381135,-0.2524891054735448,0.014293010408101587,-0.15432835374841586,0.0013237442501415491,0.0,0.0,0.0,0.0,0.0,0.0,-0.00035465139118904865,0.00482924148139593,-0.006218816728174027,-0.0070592167682150325,3.9916153127595915,-0.14081903184091862,-0.0014968197421201918,0.0027085988983108584,-0.1333699160638301,-0.11088214743612193,-0.15845771476484105,-0.10711394813216879,-0.37577673745324786,-0.11608014661131222,-0.3811374359635985,-0.3617637938919386,BENIGN
0.5406048181030504,-0.47091426771483436,-0.010424892291272192,-0.010949535284642103,-0.05666156619817762,-0.007565914885138679,-0.297774330043816,-0.2171686162131481,-0.2940640257614974,-0.26045248447044883,-0.4783154060648466,-0.6089112490599635,-0.5384795411297775,-0.4273802294383181,0.059813438955306886,2.234089410081647,-0.3087930581691519,-0.38763732123650385,-0.4009863767126637,-0.05653623665045696,-0.4621412267676158,-0.29144757040909586,-0.36172491824818215,-0.3936481009420105,-0.1253565215595442,-0.3675332702981718,-0.21586833477287287,-0.2516745753495165,-0.29061496530288927,-0.12346083136993022,-0.22618155779982402,0.0,-0.005633559196716718,0.0,0.0013106557249796447,0.0016604312719321283,2.3756971078636586,-0.1707584879374633,-0.4233872010137798,-0.4985408037544615,-0.5800258743388937,-0.4996311998694753,-0.3143006297619917,-0.18209795288295783,-0.22618155779982402,-0.01649879159194664,-0.6509281872159266,1.4854093276621052,-0.3359068273836544,-0.005633559196716718,-0.016534838152822313,-1.0068823215381135,-0.5888102234108963,-0.2940640257614974,-0.5384795411297773,0.0013106557249796447,0.0,0.0,0.0,0.0,0.0,0.0,-0.010424892291272192,-0.05673723422543055,-0.010949535284642103,-0.007565858504735328,-0.4730538174229653,-0.24984597014156923,-0.007427886701260731,0.0026981619193090496,-0.1333699160638301,-0.11088214743612193,-0.15845771476484105,-0.10711394813216879,-0.37577673745324786,-0.11608014661131222,-0.3811374359635985,-0.3617637938919386,BENIGN
-0.36988721458211,-0.47091299049428215,-0.010424892291272192,-0.010949535284642103,-0.0574171196386647,-0.007565914885138679,-0.30306270945787,-0.282959903227297,-0.3145188871989501,-0.26045248447044883,-0.4783154060648466,-0.6089112490599635,-0.5384795411297775,-0.4273802294383181,-0.0500200415883162,-0.03195651414391866,-0.3087834493455869,-0.38763732123650385,-0.40098462474214386,-0.0565213078279803,-0.4621399471361761,-0.291443077773621,-0.36172491824818215,-0.39364635448787383,-0.1253515543959178,-0.3675332702981718,-0.21586833477287287,-0.2516745753495165,-0.29061496530288927,-0.12346083136993022,-0.22618155779982402,0.0,-0.005633559196716718,0.0,0.0013110143147101077,0.0016604312719321283,-0.00022436448010751682,-0.1707584879374633,-0.5797340023426849,-0.5004260913049337,-0.5925904207787567,-0.4996311998694753,-0.3143006297619917,-0.18209795288295783,-0.22618155779982402,-0.01649879159194664,1.536267778289156,-0.6732151073629691,-0.3359068273836544,-0.005633559196716718,-0.016534838152822313,-1.0068823215381135,-0.6061762019618783,-0.3145188871989501,-0.5384795411297773,0.0013110143147101077,0.0,0.0,0.0,0.0,0.0,0.0,-0.010424892291272192,-0.057493811499861595,-0.010949535284642103,-0.007565858504735328,-0.4275679669827471,-0.24984597014156923,-0.007427886701260731,0.0027016409123096527,-0.1333699160638301,-0.11088214743612193,-0.15845771476484105,-0.10711394813216879,-0.37577673745324786,-0.11608014661131222,-0.3811374359635985,-0.3617637938919386,BENIGN
2.445584942406893,-0.4709142960975133,-0.010424892291272192,-0.010949535284642103,-0.05430046169665548,-0.007565914885138679,-0.2647219587059783,-0.2171686162131481,-0.23014258376945784,-0.20090791524218596,-0.4783154060648466,-0.6089112490599635,-0.5384795411297775,-0.4273802294383181,0.40982125072948905,3.0565801531121055,-0.3087932716985645,-0.38763732123650385,-0.4009864156453419,-0.056536568402067555,-0.46214125520387,-0.29144767024543977,-0.36172491824818215,-0.39364813975210244,-0.1253566319409581,-0.3675332702981718,-0.21586833477287287,-0.2516745753495165,-0.29061496530288927,-0.12346083136993022,4.421226954697268,0.0,-0.005633559196716718,0.0,0.0013106557249796447,0.0016604312719321283,3.2380686054042016,-0.1707584879374633,-0.4233872010137798,-0.48675775656401055,-0.5276735974956612,-0.47779128033125295,-0.31418065510539284,-0.18209795288295783,4.421226954697268,-0.01649879159194664,-0.6509281872159266,1.4854093276621052,-0.3359068273836544,-0.005633559196716718,-0.016534838152822313,-1.0068823215381135,-0.5164519794484713,-0.23014258376945784,-0.5384795411297773,0.0013106557249796447,0.0,0.0,0.0,0.0,0.0,0.0,-0.010424892291272192,-0.054372930242833524,-0.010949535284642103,-0.007565858504735328,-0.4892889778963564,-0.24984597014156923,-0.007427886701260731,0.0026981619193090496,-0.1333699160638301,-0.11088214743612193,-0.15845771476484105,-0.10711394813216879,-0.37577673745324786,-0.11608014661131222,-0.3811374359635985,-0.3617637938919386,BENIGN
2.9287332187771713,-0.47091304725964,-0.010424892291272192,-0.010003391573348487,-0.05430046169665548,-0.007563412984652724,-0.2567893895848973,-0.3158555467343715,-0.23014258376945784,-0.17232652201430396,-0.47537184387798714,-0.5242607858289798,-0.5289943266265337,-0.4273802294383181,-0.018660058079398762,0.08161363619838886,-0.3087888943456071,-0.3876340602723713,-0.4009848583382131,-0.05653623665045696,-0.46214000400868455,-0.29144327744630877,-0.36172491824818215,-0.3936464321080577,-0.12535177515874563,-0.3675332702981718,-0.21586833477287287,-0.2516745753495165,-0.29061496530288927,-0.12346083136993022,4.421226954697268,0.0,-0.005633559196716718,0.0,0.001311731494171034,0.0016734275751349517,0.008762572534277766,0.3870294620045697,-0.6579074030071375,-0.48392982523830236,-0.5360499617993736,-0.46969855633014007,-0.3140752693670003,-0.18209795288295783,4.421226954697268,-0.01649879159194664,-0.6509281872159266,1.4854093276621052,-0.3359068273836544,-0.005633559196716718,-0.016534838152822313,-1.0068823215381135,-0.5376770643440195,-0.23014258376945784,-0.5289943266265338,0.001311731494171034,0.0,0.0,0.0,0.0,0.0,0.0,-0.010424892291272192,-0.054372930242833524,-0.010003391573348487,-0.007563356570233993,-0.4899055029776244,-0.24973391778977,-0.008910653441045866,0.0027085988983108584,-0.1333699160638301,-0.11088214743612193,-0.15845771476484105,-0.10711394813216879,-0.37577673745324786,-0.11608014661131222,-0.3811374359635985,-0.3617637938919386,BENIGN
-0.4543040427526191,-0.47091018060906725,-0.010424892291272192,-0.009057247862054873,-0.05005047359391563,-0.0074600010978999225,-0.25150101017084325,0.35850514516065496,-0.11508398818378655,-0.26045248447044883,-0.41601000644298786,1.1828568893291904,-0.33770916747778384,-0.4273802294383181,0.03234987917209563,-0.10000594128005595,-0.3087833781691167,-0.38762783084125785,-0.4009810040030695,-0.05653690015367815,-0.46214128364012425,-0.29144777008178363,-0.36172491824818215,-0.39364817856219436,-0.125356742322372,-0.3675331379759095,-0.21586790894125807,-0.2516745753495165,-0.2906147443289375,-0.12346037668046682,-0.22618155779982402,0.0,-0.005633559196716718,0.0,0.001311731494171034,0.0017020194421811634,-0.14149537095861436,0.18351223693360866,0.9446473106141396,-0.4415108553526788,-0.36203099360727253,-0.42835726573928834,-0.31302287087509145,-0.18209795288295783,-0.22618155779982402,-0.01649879159194664,-0.6509281872159266,-0.6732151073629691,-0.3359068273836544,-0.005633559196716718,-0.016534838152822313,0.4306017525750411,-0.342068611499027,-0.11508398818378655,-0.33770916747779,0.001311731494171034,0.0,0.0,0.0,0.0,0.0,0.0,-0.010424892291272192,-0.05011718307415888,-0.009057247862054873,-0.007459943277512155,-0.49778332346049353,-0.24984597014156923,-0.007427886701260731,0.0027085988983108584,-0.1333699160638301,-0.11088214743612193,-0.15845771476484105,-0.10711394813216879,-0.37577673745324786,-0.11608014661131222,-0.3811374359635985,-0.3617637938919386,BENIGN
-0.4543040427526191,-0.47090958457280957,-0.010424892291272192,-0.009057247862054873,-0.05005047359391563,-0.007518378775905536,-0.25150101017084325,0.35850514516065496,-0.11508398818378655,-0.26045248447044883,-0.4503515652896817,0.1952681516343812,-0.4483700033489615,-0.4273802294383181,-0.009444326164417052,-0.11657939942706982,-0.3087818834632288,-0.3876265001334096,-0.40098022534950517,-0.056536568402067555,-0.46214125520387,-0.29144767024543977,-0.36172491824818215,-0.39364813975210244,-0.1253566319409581,-0.3675331379759095,-0.21586790894125807,-0.2516745753495165,-0.2906147443289375,-0.12346037668046682,-0.22618155779982402,0.0,-0.005633559196716718,0.0,0.0013106557249796447,0.0016864238783377752,-0.15018390512003865,0.1394904310536262,0.9446473106141396,-0.47450338748594156,-0.4499828186863128,-0.4863709330559644,-0.31425640230457597,-0.18209795288295783,-0.22618155779982402,-0.01649879159194664,-0.6509281872159266,-0.6732151073629691,-0.3359068273836544,-0.005633559196716718,-0.016534838152822313,0.4306017525750411,-0.443370153046422,-0.11508398818378655,-0.4483700033489641,0.0013106557249796447,0.0,0.0,0.0,0.0,0.0,0.0,-0.010424892291272192,-0.05011718307415888,-0.009057247862054873,-0.007518321749209967,-0.49778332346049353,-0.24984597014156923,-0.007427886701260731,0.0026981619193090496,-0.1333699160638301,-0.11088214743612193,-0.15845771476484105,-0.10711394813216879,-0.37577673745324786,-0.11608014661131222,-0.3811374359635985,-0.3617637938919386,BENIGN
-0.4543040427526191,0.5830367505145659,-0.010424892291272192,-0.009057247862054873,-0.04721714819208906,-0.007460835064728574,-0.22505911310057314,0.5229833626960273,-0.03837825779333903,-0.2366346567791437,-0.40717931988240946,0.900688678559245,-0.3392900365616578,-0.39688261928452756,-0.053091937860948436,-0.23338228692823204,2.3389708034187273,2.131060208686012,1.039522561637541,-0.0364642689547836,0.5928436908824773,3.412480388439346,-0.36172491824818215,1.0462061542643433,3.9697934933375225,0.8597557130978423,3.7337198924415,-0.2516745753495165,1.758918437285854,4.093783941648803,-0.22618155779982402,0.0,-0.005633559196716718,0.0,0.0013111936095753394,0.0017020194421811634,-0.21141710555878465,-0.17075707595308529,1.3355143139364023,-0.43302706137555413,-0.3318760821516016,-0.43914447911591953,-0.31338037615586833,-0.18209795288295783,-0.22618155779982402,-0.01649879159194664,-0.6509281872159266,-0.6732151073629691,-0.3359068273836544,-0.005633559196716718,-0.016534838152822313,0.4306017525750411,-0.307336654397063,-0.03837825779333903,-0.33929003656166395,0.0013111936095753394,0.0,0.0,0.0,0.0,0.0,0.0,-0.010424892291272192,-0.047280018295042456,-0.009057247862054873,-0.007460777255679267,-0.49778332346049353,-0.24984597014156923,-0.007427886701260731,0.0026981619193090496,-0.04525080608899949,-0.11088214743612193,-0.10272022580315213,-0.008110150620011278,1.1132660533874192,-0.11608014661131222,1.0631903630445085,1.1434376124418293,BENIGN
-0.40207606121161255,-0.47091296211160316,-0.010424892291272192,-0.009057247862054873,-0.0574171196386647,-0.007560911084166769,-0.30306270945787,-0.282959903227297,-0.3145188871989501,-0.26045248447044883,-0.47537184387798714,-0.5242607858289798,-0.5289943266265337,-0.4273802294383181,-0.04104902723338215,0.16141273805942652,-0.30879035346325884,-0.3876341125030414,-0.40098466367482205,-0.05653723190528874,-0.46214131207637843,-0.29144786991812754,-0.36172491824818215,-0.3936482173722863,-0.12535685270378594,-0.3675332372176062,-0.21586822831496918,-0.2516745753495165,-0.2906149100594013,-0.12346071769756438,-0.22618155779982402,0.0,-0.005633559196716718,0.0,0.0013110143147101077,0.0016864238783377752,-0.004448224872211789,0.8778828579535564,-0.5797340023426849,-0.4985408037544615,-0.5875646022028115,-0.4963161331660976,-0.31429786554590317,-0.18209795288295783,-0.22618155779982402,-0.01649879159194664,1.536267778289156,-0.6732151073629691,-0.3359068273836544,-0.005633559196716718,-0.016534838152822313,0.4306017525750411,-0.6018347073241328,-0.3145188871989501,-0.5289943266265338,0.0013110143147101077,0.0,0.0,0.0,0.0,0.0,0.0,-0.010424892291272192,-0.057493811499861595,-0.009057247862054873,-0.007560854635732658,-0.4275679669827471,-0.24973391778977,-0.007427886701260731,0.0027016409123096527,-0.1333699160638301,-0.11088214743612193,-0.15845771476484105,-0.10711394813216879,-0.37577673745324786,-0.11608014661131222,-0.3811374359635985,-0.3617637938919386,BENIGN
-0.43379154244950474,-0.21562958278043817,-0.0091661121787618,-0.010949535284642103,-0.05779489635890824,-0.007565914885138679,-0.305706899164897,-0.3158555467343715,-0.32474631791767644,-0.26045248447044883,-0.4783154060648466,-0.6089112490599635,-0.5384795411297775,-0.4273802294383181,-0.05309230677830024,-0.2333811725081882,0.6514891739228958,-0.13626205478865383,-0.16737590231130378,0.9367310712277525,-0.2063746652680297,0.15753538703622694,-0.15212100433746542,-0.1607731896532721,0.20512642514891236,-0.3675332702981718,-0.21586833477287287,-0.2516745753495165,-0.29061496530288927,-0.12346083136993022,-0.22618155779982402,0.0,-0.005633559196716718,0.0,0.001312986558227655,0.0016604312719321283,-0.21141565842121737,-0.1707584879374633,-0.6579074030071375,-0.5013687350801698,-0.5988726939986881,-0.4996311998694753,-0.3143006297619917,-0.18209795288295783,-0.22618155779982402,-0.01649879159194664,1.536267778289156,-0.6732151073629691,-0.3359068273836544,-0.005633559196716718,-0.016534838152822313,-1.0068823215381135,-0.6148591912373693,-0.32474631791767644,-0.5384795411297773,0.001312986558227655,0.0,0.0,0.0,0.0,0.0,0.0,-0.0091661121787618,-0.05787210013707712,-0.010949535284642103,-0.007565858504735328,0.06346000885382465,-0.24984597014156923,-0.008910653441045866,0.0027051199053102553,4.226948077111713,-0.11088214743612193,2.5995498965636528,4.7918011658342685,-0.13429528753303765,-0.11608014661131222,-0.14690751778399117,-0.11766186461278787,BENIGN
-0.4543040427526191,-0.4709086479444046,-0.010424892291272192,-0.009057247862054873,-0.050994915394524484,-0.007482518202273516,-0.2581114844384108,0.2762660363929688,-0.14065256498060238,-0.26045248447044883,-0.42925603628385545,0.8019298047897641,-0.38039263274238094,-0.4273802294383181,-0.002415140376417046,-0.13566114609651647,-0.30877953463969005,-0.38762434976080373,-0.4009789795038022,-0.05653623665045696,-0.4621412267676158,-0.29144757040909586,-0.36172491824818215,-0.3936481009420105,-0.1253565215595442,-0.3675331379759095,-0.21586790894125807,-0.2516745753495165,-0.2906147443289375,-0.12346037668046682,-0.22618155779982402,0.0,-0.005633559196716718,0.0,0.0013124486736319602,0.001712416484743422,-0.1601873942978908,0.08880620163952173,0.7492138089530083,-0.45423654631836585,-0.40537867882479955,-0.44659013261497754,-0.3135929904433406,-0.18209795288295783,-0.22618155779982402,-0.01649879159194664,-0.6509281872159266,-0.6732151073629691,-0.3359068273836544,-0.005633559196716718,-0.016534838152822313,0.4306017525750411,-0.39199579983310023,-0.14065256498060238,-0.3803926327423857,0.0013124486736319602,0.0,0.0,0.0,0.0,0.0,0.0,-0.010424892291272192,-0.05106290466719769,-0.009057247862054873,-0.007482460688024168,-0.49778332346049353,-0.24984597014156923,-0.007427886701260731,0.002715556884312064,-0.1333699160638301,-0.11088214743612193,-0.15845771476484105,-0.10711394813216879,-0.37577673745324786,-0.11608014661131222,-0.3811374359635985,-0.3617637938919386,BENIGN
-0.4528839465777881,1.6750203598421323,0.0021629088338317374,-0.0005419544604123369,-0.011517248129074314,-0.006825769324710359,0.2627938878459105,-0.3158555467343715,-0.11593627407718422,0.15239888397690568,0.23795139273762447,-0.6089112490599635,-0.2833847571410814,0.07262670346237385,-0.05309117932160741,-0.2333813172871183,0.42504063014159743,0.16354757968144656,-0.011378344861182152,-0.05649808521523883,1.6878440770283702,0.39476529572945324,0.08046800758650469,-0.003827855801729767,-0.121271636574616,2.0115124696125237,0.54974197978854,0.4428438493678911,0.2642620629724658,-0.12344162074010165,-0.22618155779982402,0.0,-0.005633559196716718,0.0,0.0013201583528369178,0.0018657728625367383,-0.21141656301251832,-0.1707546737982134,-0.6579074030071375,0.18676122084216706,-0.3024279264331729,-0.03180710364944077,-0.25925122567284015,-0.18209795288295783,-0.22618155779982402,-0.01649879159194664,1.536267778289156,-0.6732151073629691,-0.3359068273836544,-0.005633559196716718,-0.016534838152822313,-1.0068823215381135,-0.3298306302374553,-0.11593627407718422,-0.28338475714108935,0.0013201583528369178,0.0,0.0,0.0,0.0,0.0,0.0,0.0021629088338317374,-0.011531742078175469,-0.0005419544604123369,-0.006825702881423785,0.06346000885382465,-0.1437323929876986,0.007399780696590617,0.0026981619193090496,0.26391391234584016,1.3871959081129415,1.396545178150068,-0.046972417708302766,0.026708993513800048,-0.1152501604819502,0.00950358002051776,0.044943782198757276,BENIGN
2.2136884966724546,-0.4709082222042205,-0.010424892291272192,-0.010949535284642103,-0.05666156619817762,-0.007565914885138679,-0.297774330043816,-0.2171686162131481,-0.2940640257614974,-0.26045248447044883,-0.4783154060648466,-0.6089112490599635,-0.5384795411297775,-0.4273802294383181,-0.051011094875395686,-0.18789945946251096,-0.3087475764042773,-0.38763732123650385,-0.40097808405220314,-0.056465573557400776,-0.4621351698454679,-0.291426305267848,-0.36172491824818215,-0.39363983439243033,-0.1253330103183793,-0.3675332702981718,-0.21586833477287287,-0.2516745753495165,-0.29061496530288927,-0.12346083136993022,-0.22618155779982402,0.0,-0.005633559196716718,0.0,0.0013106557249796447,0.0016604312719321283,-0.1637286378410265,-0.1707584879374633,-0.4233872010137798,-0.4985408037544615,-0.5800258743388937,-0.4996311998694753,-0.3143006297619917,-0.18209795288295783,-0.22618155779982402,-0.01649879159194664,-0.6509281872159266,1.4854093276621052,-0.3359068273836544,-0.005633559196716718,-0.016534838152822313,-1.0068823215381135,-0.5888102234108963,-0.2940640257614974,-0.5384795411297773,0.0013106557249796447,0.0,0.0,0.0,0.0,0.0,0.0,-0.010424892291272192,-0.05673723422543055,-0.010949535284642103,-0.007565858504735328,-0.435171776318386,-0.24984597014156923,-0.007427886701260731,0.0026981619193090496,-0.1333699160638301,-0.11088214743612193,-0.15845771476484105,-0.10711394813216879,-0.37577673745324786,-0.11608014661131222,-0.3811374359635985,-0.3617637938919386,BENIGN
-0.4543040427526191,-0.4695563268237247,-0.011683672403782586,-0.010003391573348487,-0.053072687355863964,-0.007512541008104975,-0.2396021564892217,0.5065355409424901,-0.06906054994951805,-0.26045248447044883,-0.41551941274517795,1.1969652998676876,-0.3361282983939099,-0.4273802294383181,-0.05295229937472625,-0.2331765426235368,-0.29857695695477976,-0.38763732123650385,-0.3991236816559824,-0.04066391259327308,-0.46214134051263267,-0.2914479697544714,-0.36172491824818215,-0.3936482561823782,-0.12535696308519986,-0.3675332702981718,-0.21586833477287287,-0.2516745753495165,-0.29061496530288927,-0.12346083136993022,-0.22618155779982402,0.0,-0.005633559196716718,0.0,0.0013102971352491814,0.001681225357056646,-0.21130924536360682,-0.17021058554560348,1.2964276136041761,-0.4410395334650608,-0.36014631164129307,-0.4314906509065902,-0.3131327484646086,-0.18209795288295783,-0.22618155779982402,-0.01649879159194664,-0.6509281872159266,-0.6732151073629691,-0.3359068273836544,-0.005633559196716718,-0.016534838152822313,0.4306017525750411,-0.28490559876871124,-0.06906054994951805,-0.3361282983939161,0.0013102971352491814,0.0,0.0,0.0,0.0,0.0,0.0,-0.011683672403782586,-0.05314349217188308,-0.010003391573348487,-0.007512483902040186,-0.49778332346049353,-0.24984597014156923,-0.008910653441045866,0.0027085988983108584,-0.1333699160638301,-0.11088214743612193,-0.15845771476484105,-0.10711394813216879,-0.37577673745324786,-0.11608014661131222,-0.3811374359635985,-0.3617637938919386,BENIGN
-0.4528839465777881,-0.4709122809273087,-0.010424892291272192,-0.010949535284642103,-0.05666156619817762,-0.007565914885138679,-0.297774330043816,-0.2171686162131481,-0.2940640257614974,-0.26045248447044883,-0.4783154060648466,-0.6089112490599635,-0.5384795411297775,-0.4273802294383181,-0.04698929349540257,-0.10000594129472755,-0.308778111110273,-0.38763732123650385,-0.4009836514251884,-0.05651301403771549,-0.4621392362298207,-0.2914405818650238,-0.36172491824818215,-0.3936453842355757,-0.1253487948605698,-0.3675332702981718,-0.21586833477287287,-0.2516745753495165,-0.29061496530288927,-0.12346083136993022,-0.22618155779982402,0.0,-0.005633559196716718,0.0,0.0013106557249796447,0.0016604312719321283,-0.07157335764032108,-0.1707584879374633,-0.4233872010137798,-0.4985408037544615,-0.5800258743388937,-0.4996311998694753,-0.3143006297619917,-0.18209795288295783,-0.22618155779982402,-0.01649879159194664,-0.6509281872159266,1.4854093276621052,-0.3359068273836544,-0.005633559196716718,-0.016534838152822313,-1.0068823215381135,-0.5888102234108963,-0.2940640257614974,-0.5384795411297773,0.0013106557249796447,0.0,0.0,0.0,0.0,0.0,0.0,-0.010424892291272192,-0.05673723422543055,-0.010949535284642103,-0.007565858504735328,-0.48052062118498906,-0.24984597014156923,-0.007427886701260731,0.0026981619193090496,-0.1333699160638301,-0.11088214743612193,-0.15845771476484105,-0.10711394813216879,-0.37577673745324786,-0.11608014661131222,-0.3811374359635985,-0.3617637938919386,BENIGN
-0.4528839465777881,-0.46823920022492793,-0.011683672403782586,-0.010003391573348487,-0.05779489635890824,-0.007565914885138679,-0.305706899164897,-0.3158555467343715,-0.32474631791767644,-0.26045248447044883,-0.4783154060648466,-0.6089112490599635,-0.5384795411297775,-0.4273802294383181,-0.05309230677830024,-0.23327810265362064,-0.28866791103566436,-0.38763732123650385,-0.3973169717905792,-0.025268647352121105,-0.46214134051263267,-0.2914479697544714,-0.36172491824818215,-0.3936482561823782,-0.12535696308519986,-0.3675332702981718,-0.21586833477287287,-0.2516745753495165,-0.29061496530288927,-0.12346083136993022,-0.22618155779982402,0.0,-0.005633559196716718,0.0,0.0013102971352491814,0.001681225357056646,-0.21136248758911258,-0.17048034553874938,-0.6579074030071375,-0.5013687350801698,-0.5988726939986881,-0.4996311998694753,-0.3143006297619917,-0.18209795288295783,-0.22618155779982402,-0.01649879159194664,-0.6509281872159266,1.4854093276621052,2.977016001100374,-0.005633559196716718,-0.016534838152822313,0.4306017525750411,-0.6148591912373693,-0.32474631791767644,-0.5384795411297773,0.0013102971352491814,0.0,0.0,0.0,0.0,0.0,0.0,-0.011683672403782586,-0.05787210013707712,-0.010003391573348487,-0.007565858504735328,-0.4741498620118862,-0.223401615116951,-0.008910653441045866,0.0027085988983108584,-0.1333699160638301,-0.11088214743612193,-0.15845771476484105,-0.10711394813216879,-0.37577673745324786,-0.11608014661131222,-0.3811374359635985,-0.3617637938919386,BENIGN
2.2918463824427824,-0.47054708099741344,0.0034216889463421305,-0.010003391573348487,2.1484211498633785,-0.007565914885138679,3.55481007309454,-0.3158555467343715,8.864206820531349,3.304999807321846,-0.4783154060648466,-0.6089112490599635,-0.5384795411297775,-0.4273802294383181,0.01484366467921009,-0.22804403307497942,-0.3085813519692633,-0.38738993435242686,-0.4007099936299912,-0.05650438849584009,-0.46177334694682987,-0.29134030457725174,-0.3615116174153036,-0.3933725880994293,-0.1253358802351412,-0.3675332702981718,-0.21586833477287287,-0.2516745753495165,-0.29061496530288927,-0.12346083136993022,-0.22618155779982402,0.0,-0.005633559196716718,0.0,0.0013205169425673808,0.0016734275751349517,-0.20621956515474388,-0.16873267589445295,-0.6579074030071375,0.8748911767645039,4.292924052207554,1.2650540694933867,0.4689882632736902,-0.18209795288295783,-0.22618155779982402,-0.01649879159194664,-0.6509281872159266,1.4854093276621052,-0.3359068273836544,-0.005633559196716718,-0.016534838152822313,-1.0068823215381135,4.214536749895196,8.864206820531349,-0.5384795411297773,0.0013205169425673808,0.0,0.0,0.0,0.0,0.0,0.0,0.0034216889463421305,2.151333541201581,-0.010003391573348487,-0.007565858504735328,-0.42825299485082274,-0.24973391778977,0.007399780696590617,0.0026981619193090496,-0.1333699160638301,-0.11088214743612193,-0.15845771476484105,-0.10711394813216879,-0.37577673745324786,-0.11608014661131222,-0.3811374359635985,-0.3617637938919386,BENIGN
-0.4543040427526191,-0.4691758286298819,-0.010424892291272192,-0.009057247862054873,-0.05193935719513334,-0.007389113917464534,-0.2647219587059783,0.19402692762528267,-0.16622114177741823,-0.26045248447044883,-0.37430954212914536,2.382071785101459,-0.20333529534849673,-0.4273802294383181,-0.05279370210254283,-0.23306055747485283,-0.3044340687412154,-0.38345617085692685,-0.398602022700534,-0.056536568402067555,-0.46214125520387,-0.29144767024543977,-0.36172491824818215,-0.39364813975210244,-0.1253566319409581,-0.3675331379759095,-0.21586790894125807,-0.2516745753495165,-0.2906147443289375,-0.12346037668046682,-0.22618155779982402,0.0,-0.005633559196716718,0.0,0.0013106557249796447,0.0016864238783377752,-0.21124844085777486,-0.16990251008631063,0.5537803072918769,-0.4014484949051455,-0.2740791685282322,-0.34962443154027073,-0.3086407245573218,-0.18209795288295783,-0.22618155779982402,-0.01649879159194664,-0.6509281872159266,-0.6732151073629691,-0.3359068273836544,-0.005633559196716718,-0.016534838152822313,0.4306017525750411,-0.24076706995163197,-0.16622114177741823,-0.20333529534850722,0.0013106557249796447,0.0,0.0,0.0,0.0,0.0,0.0,-0.010424892291272192,-0.0520086262602365,-0.009057247862054873,-0.007389055133307669,-0.49778332346049353,-0.24984597014156923,-0.007427886701260731,0.0026981619193090496,-0.1333699160638301,-0.11088214743612193,-0.15845771476484105,-0.10711394813216879,-0.37577673745324786,-0.11608014661131222,-0.3811374359635985,-0.3617637938919386,BENIGN
-0.43379154244950474,-0.43028877698228735,-0.0016134315036994418,-0.002434241882999567,0.07064918852389614,-0.007120993582053036,1.0785264124637437,-0.3158555467343715,0.4479928918848276,0.8988305125588345,-0.026969204079727856,-0.6089112490599635,-0.3510587285602365,-0.0839759564209344,-0.05302849246266671,-0.23332075900870936,-0.2908153386562136,-0.3767260108435374,-0.3897573747282336,-0.056536568402067555,-0.4231464491806273,-0.2743346601421183,-0.34896200258883225,-0.38012522894166484,-0.1253515543959178,-0.3221657556336468,-0.19761845595040833,-0.22861542563711904,-0.27135410225851797,-0.12346049035283267,-0.22618155779982402,0.0,-0.005633559196716718,0.0,0.0013174689298584442,0.0017825965220386686,-0.2113848499227441,-0.17059364777038705,-0.6579074030071375,-0.007894718744083018,-0.19763382283696712,-0.034358047788052334,-0.25984993400326667,-0.18209795288295783,-0.22618155779982402,-0.01649879159194664,1.536267778289156,-0.6732151073629691,-0.3359068273836544,-0.005633559196716718,-0.016534838152822313,0.4306017525750411,-0.22460706222983473,0.4479928918848276,-0.3510587285602423,0.0013174689298584442,0.0,0.0,0.0,0.0,0.0,0.0,-0.0016134315036994418,0.07074603651620093,-0.002434241882999567,-0.00712093115258129,0.06346000885382465,0.39344658153780915,-0.0029795864819053266,0.0026981619193090496,-0.1333699160638301,-0.11088214743612193,-0.15845771476484105,-0.10711394813216879,-0.37577673745324786,-0.11608014661131222,-0.3811374359635985,-0.3617637938919386,BENIGN
-0.43379154244950474,-0.46821314492566285,-0.011683672403782586,-0.010003391573348487,-0.05779489635890824,-0.007565914885138679,-0.305706899164897,-0.3158555467343715,-0.32474631791767644,-0.26045248447044883,-0.4783154060648466,-0.6089112490599635,-0.5384795411297775,-0.4273802294383181,-0.05309230677830024,-0.23327911271080434,-0.28847189103493714,-0.38763732123650385,-0.39728123159197465,-0.02496409937359726,-0.46214134051263267,-0.2914479697544714,-0.36172491824818215,-0.3936482561823782,-0.12535696308519986,-0.3675332702981718,-0.21586833477287287,-0.2516745753495165,-0.29061496530288927,-0.12346083136993022,-0.22618155779982402,0.0,-0.005633559196716718,0.0,0.0013102971352491814,0.001681225357056646,-0.21136301710542235,-0.17048302841525825,-0.6579074030071375,-0.5013687350801698,-0.5988726939986881,-0.4996311998694753,-0.3143006297619917,-0.18209795288295783,-0.22618155779982402,-0.01649879159194664,-0.6509281872159266,1.4854093276621052,2.977016001100374,-0.005633559196716718,-0.016534838152822313,0.4306017525750411,-0.6148591912373693,-0.32474631791767644,-0.5384795411297773,0.0013102971352491814,0.0,0.0,0.0,0.0,0.0,0.0,-0.011683672403782586,-0.05787210013707712,-0.010003391573348487,-0.007565858504735328,-0.4768899734841885,-0.22127262043276563,-0.008910653441045866,0.0027085988983108584,-0.1333699160638301,-0.11088214743612193,-0.15845771476484105,-0.10711394813216879,-0.37577673745324786,-0.11608014661131222,-0.3811374359635985,-0.3617637938919386,BENIGN
-0.43379154244950474,-0.3231466616670877,-0.00035465139118904865,-0.001488098171705952,0.10408242826544964,-0.004572807937107986,1.3931849875999578,-0.3158555467343715,0.5517444946771706,1.0781341065092527,0.2855389814251859,-0.6089112490599635,0.5962682872749552,0.34611591422768573,-0.0530280279345194,-0.23336386079739213,-0.2502838863190836,-0.25100792601898403,-0.20456688823692848,-0.05653723190528874,-0.31409469389561834,-0.23369526274463504,-0.19656675764083376,-0.19784707330666773,-0.1253566319409581,-0.3631370616146292,-0.2142963773668608,-0.24932476287250718,-0.28864907054104233,-0.12344969147807697,-0.22618155779982402,0.0,-0.005633559196716718,0.0,0.001318365404184602,0.0017981920858820566,-0.21140744577222723,-0.17070813314630418,-0.6579074030071375,0.23247944394111683,0.7311742933313374,0.4134084968415141,-0.10461591775813502,-0.18209795288295783,-0.22618155779982402,-0.01649879159194664,1.536267778289156,-0.6732151073629691,-0.3359068273836544,-0.005633559196716718,-0.016534838152822313,0.4306017525750411,0.6719598193903973,0.5517444946771706,0.5962682872749191,0.001318365404184602,0.0,0.0,0.0,0.0,0.0,0.0,-0.00035465139118904865,0.10422458090977477,-0.001488098171705952,-0.004572710862971802,0.06346000885382465,0.03342237520688375,0.004434247217020347,0.0026981619193090496,0.10132165171434315,-0.11088214743612193,-0.010009566886659467,0.1565672949121351,-0.1727393138181625,-0.11608014661131222,-0.18419709482700955,-0.1565230731592749,BENIGN
-0.43379154244950474,-0.18495653518285843,-0.0053897718412306206,-0.004326529305586797,0.041371492705021606,-0.007361176028704704,0.37781614010158554,-0.3158555467343715,0.570153869970878,0.5743438584619266,-0.33800560849121186,-0.6089112490599635,-0.42759286681797876,-0.30239160518666436,-0.0530865504070566,-0.2333764508984249,-0.12951669941580343,-0.04829012011380574,-0.013519369634446799,-0.05653623665045696,-0.45864811729978355,-0.28899511058878974,-0.3588561143705176,-0.39089883284007965,-0.12533720481210822,-0.03489895381102115,-0.03745768086561397,0.3634234475486359,0.2618553804203424,-0.12346037668046682,-0.22618155779982402,0.0,-0.005633559196716718,0.0,0.0013147795068799706,0.0017592031762735864,-0.2114143028392431,-0.1707402734735698,-0.6579074030071375,-0.2576953191816436,-0.25312330000183636,-0.22493891224363863,-0.2953213214903098,-0.18209795288295783,-0.22618155779982402,-0.01649879159194664,1.536267778289156,-0.6732151073629691,-0.3359068273836544,-0.005633559196716718,-0.016534838152822313,0.4306017525750411,-0.2717697944800366,0.570153869970878,-0.427592866817982,0.0013147795068799706,0.0,0.0,0.0,0.0,0.0,0.0,-0.0053897718412306206,0.041428667131997846,-0.004326529305586797,-0.007361116864709431,0.06346000885382465,-0.2460361901803954,-0.0014968197421201918,0.0026981619193090496,0.04553341653815136,-0.11088214743612193,-0.04529698800579309,0.09388796076404946,0.024744986317080962,-0.11608014661131222,0.007356879516440657,0.04310426335574105,BENIGN
-0.43379154244950474,-0.4708948255797618,-0.007907332066251407,-0.010949535284642103,-0.05505601513714256,-0.007565914885138679,-0.2673661484130053,-0.3158555467343715,-0.2876718815622935,-0.21161141679777967,-0.4783154060648466,-0.6089112490599635,-0.5384795411297775,-0.4273802294383181,-0.05150823971174519,-0.20473292326636594,-0.30874487169837783,-0.3876019408877544,-0.400964146153401,-0.056521639579590895,-0.46212174793347816,-0.2914250406741555,-0.36169541709765846,-0.39362594037952087,-0.1253516647773317,-0.3675332702981718,-0.21586833477287287,-0.2516745753495165,-0.29061496530288927,-0.12346083136993022,-0.22618155779982402,0.0,-0.005633559196716718,0.0,0.001314600212014739,0.0016604312719321283,-0.18137831902265092,-0.1707584879374633,-0.6579074030071375,-0.48770040033924666,-0.5806541016608868,-0.48000733030933107,-0.31420376702322456,-0.18209795288295783,-0.22618155779982402,-0.01649879159194664,-0.6509281872159266,1.4854093276621052,-0.3359068273836544,-0.005633559196716718,-0.016534838152822313,-1.0068823215381135,-0.5938753004882661,-0.2876718815622935,-0.5384795411297773,0.001314600212014739,0.0,0.0,0.0,0.0,0.0,0.0,-0.007907332066251407,-0.05512950751726457,-0.010949535284642103,-0.007565858504735328,3.9916153127595915,-0.24984597014156923,-0.007427886701260731,0.0027085988983108584,-0.1333699160638301,-0.11088214743612193,-0.15845771476484105,-0.10711394813216879,-0.37577673745324786,-0.11608014661131222,-0.3811374359635985,-0.3617637938919386,BENIGN
-0.43379154244950474,-0.03630625620281897,-0.00035465139118904865,-0.004326529305586797,0.022671545052966265,-0.005624440108037689,0.3526963378848289,-0.3158555467343715,0.1109422307000655,0.28789991618157895,0.9130083209240629,-0.6089112490599635,0.5130242380870309,0.7248185715161116,-0.05307876909768947,-0.23337733970000324,-0.10444036571982934,-0.0649855016374711,-0.011756887291499686,-0.05651998082153793,-0.026712847140508627,-0.12158816694824827,-0.01198651932418496,-0.005644168103856629,-0.12532837429899465,-0.03209186933730007,-0.03595208221957362,0.36490768949669533,0.26373890714167025,-0.12343525508761408,-0.22618155779982402,0.0,-0.005633559196716718,0.0,0.0013235649552763174,0.00181118838908488,-0.21141400513943312,-0.17074650341954425,-0.6579074030071375,0.8353001382045886,0.36231510865082345,0.5322236755450784,-0.04649192529333581,-0.18209795288295783,-0.22618155779982402,-0.01649879159194664,1.536267778289156,-0.6732151073629691,-0.3359068273836544,-0.005633559196716718,-0.016534838152822313,-1.0068823215381135,0.3229036505156589,0.1109422307000655,0.5130242380869976,0.0013235649552763174,0.0,0.0,0.0,0.0,0.0,0.0,-0.00035465139118904865,0.022703379589829424,-0.004326529305586797,-0.005624357331699527,1.5025665541069915,-0.20973122819744497,-0.004462353221690461,0.0027085988983108584,0.07460644597982825,-0.11088214743612193,-0.026907586909354724,0.12655216176121012,0.026566850293874393,-0.11608014661131222,0.009124034096470305,0.04494589761694996,BENIGN
-0.4543040427526191,-0.47090711527974194,-0.010424892291272192,-0.009057247862054873,-0.05175046883501157,-0.007458333164242619,-0.26339986385246483,0.2104747493788199,-0.16110742641805506,-0.26045248447044883,-0.41502881904736805,1.211073710406185,-0.3345474293100359,-0.4273802294383181,-0.005754220676449336,-0.15627431137255074,-0.3087756911102647,-0.38762464249677253,-0.40097851231166354,-0.05653723190528874,-0.46214131207637843,-0.29144786991812754,-0.36172491824818215,-0.3936482173722863,-0.12535685270378594,-0.3675316493504579,-0.21586311833559166,-0.2516745753495165,-0.2906122583719802,-0.12345526142400359,-0.22618155779982402,0.0,-0.005633559196716718,0.0,0.001311731494171034,0.0017020194421811634,-0.17099372030142013,0.03405427493187648,0.5928670076241032,-0.44056821157744275,-0.3764802220131149,-0.4192408323087823,-0.3126750979384595,-0.18209795288295783,-0.22618155779982402,-0.01649879159194664,-0.6509281872159266,-0.6732151073629691,-0.3359068273836544,-0.005633559196716718,-0.016534838152822313,0.4306017525750411,-0.3587110076103847,-0.16110742641805506,-0.3345474293100422,0.001311731494171034,0.0,0.0,0.0,0.0,0.0,0.0,-0.010424892291272192,-0.05181948194162874,-0.009057247862054873,-0.007458275321177932,-0.49778332346049353,-0.24984597014156923,-0.007427886701260731,0.0027085988983108584,-0.1333699160638301,-0.11088214743612193,-0.15845771476484105,-0.10711394813216879,-0.37577673745324786,-0.11608014661131222,-0.3811374359635985,-0.3617637938919386,BENIGN
-0.43379154244950474,2.8229267304560643,0.017268270183956453,0.007027195229936584,0.06347143083926883,-0.004390169201633279,0.3262544408145588,-0.3158555467343715,-0.05116254619174695,0.18755836875064466,0.7834915847022462,-0.6089112490599635,0.09519935065394529,0.4068854728169309,-0.053089420517744734,-0.2333809899888727,0.2812137832709431,0.13745684055051938,-0.01165975025934477,-0.056536568402067555,2.8364641484855553,0.21229627059427644,0.1319027705638016,-0.0016663277319230241,-0.1253566319409581,3.304409510212814,0.4395658374949949,0.5051661189654382,0.26734426289512436,-0.12345514775163774,-0.22618155779982402,0.0,-0.005633559196716718,0.0,0.001343645980182253,0.0020607174105790895,-0.21141631418179488,-0.1707541958226904,-0.6579074030071375,0.7108711598734263,0.03649357492095528,0.281275237526667,-0.16091472462686351,-0.18209795288295783,-0.22618155779982402,-0.01649879159194664,1.536267778289156,-0.6732151073629691,-0.3359068273836544,-0.005633559196716718,-0.016534838152822313,-1.0068823215381135,-0.01580024118248779,-0.05116254619174695,0.09519935065392526,0.001343645980182253,0.0,0.0,0.0,0.0,0.0,0.0,0.017268270183956453,0.06355855240910598,0.007027195229936584,-0.004390069644374362,1.5025665541069915,-0.23516711205587013,-0.0014968197421201918,0.0027085988983108584,-0.04215352284674701,0.10068144783420202,0.15704169450865746,-0.04633755771797574,0.010903166488624142,0.16922986318231026,0.009221428633187204,-0.15053070363618382,BENIGN
-0.4543040427526191,-0.47090876147512034,-0.010424892291272192,-0.009057247862054873,-0.05193935719513334,-0.007516710842248233,-0.2647219587059783,0.19402692762528267,-0.16622114177741823,-0.26045248447044883,-0.44937037789406187,0.22348497271137574,-0.44520826518121354,-0.4273802294383181,-0.01887844443444079,-0.1336869709060877,-0.3087798193455734,-0.38762411068025726,-0.40097894057112393,-0.05653723190528874,-0.46214131207637843,-0.29144786991812754,-0.36172491824818215,-0.3936482173722863,-0.12535685270378594,-0.3675332041370406,-0.21586812185706547,-0.2516745753495165,-0.2906148548159134,-0.12346060402519853,-0.22618155779982402,0.0,-0.005633559196716718,0.0,0.001311731494171034,0.0017020194421811634,-0.15915244501134643,0.09404993271560627,0.5537803072918769,-0.4735607437107055,-0.4663167290581346,-0.47642573294583107,-0.31416518317365616,-0.18209795288295783,-0.22618155779982402,-0.01649879159194664,-0.6509281872159266,-0.6732151073629691,-0.3359068273836544,-0.005633559196716718,-0.016534838152822313,0.4306017525750411,-0.4621832964766525,-0.16622114177741823,-0.44520826518121626,0.001311731494171034,0.0,0.0,0.0,0.0,0.0,0.0,-0.010424892291272192,-0.0520086262602365,-0.009057247862054873,-0.007516653792875744,-0.49778332346049353,-0.24984597014156923,-0.007427886701260731,0.0027085988983108584,-0.1333699160638301,-0.11088214743612193,-0.15845771476484105,-0.10711394813216879,-0.37577673745324786,-0.11608014661131222,-0.3811374359635985,-0.3617637938919386,BENIGN
-0.45062231192898317,-0.4709102373744251,-0.010424892291272192,-0.009057247862054873,-0.04872825507306323,-0.0075258844773634015,-0.2422463461962487,0.47363989743541557,-0.07928798066824437,-0.26045248447044883,-0.4547669085699709,0.0682924567879057,-0.46259782510382713,-0.4273802294383181,-0.0035993771473216054,-0.09817886080444833,-0.30878352052205704,-0.38763182002317087,-0.4009827949062676,-0.056536568402067555,-0.46214000400868455,-0.29144327744630877,-0.36172491824818215,-0.3936464321080577,-0.12535177515874563,-0.36753317105647504,-0.21586801539916178,-0.2516745753495165,-0.2906147995724255,-0.12346049035283267,-0.22618155779982402,0.0,-0.005633559196716718,0.0,0.001311731494171034,0.0017020194421811634,-0.1405375351262094,0.18836526073435886,1.2182542129397236,-0.47874528447450393,-0.4480981367203334,-0.4996311998694753,-0.3143006297619917,-0.18209795288295783,-0.22618155779982402,-0.01649879159194664,-0.6509281872159266,-0.6732151073629691,-0.3359068273836544,-0.005633559196716718,-0.016534838152822313,0.4306017525750411,-0.44119940572754923,-0.07928798066824437,-0.46259782510382935,0.001311731494171034,0.0,0.0,0.0,0.0,0.0,0.0,-0.010424892291272192,-0.04879317284390455,-0.009057247862054873,-0.0075258275527139715,-0.49778332346049353,-0.24984597014156923,-0.007427886701260731,0.0027085988983108584,-0.1333699160638301,-0.11088214743612193,-0.15845771476484105,-0.10711394813216879,-0.37577673745324786,-0.11608014661131222,-0.3811374359635985,-0.3617637938919386,BENIGN
-0.4543040427526191,2.7343691391866036,-0.010424892291272192,-0.009057247862054873,-0.045611597131054005,-0.007452078413027732,-0.20126140573733003,0.5065355409424901,0.0050883227612479,-0.19138078418183196,-0.37676251061819493,0.32224384648085663,-0.32269091118098114,-0.3142180444116125,-0.05309217280823286,-0.2333826437211582,7.7199119998525445,7.322178591953546,3.998406106236182,-0.04792695060397299,2.7511553858390503,10.990058889434247,-0.36172491824818215,3.9918921314316256,12.34774280984654,3.3705706413931917,11.813874783157697,-0.2516745753495165,5.951899171962016,12.721516509630524,-0.22618155779982402,0.0,-0.005633559196716718,0.0,0.0013111936095753394,0.0016942216602594692,-0.2114172926052997,-0.17075802365326387,1.2964276136041761,-0.4038051043432357,-0.29669535211998543,-0.4041886025025523,-0.31200938256381705,-0.18209795288295783,-0.22618155779982402,-0.01649879159194664,-0.6509281872159266,-0.6732151073629691,-0.3359068273836544,-0.005633559196716718,-0.016534838152822313,0.4306017525750411,-0.266816037778105,0.0050883227612479,-0.3226909111809878,0.0013111936095753394,0.0,0.0,0.0,0.0,0.0,0.0,-0.010424892291272192,-0.04567229158687648,-0.009057247862054873,-0.007452020484924595,-0.49778332346049353,-0.24984597014156923,-0.007427886701260731,0.0026981619193090496,-0.09557046311794404,-0.11088214743612193,-0.13454863769936704,-0.06464541450088566,4.171840434573654,-0.11608014661131222,4.0299177339800805,4.235202663289569,BENIGN
-0.4528839465777881,0.9530999672977882,0.30678769606134687,0.3817001049022082,1.0795963641143367,0.23295303738189116,0.7281712762826645,-0.3158555467343715,-0.08228775855939344,0.3138041081475928,0.9542181915400956,-0.6089112490599635,1.6587646852857785,-0.024571355339012217,-0.05265059550099235,-0.23331701525680248,-0.2927562071816907,-0.2919715662647464,-0.01165975025934477,-0.05653756365689933,0.7975847212340891,-0.2739586859954285,-0.23758765390391665,-0.005547336924501788,-0.12535685270378594,1.2931111223293188,-0.20297077768613841,-0.09678646141917736,0.2618199141010846,-0.12346071769756438,-0.22618155779982402,0.0,-0.005633559196716718,0.0,0.001561668536303839,0.00706169488302554,-0.21139118924190806,-0.17054164059620705,-0.6579074030071375,0.8748911767645039,2.1618113250265436,0.5857700103446942,-0.017975795270192847,-0.18209795288295783,-0.22618155779982402,-0.01649879159194664,1.536267778289156,-0.6732151073629691,-0.3359068273836544,-0.005633559196716718,-0.016534838152822313,0.4306017525750411,1.9327134221092293,-0.08228775855939344,1.6587646852857085,0.001561668536303839,0.0,0.0,0.0,0.0,0.0,0.0,0.30678769606134687,1.0810604143595608,0.3817001049022082,0.2329563638138345,1.5025665541069915,-0.2440192478480093,0.2995048284342622,0.0026981619193090496,1.428904921355599,4.966547820981778,3.7523902300897585,-0.0825360308262353,0.02666726007125676,-0.11447087983009378,0.009221428633187204,0.04504739700907976,BENIGN
-0.4543040427526191,-0.4678303193521471,-0.010424892291272192,-0.009057247862054873,-0.04986158523379386,-0.007449993495956103,-0.2501789153173298,0.3749529669141922,-0.10997027282442338,-0.26045248447044883,-0.4101228820692689,1.3521578157911578,-0.31873873847129625,-0.4273802294383181,-0.052966925221285814,-0.2332011529739118,-0.30105987696399134,-0.38021982180562774,-0.3967564190895906,-0.05653623665045696,-0.4621412267676158,-0.29144757040909586,-0.36172491824818215,-0.3936481009420105,-0.1253565215595442,-0.3675331379759095,-0.21586790894125807,-0.2516745753495165,-0.2906147443289375,-0.12346037668046682,-0.22618155779982402,0.0,-0.005633559196716718,0.0,0.0013128072633624235,0.001712416484743422,-0.21132214718948616,-0.17027595464743417,0.9837340109463659,-0.4358549927012624,-0.34506885591345765,-0.41924083231180853,-0.3126750979384595,-0.18209795288295783,-0.22618155779982402,-0.01649879159194664,-0.6509281872159266,-0.6732151073629691,-0.3359068273836544,-0.005633559196716718,-0.016534838152822313,0.4306017525750411,-0.32253188562917223,-0.10997027282442338,-0.318738738471303,0.0013128072633624235,0.0,0.0,0.0,0.0,0.0,0.0,-0.010424892291272192,-0.04992803875555112,-0.009057247862054873,-0.0074499355395068155,-0.49778332346049353,-0.24984597014156923,-0.007427886701260731,0.0027190358773126672,-0.1333699160638301,-0.11088214743612193,-0.15845771476484105,-0.10711394813216879,-0.37577673745324786,-0.11608014661131222,-0.3811374359635985,-0.3617637938919386,BENIGN
